reporter,partner,cn8,year,reported_months,coverage,net_weight_kg,trade_value_eur,source_observations,limitation
DE,PL,10051013,2025,5,PARTIAL_REPORTED_MONTHS_ONLY,384928.0,1705138,"[""COMEXT-CNV1-DE-PL-10051013-2025-01"", ""COMEXT-CNV1-DE-PL-10051013-2025-02"", ""COMEXT-CNV1-DE-PL-10051013-2025-03"", ""COMEXT-CNV1-DE-PL-10051013-2025-04"", ""COMEXT-CNV1-DE-PL-10051013-2025-12""]","Sum of reported same-code bilateral months only; no zero filling, annualization or species allocation."
DE,PL,10051013,2026,5,PARTIAL_REPORTED_MONTHS_ONLY,599429.0,2598567,"[""COMEXT-CNV1-DE-PL-10051013-2026-01"", ""COMEXT-CNV1-DE-PL-10051013-2026-02"", ""COMEXT-CNV1-DE-PL-10051013-2026-03"", ""COMEXT-CNV1-DE-PL-10051013-2026-04"", ""COMEXT-CNV1-DE-PL-10051013-2026-06""]","Sum of reported same-code bilateral months only; no zero filling, annualization or species allocation."
DE,PL,10051015,2025,12,COMPLETE_12_REPORTED_MONTHS,1811967.0,8338040,"[""COMEXT-CNV1-DE-PL-10051015-2025-01"", ""COMEXT-CNV1-DE-PL-10051015-2025-02"", ""COMEXT-CNV1-DE-PL-10051015-2025-03"", ""COMEXT-CNV1-DE-PL-10051015-2025-04"", ""COMEXT-CNV1-DE-PL-10051015-2025-05"", ""COMEXT-CNV1-DE-PL-10051015-2025-06"", ""COMEXT-CNV1-DE-PL-10051015-2025-07"", ""COMEXT-CNV1-DE-PL-10051015-2025-08"", ""COMEXT-CNV1-DE-PL-10051015-2025-09"", ""COMEXT-CNV1-DE-PL-10051015-2025-10"", ""COMEXT-CNV1-DE-PL-10051015-2025-11"", ""COMEXT-CNV1-DE-PL-10051015-2025-12""]","Sum of reported same-code bilateral months only; no zero filling, annualization or species allocation."
DE,PL,10051015,2026,6,PARTIAL_REPORTED_MONTHS_ONLY,1734363.0,7820272,"[""COMEXT-CNV1-DE-PL-10051015-2026-01"", ""COMEXT-CNV1-DE-PL-10051015-2026-02"", ""COMEXT-CNV1-DE-PL-10051015-2026-03"", ""COMEXT-CNV1-DE-PL-10051015-2026-04"", ""COMEXT-CNV1-DE-PL-10051015-2026-05"", ""COMEXT-CNV1-DE-PL-10051015-2026-06""]","Sum of reported same-code bilateral months only; no zero filling, annualization or species allocation."
DE,PL,10051018,2025,5,PARTIAL_REPORTED_MONTHS_ONLY,19562.0,98420,"[""COMEXT-CNV1-DE-PL-10051018-2025-01"", ""COMEXT-CNV1-DE-PL-10051018-2025-02"", ""COMEXT-CNV1-DE-PL-10051018-2025-03"", ""COMEXT-CNV1-DE-PL-10051018-2025-04"", ""COMEXT-CNV1-DE-PL-10051018-2025-05""]","Sum of reported same-code bilateral months only; no zero filling, annualization or species allocation."
DE,PL,10051018,2026,5,PARTIAL_REPORTED_MONTHS_ONLY,102959.0,484922,"[""COMEXT-CNV1-DE-PL-10051018-2026-01"", ""COMEXT-CNV1-DE-PL-10051018-2026-02"", ""COMEXT-CNV1-DE-PL-10051018-2026-03"", ""COMEXT-CNV1-DE-PL-10051018-2026-04"", ""COMEXT-CNV1-DE-PL-10051018-2026-06""]","Sum of reported same-code bilateral months only; no zero filling, annualization or species allocation."
DE,PL,10051090,2025,9,PARTIAL_REPORTED_MONTHS_ONLY,34054.0,151921,"[""COMEXT-CNV1-DE-PL-10051090-2025-01"", ""COMEXT-CNV1-DE-PL-10051090-2025-02"", ""COMEXT-CNV1-DE-PL-10051090-2025-03"", ""COMEXT-CNV1-DE-PL-10051090-2025-04"", ""COMEXT-CNV1-DE-PL-10051090-2025-05"", ""COMEXT-CNV1-DE-PL-10051090-2025-06"", ""COMEXT-CNV1-DE-PL-10051090-2025-09"", ""COMEXT-CNV1-DE-PL-10051090-2025-11"", ""COMEXT-CNV1-DE-PL-10051090-2025-12""]","Sum of reported same-code bilateral months only; no zero filling, annualization or species allocation."
DE,PL,10051090,2026,6,PARTIAL_REPORTED_MONTHS_ONLY,5957.0,26060,"[""COMEXT-CNV1-DE-PL-10051090-2026-01"", ""COMEXT-CNV1-DE-PL-10051090-2026-02"", ""COMEXT-CNV1-DE-PL-10051090-2026-03"", ""COMEXT-CNV1-DE-PL-10051090-2026-04"", ""COMEXT-CNV1-DE-PL-10051090-2026-05"", ""COMEXT-CNV1-DE-PL-10051090-2026-06""]","Sum of reported same-code bilateral months only; no zero filling, annualization or species allocation."
DE,PL,12011000,2025,5,PARTIAL_REPORTED_MONTHS_ONLY,335665.0,339116,"[""COMEXT-CNV1-DE-PL-12011000-2025-02"", ""COMEXT-CNV1-DE-PL-12011000-2025-03"", ""COMEXT-CNV1-DE-PL-12011000-2025-04"", ""COMEXT-CNV1-DE-PL-12011000-2025-05"", ""COMEXT-CNV1-DE-PL-12011000-2025-09""]","Sum of reported same-code bilateral months only; no zero filling, annualization or species allocation."
DE,PL,12011000,2026,5,PARTIAL_REPORTED_MONTHS_ONLY,108238.0,237584,"[""COMEXT-CNV1-DE-PL-12011000-2026-01"", ""COMEXT-CNV1-DE-PL-12011000-2026-02"", ""COMEXT-CNV1-DE-PL-12011000-2026-03"", ""COMEXT-CNV1-DE-PL-12011000-2026-04"", ""COMEXT-CNV1-DE-PL-12011000-2026-05""]","Sum of reported same-code bilateral months only; no zero filling, annualization or species allocation."
DE,PL,12092280,2025,11,PARTIAL_REPORTED_MONTHS_ONLY,120972.0,674428,"[""COMEXT-CNV1-DE-PL-12092280-2025-01"", ""COMEXT-CNV1-DE-PL-12092280-2025-02"", ""COMEXT-CNV1-DE-PL-12092280-2025-03"", ""COMEXT-CNV1-DE-PL-12092280-2025-04"", ""COMEXT-CNV1-DE-PL-12092280-2025-05"", ""COMEXT-CNV1-DE-PL-12092280-2025-06"", ""COMEXT-CNV1-DE-PL-12092280-2025-07"", ""COMEXT-CNV1-DE-PL-12092280-2025-08"", ""COMEXT-CNV1-DE-PL-12092280-2025-09"", ""COMEXT-CNV1-DE-PL-12092280-2025-10"", ""COMEXT-CNV1-DE-PL-12092280-2025-12""]","Sum of reported same-code bilateral months only; no zero filling, annualization or species allocation."
DE,PL,12092280,2026,6,PARTIAL_REPORTED_MONTHS_ONLY,71616.0,315473,"[""COMEXT-CNV1-DE-PL-12092280-2026-01"", ""COMEXT-CNV1-DE-PL-12092280-2026-02"", ""COMEXT-CNV1-DE-PL-12092280-2026-03"", ""COMEXT-CNV1-DE-PL-12092280-2026-04"", ""COMEXT-CNV1-DE-PL-12092280-2026-05"", ""COMEXT-CNV1-DE-PL-12092280-2026-06""]","Sum of reported same-code bilateral months only; no zero filling, annualization or species allocation."
DE,PL,12092380,2025,12,COMPLETE_12_REPORTED_MONTHS,178833.0,402204,"[""COMEXT-CNV1-DE-PL-12092380-2025-01"", ""COMEXT-CNV1-DE-PL-12092380-2025-02"", ""COMEXT-CNV1-DE-PL-12092380-2025-03"", ""COMEXT-CNV1-DE-PL-12092380-2025-04"", ""COMEXT-CNV1-DE-PL-12092380-2025-05"", ""COMEXT-CNV1-DE-PL-12092380-2025-06"", ""COMEXT-CNV1-DE-PL-12092380-2025-07"", ""COMEXT-CNV1-DE-PL-12092380-2025-08"", ""COMEXT-CNV1-DE-PL-12092380-2025-09"", ""COMEXT-CNV1-DE-PL-12092380-2025-10"", ""COMEXT-CNV1-DE-PL-12092380-2025-11"", ""COMEXT-CNV1-DE-PL-12092380-2025-12""]","Sum of reported same-code bilateral months only; no zero filling, annualization or species allocation."
DE,PL,12092380,2026,6,PARTIAL_REPORTED_MONTHS_ONLY,85022.0,213557,"[""COMEXT-CNV1-DE-PL-12092380-2026-01"", ""COMEXT-CNV1-DE-PL-12092380-2026-02"", ""COMEXT-CNV1-DE-PL-12092380-2026-03"", ""COMEXT-CNV1-DE-PL-12092380-2026-04"", ""COMEXT-CNV1-DE-PL-12092380-2026-05"", ""COMEXT-CNV1-DE-PL-12092380-2026-06""]","Sum of reported same-code bilateral months only; no zero filling, annualization or species allocation."
DE,PL,12092945,2025,11,PARTIAL_REPORTED_MONTHS_ONLY,85762.0,240429,"[""COMEXT-CNV1-DE-PL-12092945-2025-01"", ""COMEXT-CNV1-DE-PL-12092945-2025-02"", ""COMEXT-CNV1-DE-PL-12092945-2025-03"", ""COMEXT-CNV1-DE-PL-12092945-2025-04"", ""COMEXT-CNV1-DE-PL-12092945-2025-05"", ""COMEXT-CNV1-DE-PL-12092945-2025-07"", ""COMEXT-CNV1-DE-PL-12092945-2025-08"", ""COMEXT-CNV1-DE-PL-12092945-2025-09"", ""COMEXT-CNV1-DE-PL-12092945-2025-10"", ""COMEXT-CNV1-DE-PL-12092945-2025-11"", ""COMEXT-CNV1-DE-PL-12092945-2025-12""]","Sum of reported same-code bilateral months only; no zero filling, annualization or species allocation."
DE,PL,12092945,2026,5,PARTIAL_REPORTED_MONTHS_ONLY,143729.0,424249,"[""COMEXT-CNV1-DE-PL-12092945-2026-01"", ""COMEXT-CNV1-DE-PL-12092945-2026-02"", ""COMEXT-CNV1-DE-PL-12092945-2026-03"", ""COMEXT-CNV1-DE-PL-12092945-2026-04"", ""COMEXT-CNV1-DE-PL-12092945-2026-05""]","Sum of reported same-code bilateral months only; no zero filling, annualization or species allocation."
DE,PL,12092980,2025,12,COMPLETE_12_REPORTED_MONTHS,1712113.0,5764393,"[""COMEXT-CNV1-DE-PL-12092980-2025-01"", ""COMEXT-CNV1-DE-PL-12092980-2025-02"", ""COMEXT-CNV1-DE-PL-12092980-2025-03"", ""COMEXT-CNV1-DE-PL-12092980-2025-04"", ""COMEXT-CNV1-DE-PL-12092980-2025-05"", ""COMEXT-CNV1-DE-PL-12092980-2025-06"", ""COMEXT-CNV1-DE-PL-12092980-2025-07"", ""COMEXT-CNV1-DE-PL-12092980-2025-08"", ""COMEXT-CNV1-DE-PL-12092980-2025-09"", ""COMEXT-CNV1-DE-PL-12092980-2025-10"", ""COMEXT-CNV1-DE-PL-12092980-2025-11"", ""COMEXT-CNV1-DE-PL-12092980-2025-12""]","Sum of reported same-code bilateral months only; no zero filling, annualization or species allocation."
DE,PL,12092980,2026,6,PARTIAL_REPORTED_MONTHS_ONLY,1053343.0,3685462,"[""COMEXT-CNV1-DE-PL-12092980-2026-01"", ""COMEXT-CNV1-DE-PL-12092980-2026-02"", ""COMEXT-CNV1-DE-PL-12092980-2026-03"", ""COMEXT-CNV1-DE-PL-12092980-2026-04"", ""COMEXT-CNV1-DE-PL-12092980-2026-05"", ""COMEXT-CNV1-DE-PL-12092980-2026-06""]","Sum of reported same-code bilateral months only; no zero filling, annualization or species allocation."
DE,PL,12099180,2025,12,COMPLETE_12_REPORTED_MONTHS,101628.0,1517789,"[""COMEXT-CNV1-DE-PL-12099180-2025-01"", ""COMEXT-CNV1-DE-PL-12099180-2025-02"", ""COMEXT-CNV1-DE-PL-12099180-2025-03"", ""COMEXT-CNV1-DE-PL-12099180-2025-04"", ""COMEXT-CNV1-DE-PL-12099180-2025-05"", ""COMEXT-CNV1-DE-PL-12099180-2025-06"", ""COMEXT-CNV1-DE-PL-12099180-2025-07"", ""COMEXT-CNV1-DE-PL-12099180-2025-08"", ""COMEXT-CNV1-DE-PL-12099180-2025-09"", ""COMEXT-CNV1-DE-PL-12099180-2025-10"", ""COMEXT-CNV1-DE-PL-12099180-2025-11"", ""COMEXT-CNV1-DE-PL-12099180-2025-12""]","Sum of reported same-code bilateral months only; no zero filling, annualization or species allocation."
DE,PL,12099180,2026,6,PARTIAL_REPORTED_MONTHS_ONLY,28479.0,997109,"[""COMEXT-CNV1-DE-PL-12099180-2026-01"", ""COMEXT-CNV1-DE-PL-12099180-2026-02"", ""COMEXT-CNV1-DE-PL-12099180-2026-03"", ""COMEXT-CNV1-DE-PL-12099180-2026-04"", ""COMEXT-CNV1-DE-PL-12099180-2026-05"", ""COMEXT-CNV1-DE-PL-12099180-2026-06""]","Sum of reported same-code bilateral months only; no zero filling, annualization or species allocation."
FR,PL,10051013,2025,9,PARTIAL_REPORTED_MONTHS_ONLY,3314994.0,14154644,"[""COMEXT-CNV1-FR-PL-10051013-2025-01"", ""COMEXT-CNV1-FR-PL-10051013-2025-02"", ""COMEXT-CNV1-FR-PL-10051013-2025-03"", ""COMEXT-CNV1-FR-PL-10051013-2025-04"", ""COMEXT-CNV1-FR-PL-10051013-2025-05"", ""COMEXT-CNV1-FR-PL-10051013-2025-06"", ""COMEXT-CNV1-FR-PL-10051013-2025-10"", ""COMEXT-CNV1-FR-PL-10051013-2025-11"", ""COMEXT-CNV1-FR-PL-10051013-2025-12""]","Sum of reported same-code bilateral months only; no zero filling, annualization or species allocation."
FR,PL,10051013,2026,6,PARTIAL_REPORTED_MONTHS_ONLY,2680402.0,11848827,"[""COMEXT-CNV1-FR-PL-10051013-2026-01"", ""COMEXT-CNV1-FR-PL-10051013-2026-02"", ""COMEXT-CNV1-FR-PL-10051013-2026-03"", ""COMEXT-CNV1-FR-PL-10051013-2026-04"", ""COMEXT-CNV1-FR-PL-10051013-2026-05"", ""COMEXT-CNV1-FR-PL-10051013-2026-06""]","Sum of reported same-code bilateral months only; no zero filling, annualization or species allocation."
FR,PL,10051015,2025,11,PARTIAL_REPORTED_MONTHS_ONLY,19206841.0,89664104,"[""COMEXT-CNV1-FR-PL-10051015-2025-01"", ""COMEXT-CNV1-FR-PL-10051015-2025-02"", ""COMEXT-CNV1-FR-PL-10051015-2025-03"", ""COMEXT-CNV1-FR-PL-10051015-2025-04"", ""COMEXT-CNV1-FR-PL-10051015-2025-05"", ""COMEXT-CNV1-FR-PL-10051015-2025-06"", ""COMEXT-CNV1-FR-PL-10051015-2025-07"", ""COMEXT-CNV1-FR-PL-10051015-2025-08"", ""COMEXT-CNV1-FR-PL-10051015-2025-10"", ""COMEXT-CNV1-FR-PL-10051015-2025-11"", ""COMEXT-CNV1-FR-PL-10051015-2025-12""]","Sum of reported same-code bilateral months only; no zero filling, annualization or species allocation."
FR,PL,10051015,2026,6,PARTIAL_REPORTED_MONTHS_ONLY,13352480.0,64511143,"[""COMEXT-CNV1-FR-PL-10051015-2026-01"", ""COMEXT-CNV1-FR-PL-10051015-2026-02"", ""COMEXT-CNV1-FR-PL-10051015-2026-03"", ""COMEXT-CNV1-FR-PL-10051015-2026-04"", ""COMEXT-CNV1-FR-PL-10051015-2026-05"", ""COMEXT-CNV1-FR-PL-10051015-2026-06""]","Sum of reported same-code bilateral months only; no zero filling, annualization or species allocation."
FR,PL,10051018,2025,2,PARTIAL_REPORTED_MONTHS_ONLY,77742.0,410439,"[""COMEXT-CNV1-FR-PL-10051018-2025-01"", ""COMEXT-CNV1-FR-PL-10051018-2025-12""]","Sum of reported same-code bilateral months only; no zero filling, annualization or species allocation."
FR,PL,10051018,2026,3,PARTIAL_REPORTED_MONTHS_ONLY,96645.0,510779,"[""COMEXT-CNV1-FR-PL-10051018-2026-01"", ""COMEXT-CNV1-FR-PL-10051018-2026-02"", ""COMEXT-CNV1-FR-PL-10051018-2026-04""]","Sum of reported same-code bilateral months only; no zero filling, annualization or species allocation."
FR,PL,10051090,2025,5,PARTIAL_REPORTED_MONTHS_ONLY,167614.0,327808,"[""COMEXT-CNV1-FR-PL-10051090-2025-02"", ""COMEXT-CNV1-FR-PL-10051090-2025-03"", ""COMEXT-CNV1-FR-PL-10051090-2025-04"", ""COMEXT-CNV1-FR-PL-10051090-2025-05"", ""COMEXT-CNV1-FR-PL-10051090-2025-06""]","Sum of reported same-code bilateral months only; no zero filling, annualization or species allocation."
FR,PL,10051090,2026,4,PARTIAL_REPORTED_MONTHS_ONLY,46691.0,203153,"[""COMEXT-CNV1-FR-PL-10051090-2026-03"", ""COMEXT-CNV1-FR-PL-10051090-2026-04"", ""COMEXT-CNV1-FR-PL-10051090-2026-05"", ""COMEXT-CNV1-FR-PL-10051090-2026-06""]","Sum of reported same-code bilateral months only; no zero filling, annualization or species allocation."
FR,PL,12011000,2025,4,PARTIAL_REPORTED_MONTHS_ONLY,54373.0,68184,"[""COMEXT-CNV1-FR-PL-12011000-2025-01"", ""COMEXT-CNV1-FR-PL-12011000-2025-03"", ""COMEXT-CNV1-FR-PL-12011000-2025-04"", ""COMEXT-CNV1-FR-PL-12011000-2025-05""]","Sum of reported same-code bilateral months only; no zero filling, annualization or species allocation."
FR,PL,12011000,2026,3,PARTIAL_REPORTED_MONTHS_ONLY,36005.0,43731,"[""COMEXT-CNV1-FR-PL-12011000-2026-02"", ""COMEXT-CNV1-FR-PL-12011000-2026-03"", ""COMEXT-CNV1-FR-PL-12011000-2026-04""]","Sum of reported same-code bilateral months only; no zero filling, annualization or species allocation."
FR,PL,12092280,2025,4,PARTIAL_REPORTED_MONTHS_ONLY,24138.0,20515,"[""COMEXT-CNV1-FR-PL-12092280-2025-04"", ""COMEXT-CNV1-FR-PL-12092280-2025-10"", ""COMEXT-CNV1-FR-PL-12092280-2025-11"", ""COMEXT-CNV1-FR-PL-12092280-2025-12""]","Sum of reported same-code bilateral months only; no zero filling, annualization or species allocation."
FR,PL,12092280,2026,2,PARTIAL_REPORTED_MONTHS_ONLY,3345.0,5331,"[""COMEXT-CNV1-FR-PL-12092280-2026-01"", ""COMEXT-CNV1-FR-PL-12092280-2026-02""]","Sum of reported same-code bilateral months only; no zero filling, annualization or species allocation."
FR,PL,12092380,2025,10,PARTIAL_REPORTED_MONTHS_ONLY,4955.0,32965,"[""COMEXT-CNV1-FR-PL-12092380-2025-01"", ""COMEXT-CNV1-FR-PL-12092380-2025-02"", ""COMEXT-CNV1-FR-PL-12092380-2025-03"", ""COMEXT-CNV1-FR-PL-12092380-2025-04"", ""COMEXT-CNV1-FR-PL-12092380-2025-05"", ""COMEXT-CNV1-FR-PL-12092380-2025-06"", ""COMEXT-CNV1-FR-PL-12092380-2025-07"", ""COMEXT-CNV1-FR-PL-12092380-2025-08"", ""COMEXT-CNV1-FR-PL-12092380-2025-09"", ""COMEXT-CNV1-FR-PL-12092380-2025-11""]","Sum of reported same-code bilateral months only; no zero filling, annualization or species allocation."
FR,PL,12092380,2026,6,PARTIAL_REPORTED_MONTHS_ONLY,4593.0,29761,"[""COMEXT-CNV1-FR-PL-12092380-2026-01"", ""COMEXT-CNV1-FR-PL-12092380-2026-02"", ""COMEXT-CNV1-FR-PL-12092380-2026-03"", ""COMEXT-CNV1-FR-PL-12092380-2026-04"", ""COMEXT-CNV1-FR-PL-12092380-2026-05"", ""COMEXT-CNV1-FR-PL-12092380-2026-06""]","Sum of reported same-code bilateral months only; no zero filling, annualization or species allocation."
FR,PL,12092945,2025,8,PARTIAL_REPORTED_MONTHS_ONLY,93779.0,50512,"[""COMEXT-CNV1-FR-PL-12092945-2025-01"", ""COMEXT-CNV1-FR-PL-12092945-2025-04"", ""COMEXT-CNV1-FR-PL-12092945-2025-06"", ""COMEXT-CNV1-FR-PL-12092945-2025-08"", ""COMEXT-CNV1-FR-PL-12092945-2025-09"", ""COMEXT-CNV1-FR-PL-12092945-2025-10"", ""COMEXT-CNV1-FR-PL-12092945-2025-11"", ""COMEXT-CNV1-FR-PL-12092945-2025-12""]","Sum of reported same-code bilateral months only; no zero filling, annualization or species allocation."
FR,PL,12092945,2026,5,PARTIAL_REPORTED_MONTHS_ONLY,39421.0,51621,"[""COMEXT-CNV1-FR-PL-12092945-2026-01"", ""COMEXT-CNV1-FR-PL-12092945-2026-02"", ""COMEXT-CNV1-FR-PL-12092945-2026-03"", ""COMEXT-CNV1-FR-PL-12092945-2026-04"", ""COMEXT-CNV1-FR-PL-12092945-2026-06""]","Sum of reported same-code bilateral months only; no zero filling, annualization or species allocation."
FR,PL,12092980,2025,11,PARTIAL_REPORTED_MONTHS_ONLY,171684.0,538339,"[""COMEXT-CNV1-FR-PL-12092980-2025-01"", ""COMEXT-CNV1-FR-PL-12092980-2025-02"", ""COMEXT-CNV1-FR-PL-12092980-2025-03"", ""COMEXT-CNV1-FR-PL-12092980-2025-04"", ""COMEXT-CNV1-FR-PL-12092980-2025-05"", ""COMEXT-CNV1-FR-PL-12092980-2025-06"", ""COMEXT-CNV1-FR-PL-12092980-2025-07"", ""COMEXT-CNV1-FR-PL-12092980-2025-08"", ""COMEXT-CNV1-FR-PL-12092980-2025-09"", ""COMEXT-CNV1-FR-PL-12092980-2025-10"", ""COMEXT-CNV1-FR-PL-12092980-2025-11""]","Sum of reported same-code bilateral months only; no zero filling, annualization or species allocation."
FR,PL,12092980,2026,5,PARTIAL_REPORTED_MONTHS_ONLY,36292.0,116970,"[""COMEXT-CNV1-FR-PL-12092980-2026-01"", ""COMEXT-CNV1-FR-PL-12092980-2026-02"", ""COMEXT-CNV1-FR-PL-12092980-2026-03"", ""COMEXT-CNV1-FR-PL-12092980-2026-04"", ""COMEXT-CNV1-FR-PL-12092980-2026-05""]","Sum of reported same-code bilateral months only; no zero filling, annualization or species allocation."
FR,PL,12099180,2025,12,COMPLETE_12_REPORTED_MONTHS,183169.0,7746685,"[""COMEXT-CNV1-FR-PL-12099180-2025-01"", ""COMEXT-CNV1-FR-PL-12099180-2025-02"", ""COMEXT-CNV1-FR-PL-12099180-2025-03"", ""COMEXT-CNV1-FR-PL-12099180-2025-04"", ""COMEXT-CNV1-FR-PL-12099180-2025-05"", ""COMEXT-CNV1-FR-PL-12099180-2025-06"", ""COMEXT-CNV1-FR-PL-12099180-2025-07"", ""COMEXT-CNV1-FR-PL-12099180-2025-08"", ""COMEXT-CNV1-FR-PL-12099180-2025-09"", ""COMEXT-CNV1-FR-PL-12099180-2025-10"", ""COMEXT-CNV1-FR-PL-12099180-2025-11"", ""COMEXT-CNV1-FR-PL-12099180-2025-12""]","Sum of reported same-code bilateral months only; no zero filling, annualization or species allocation."
FR,PL,12099180,2026,6,PARTIAL_REPORTED_MONTHS_ONLY,32633.0,4804094,"[""COMEXT-CNV1-FR-PL-12099180-2026-01"", ""COMEXT-CNV1-FR-PL-12099180-2026-02"", ""COMEXT-CNV1-FR-PL-12099180-2026-03"", ""COMEXT-CNV1-FR-PL-12099180-2026-04"", ""COMEXT-CNV1-FR-PL-12099180-2026-05"", ""COMEXT-CNV1-FR-PL-12099180-2026-06""]","Sum of reported same-code bilateral months only; no zero filling, annualization or species allocation."
NL,PL,10051015,2025,2,PARTIAL_REPORTED_MONTHS_ONLY,257.0,4571,"[""COMEXT-CNV1-NL-PL-10051015-2025-01"", ""COMEXT-CNV1-NL-PL-10051015-2025-06""]","Sum of reported same-code bilateral months only; no zero filling, annualization or species allocation."
NL,PL,10051015,2026,1,PARTIAL_REPORTED_MONTHS_ONLY,160.0,2152,"[""COMEXT-CNV1-NL-PL-10051015-2026-01""]","Sum of reported same-code bilateral months only; no zero filling, annualization or species allocation."
NL,PL,10051018,2025,1,PARTIAL_REPORTED_MONTHS_ONLY,47.0,131,"[""COMEXT-CNV1-NL-PL-10051018-2025-12""]","Sum of reported same-code bilateral months only; no zero filling, annualization or species allocation."
NL,PL,10051018,2026,2,PARTIAL_REPORTED_MONTHS_ONLY,172133.0,1407604,"[""COMEXT-CNV1-NL-PL-10051018-2026-03"", ""COMEXT-CNV1-NL-PL-10051018-2026-06""]","Sum of reported same-code bilateral months only; no zero filling, annualization or species allocation."
NL,PL,10051090,2025,2,PARTIAL_REPORTED_MONTHS_ONLY,40.0,130,"[""COMEXT-CNV1-NL-PL-10051090-2025-01"", ""COMEXT-CNV1-NL-PL-10051090-2025-08""]","Sum of reported same-code bilateral months only; no zero filling, annualization or species allocation."
NL,PL,12092280,2025,12,COMPLETE_12_REPORTED_MONTHS,49006.0,191009,"[""COMEXT-CNV1-NL-PL-12092280-2025-01"", ""COMEXT-CNV1-NL-PL-12092280-2025-02"", ""COMEXT-CNV1-NL-PL-12092280-2025-03"", ""COMEXT-CNV1-NL-PL-12092280-2025-04"", ""COMEXT-CNV1-NL-PL-12092280-2025-05"", ""COMEXT-CNV1-NL-PL-12092280-2025-06"", ""COMEXT-CNV1-NL-PL-12092280-2025-07"", ""COMEXT-CNV1-NL-PL-12092280-2025-08"", ""COMEXT-CNV1-NL-PL-12092280-2025-09"", ""COMEXT-CNV1-NL-PL-12092280-2025-10"", ""COMEXT-CNV1-NL-PL-12092280-2025-11"", ""COMEXT-CNV1-NL-PL-12092280-2025-12""]","Sum of reported same-code bilateral months only; no zero filling, annualization or species allocation."
NL,PL,12092280,2026,4,PARTIAL_REPORTED_MONTHS_ONLY,30091.0,96223,"[""COMEXT-CNV1-NL-PL-12092280-2026-01"", ""COMEXT-CNV1-NL-PL-12092280-2026-03"", ""COMEXT-CNV1-NL-PL-12092280-2026-04"", ""COMEXT-CNV1-NL-PL-12092280-2026-06""]","Sum of reported same-code bilateral months only; no zero filling, annualization or species allocation."
NL,PL,12092380,2025,4,PARTIAL_REPORTED_MONTHS_ONLY,7703.0,18803,"[""COMEXT-CNV1-NL-PL-12092380-2025-01"", ""COMEXT-CNV1-NL-PL-12092380-2025-03"", ""COMEXT-CNV1-NL-PL-12092380-2025-05"", ""COMEXT-CNV1-NL-PL-12092380-2025-12""]","Sum of reported same-code bilateral months only; no zero filling, annualization or species allocation."
NL,PL,12092380,2026,4,PARTIAL_REPORTED_MONTHS_ONLY,29107.0,71580,"[""COMEXT-CNV1-NL-PL-12092380-2026-02"", ""COMEXT-CNV1-NL-PL-12092380-2026-03"", ""COMEXT-CNV1-NL-PL-12092380-2026-04"", ""COMEXT-CNV1-NL-PL-12092380-2026-05""]","Sum of reported same-code bilateral months only; no zero filling, annualization or species allocation."
NL,PL,12092945,2025,10,PARTIAL_REPORTED_MONTHS_ONLY,2665.0,7211,"[""COMEXT-CNV1-NL-PL-12092945-2025-01"", ""COMEXT-CNV1-NL-PL-12092945-2025-02"", ""COMEXT-CNV1-NL-PL-12092945-2025-03"", ""COMEXT-CNV1-NL-PL-12092945-2025-04"", ""COMEXT-CNV1-NL-PL-12092945-2025-05"", ""COMEXT-CNV1-NL-PL-12092945-2025-06"", ""COMEXT-CNV1-NL-PL-12092945-2025-07"", ""COMEXT-CNV1-NL-PL-12092945-2025-08"", ""COMEXT-CNV1-NL-PL-12092945-2025-09"", ""COMEXT-CNV1-NL-PL-12092945-2025-10""]","Sum of reported same-code bilateral months only; no zero filling, annualization or species allocation."
NL,PL,12092945,2026,3,PARTIAL_REPORTED_MONTHS_ONLY,3078.0,6607,"[""COMEXT-CNV1-NL-PL-12092945-2026-03"", ""COMEXT-CNV1-NL-PL-12092945-2026-05"", ""COMEXT-CNV1-NL-PL-12092945-2026-06""]","Sum of reported same-code bilateral months only; no zero filling, annualization or species allocation."
NL,PL,12092980,2025,12,COMPLETE_12_REPORTED_MONTHS,2349258.0,5706652,"[""COMEXT-CNV1-NL-PL-12092980-2025-01"", ""COMEXT-CNV1-NL-PL-12092980-2025-02"", ""COMEXT-CNV1-NL-PL-12092980-2025-03"", ""COMEXT-CNV1-NL-PL-12092980-2025-04"", ""COMEXT-CNV1-NL-PL-12092980-2025-05"", ""COMEXT-CNV1-NL-PL-12092980-2025-06"", ""COMEXT-CNV1-NL-PL-12092980-2025-07"", ""COMEXT-CNV1-NL-PL-12092980-2025-08"", ""COMEXT-CNV1-NL-PL-12092980-2025-09"", ""COMEXT-CNV1-NL-PL-12092980-2025-10"", ""COMEXT-CNV1-NL-PL-12092980-2025-11"", ""COMEXT-CNV1-NL-PL-12092980-2025-12""]","Sum of reported same-code bilateral months only; no zero filling, annualization or species allocation."
NL,PL,12092980,2026,6,PARTIAL_REPORTED_MONTHS_ONLY,1199130.0,3043311,"[""COMEXT-CNV1-NL-PL-12092980-2026-01"", ""COMEXT-CNV1-NL-PL-12092980-2026-02"", ""COMEXT-CNV1-NL-PL-12092980-2026-03"", ""COMEXT-CNV1-NL-PL-12092980-2026-04"", ""COMEXT-CNV1-NL-PL-12092980-2026-05"", ""COMEXT-CNV1-NL-PL-12092980-2026-06""]","Sum of reported same-code bilateral months only; no zero filling, annualization or species allocation."
NL,PL,12099180,2025,12,COMPLETE_12_REPORTED_MONTHS,424011.0,70439712,"[""COMEXT-CNV1-NL-PL-12099180-2025-01"", ""COMEXT-CNV1-NL-PL-12099180-2025-02"", ""COMEXT-CNV1-NL-PL-12099180-2025-03"", ""COMEXT-CNV1-NL-PL-12099180-2025-04"", ""COMEXT-CNV1-NL-PL-12099180-2025-05"", ""COMEXT-CNV1-NL-PL-12099180-2025-06"", ""COMEXT-CNV1-NL-PL-12099180-2025-07"", ""COMEXT-CNV1-NL-PL-12099180-2025-08"", ""COMEXT-CNV1-NL-PL-12099180-2025-09"", ""COMEXT-CNV1-NL-PL-12099180-2025-10"", ""COMEXT-CNV1-NL-PL-12099180-2025-11"", ""COMEXT-CNV1-NL-PL-12099180-2025-12""]","Sum of reported same-code bilateral months only; no zero filling, annualization or species allocation."
NL,PL,12099180,2026,6,PARTIAL_REPORTED_MONTHS_ONLY,223867.0,39965259,"[""COMEXT-CNV1-NL-PL-12099180-2026-01"", ""COMEXT-CNV1-NL-PL-12099180-2026-02"", ""COMEXT-CNV1-NL-PL-12099180-2026-03"", ""COMEXT-CNV1-NL-PL-12099180-2026-04"", ""COMEXT-CNV1-NL-PL-12099180-2026-05"", ""COMEXT-CNV1-NL-PL-12099180-2026-06""]","Sum of reported same-code bilateral months only; no zero filling, annualization or species allocation."
PL,DE,10051013,2025,4,PARTIAL_REPORTED_MONTHS_ONLY,95407.0,372996,"[""COMEXT-CNV1-PL-DE-10051013-2025-01"", ""COMEXT-CNV1-PL-DE-10051013-2025-02"", ""COMEXT-CNV1-PL-DE-10051013-2025-03"", ""COMEXT-CNV1-PL-DE-10051013-2025-04""]","Sum of reported same-code bilateral months only; no zero filling, annualization or species allocation."
PL,DE,10051013,2026,5,PARTIAL_REPORTED_MONTHS_ONLY,1168351.0,1724427,"[""COMEXT-CNV1-PL-DE-10051013-2026-01"", ""COMEXT-CNV1-PL-DE-10051013-2026-02"", ""COMEXT-CNV1-PL-DE-10051013-2026-03"", ""COMEXT-CNV1-PL-DE-10051013-2026-04"", ""COMEXT-CNV1-PL-DE-10051013-2026-06""]","Sum of reported same-code bilateral months only; no zero filling, annualization or species allocation."
PL,DE,10051015,2025,10,PARTIAL_REPORTED_MONTHS_ONLY,1345716.0,3935343,"[""COMEXT-CNV1-PL-DE-10051015-2025-01"", ""COMEXT-CNV1-PL-DE-10051015-2025-02"", ""COMEXT-CNV1-PL-DE-10051015-2025-03"", ""COMEXT-CNV1-PL-DE-10051015-2025-04"", ""COMEXT-CNV1-PL-DE-10051015-2025-05"", ""COMEXT-CNV1-PL-DE-10051015-2025-06"", ""COMEXT-CNV1-PL-DE-10051015-2025-07"", ""COMEXT-CNV1-PL-DE-10051015-2025-08"", ""COMEXT-CNV1-PL-DE-10051015-2025-11"", ""COMEXT-CNV1-PL-DE-10051015-2025-12""]","Sum of reported same-code bilateral months only; no zero filling, annualization or species allocation."
PL,DE,10051015,2026,5,PARTIAL_REPORTED_MONTHS_ONLY,635125.0,2259553,"[""COMEXT-CNV1-PL-DE-10051015-2026-01"", ""COMEXT-CNV1-PL-DE-10051015-2026-02"", ""COMEXT-CNV1-PL-DE-10051015-2026-03"", ""COMEXT-CNV1-PL-DE-10051015-2026-04"", ""COMEXT-CNV1-PL-DE-10051015-2026-06""]","Sum of reported same-code bilateral months only; no zero filling, annualization or species allocation."
PL,DE,10051018,2025,11,PARTIAL_REPORTED_MONTHS_ONLY,17397389.0,2651133,"[""COMEXT-CNV1-PL-DE-10051018-2025-01"", ""COMEXT-CNV1-PL-DE-10051018-2025-02"", ""COMEXT-CNV1-PL-DE-10051018-2025-03"", ""COMEXT-CNV1-PL-DE-10051018-2025-04"", ""COMEXT-CNV1-PL-DE-10051018-2025-05"", ""COMEXT-CNV1-PL-DE-10051018-2025-06"", ""COMEXT-CNV1-PL-DE-10051018-2025-07"", ""COMEXT-CNV1-PL-DE-10051018-2025-09"", ""COMEXT-CNV1-PL-DE-10051018-2025-10"", ""COMEXT-CNV1-PL-DE-10051018-2025-11"", ""COMEXT-CNV1-PL-DE-10051018-2025-12""]","Sum of reported same-code bilateral months only; no zero filling, annualization or species allocation."
PL,DE,10051018,2026,6,PARTIAL_REPORTED_MONTHS_ONLY,4581006.0,995007,"[""COMEXT-CNV1-PL-DE-10051018-2026-01"", ""COMEXT-CNV1-PL-DE-10051018-2026-02"", ""COMEXT-CNV1-PL-DE-10051018-2026-03"", ""COMEXT-CNV1-PL-DE-10051018-2026-04"", ""COMEXT-CNV1-PL-DE-10051018-2026-05"", ""COMEXT-CNV1-PL-DE-10051018-2026-06""]","Sum of reported same-code bilateral months only; no zero filling, annualization or species allocation."
PL,DE,10051090,2025,12,COMPLETE_12_REPORTED_MONTHS,226981135.0,51859760,"[""COMEXT-CNV1-PL-DE-10051090-2025-01"", ""COMEXT-CNV1-PL-DE-10051090-2025-02"", ""COMEXT-CNV1-PL-DE-10051090-2025-03"", ""COMEXT-CNV1-PL-DE-10051090-2025-04"", ""COMEXT-CNV1-PL-DE-10051090-2025-05"", ""COMEXT-CNV1-PL-DE-10051090-2025-06"", ""COMEXT-CNV1-PL-DE-10051090-2025-07"", ""COMEXT-CNV1-PL-DE-10051090-2025-08"", ""COMEXT-CNV1-PL-DE-10051090-2025-09"", ""COMEXT-CNV1-PL-DE-10051090-2025-10"", ""COMEXT-CNV1-PL-DE-10051090-2025-11"", ""COMEXT-CNV1-PL-DE-10051090-2025-12""]","Sum of reported same-code bilateral months only; no zero filling, annualization or species allocation."
PL,DE,10051090,2026,6,PARTIAL_REPORTED_MONTHS_ONLY,106911561.0,23683279,"[""COMEXT-CNV1-PL-DE-10051090-2026-01"", ""COMEXT-CNV1-PL-DE-10051090-2026-02"", ""COMEXT-CNV1-PL-DE-10051090-2026-03"", ""COMEXT-CNV1-PL-DE-10051090-2026-04"", ""COMEXT-CNV1-PL-DE-10051090-2026-05"", ""COMEXT-CNV1-PL-DE-10051090-2026-06""]","Sum of reported same-code bilateral months only; no zero filling, annualization or species allocation."
PL,DE,12011000,2025,8,PARTIAL_REPORTED_MONTHS_ONLY,5181267.0,2216972,"[""COMEXT-CNV1-PL-DE-12011000-2025-01"", ""COMEXT-CNV1-PL-DE-12011000-2025-02"", ""COMEXT-CNV1-PL-DE-12011000-2025-03"", ""COMEXT-CNV1-PL-DE-12011000-2025-08"", ""COMEXT-CNV1-PL-DE-12011000-2025-09"", ""COMEXT-CNV1-PL-DE-12011000-2025-10"", ""COMEXT-CNV1-PL-DE-12011000-2025-11"", ""COMEXT-CNV1-PL-DE-12011000-2025-12""]","Sum of reported same-code bilateral months only; no zero filling, annualization or species allocation."
PL,DE,12011000,2026,6,PARTIAL_REPORTED_MONTHS_ONLY,2480514.0,1305441,"[""COMEXT-CNV1-PL-DE-12011000-2026-01"", ""COMEXT-CNV1-PL-DE-12011000-2026-02"", ""COMEXT-CNV1-PL-DE-12011000-2026-03"", ""COMEXT-CNV1-PL-DE-12011000-2026-04"", ""COMEXT-CNV1-PL-DE-12011000-2026-05"", ""COMEXT-CNV1-PL-DE-12011000-2026-06""]","Sum of reported same-code bilateral months only; no zero filling, annualization or species allocation."
PL,DE,12092280,2025,2,PARTIAL_REPORTED_MONTHS_ONLY,24020.0,55249,"[""COMEXT-CNV1-PL-DE-12092280-2025-02"", ""COMEXT-CNV1-PL-DE-12092280-2025-08""]","Sum of reported same-code bilateral months only; no zero filling, annualization or species allocation."
PL,DE,12092280,2026,6,PARTIAL_REPORTED_MONTHS_ONLY,83854.0,402654,"[""COMEXT-CNV1-PL-DE-12092280-2026-01"", ""COMEXT-CNV1-PL-DE-12092280-2026-02"", ""COMEXT-CNV1-PL-DE-12092280-2026-03"", ""COMEXT-CNV1-PL-DE-12092280-2026-04"", ""COMEXT-CNV1-PL-DE-12092280-2026-05"", ""COMEXT-CNV1-PL-DE-12092280-2026-06""]","Sum of reported same-code bilateral months only; no zero filling, annualization or species allocation."
PL,DE,12092380,2025,9,PARTIAL_REPORTED_MONTHS_ONLY,16701.0,32540,"[""COMEXT-CNV1-PL-DE-12092380-2025-02"", ""COMEXT-CNV1-PL-DE-12092380-2025-03"", ""COMEXT-CNV1-PL-DE-12092380-2025-04"", ""COMEXT-CNV1-PL-DE-12092380-2025-05"", ""COMEXT-CNV1-PL-DE-12092380-2025-06"", ""COMEXT-CNV1-PL-DE-12092380-2025-07"", ""COMEXT-CNV1-PL-DE-12092380-2025-08"", ""COMEXT-CNV1-PL-DE-12092380-2025-09"", ""COMEXT-CNV1-PL-DE-12092380-2025-10""]","Sum of reported same-code bilateral months only; no zero filling, annualization or species allocation."
PL,DE,12092380,2026,6,PARTIAL_REPORTED_MONTHS_ONLY,5807.0,17186,"[""COMEXT-CNV1-PL-DE-12092380-2026-01"", ""COMEXT-CNV1-PL-DE-12092380-2026-02"", ""COMEXT-CNV1-PL-DE-12092380-2026-03"", ""COMEXT-CNV1-PL-DE-12092380-2026-04"", ""COMEXT-CNV1-PL-DE-12092380-2026-05"", ""COMEXT-CNV1-PL-DE-12092380-2026-06""]","Sum of reported same-code bilateral months only; no zero filling, annualization or species allocation."
PL,DE,12092945,2025,11,PARTIAL_REPORTED_MONTHS_ONLY,1607465.0,1789797,"[""COMEXT-CNV1-PL-DE-12092945-2025-01"", ""COMEXT-CNV1-PL-DE-12092945-2025-02"", ""COMEXT-CNV1-PL-DE-12092945-2025-03"", ""COMEXT-CNV1-PL-DE-12092945-2025-04"", ""COMEXT-CNV1-PL-DE-12092945-2025-05"", ""COMEXT-CNV1-PL-DE-12092945-2025-06"", ""COMEXT-CNV1-PL-DE-12092945-2025-07"", ""COMEXT-CNV1-PL-DE-12092945-2025-08"", ""COMEXT-CNV1-PL-DE-12092945-2025-09"", ""COMEXT-CNV1-PL-DE-12092945-2025-10"", ""COMEXT-CNV1-PL-DE-12092945-2025-12""]","Sum of reported same-code bilateral months only; no zero filling, annualization or species allocation."
PL,DE,12092945,2026,6,PARTIAL_REPORTED_MONTHS_ONLY,661645.0,863548,"[""COMEXT-CNV1-PL-DE-12092945-2026-01"", ""COMEXT-CNV1-PL-DE-12092945-2026-02"", ""COMEXT-CNV1-PL-DE-12092945-2026-03"", ""COMEXT-CNV1-PL-DE-12092945-2026-04"", ""COMEXT-CNV1-PL-DE-12092945-2026-05"", ""COMEXT-CNV1-PL-DE-12092945-2026-06""]","Sum of reported same-code bilateral months only; no zero filling, annualization or species allocation."
PL,DE,12092980,2025,12,COMPLETE_12_REPORTED_MONTHS,3411179.0,9647645,"[""COMEXT-CNV1-PL-DE-12092980-2025-01"", ""COMEXT-CNV1-PL-DE-12092980-2025-02"", ""COMEXT-CNV1-PL-DE-12092980-2025-03"", ""COMEXT-CNV1-PL-DE-12092980-2025-04"", ""COMEXT-CNV1-PL-DE-12092980-2025-05"", ""COMEXT-CNV1-PL-DE-12092980-2025-06"", ""COMEXT-CNV1-PL-DE-12092980-2025-07"", ""COMEXT-CNV1-PL-DE-12092980-2025-08"", ""COMEXT-CNV1-PL-DE-12092980-2025-09"", ""COMEXT-CNV1-PL-DE-12092980-2025-10"", ""COMEXT-CNV1-PL-DE-12092980-2025-11"", ""COMEXT-CNV1-PL-DE-12092980-2025-12""]","Sum of reported same-code bilateral months only; no zero filling, annualization or species allocation."
PL,DE,12092980,2026,6,PARTIAL_REPORTED_MONTHS_ONLY,1939545.0,5805030,"[""COMEXT-CNV1-PL-DE-12092980-2026-01"", ""COMEXT-CNV1-PL-DE-12092980-2026-02"", ""COMEXT-CNV1-PL-DE-12092980-2026-03"", ""COMEXT-CNV1-PL-DE-12092980-2026-04"", ""COMEXT-CNV1-PL-DE-12092980-2026-05"", ""COMEXT-CNV1-PL-DE-12092980-2026-06""]","Sum of reported same-code bilateral months only; no zero filling, annualization or species allocation."
PL,DE,12099180,2025,12,COMPLETE_12_REPORTED_MONTHS,773421.0,3209808,"[""COMEXT-CNV1-PL-DE-12099180-2025-01"", ""COMEXT-CNV1-PL-DE-12099180-2025-02"", ""COMEXT-CNV1-PL-DE-12099180-2025-03"", ""COMEXT-CNV1-PL-DE-12099180-2025-04"", ""COMEXT-CNV1-PL-DE-12099180-2025-05"", ""COMEXT-CNV1-PL-DE-12099180-2025-06"", ""COMEXT-CNV1-PL-DE-12099180-2025-07"", ""COMEXT-CNV1-PL-DE-12099180-2025-08"", ""COMEXT-CNV1-PL-DE-12099180-2025-09"", ""COMEXT-CNV1-PL-DE-12099180-2025-10"", ""COMEXT-CNV1-PL-DE-12099180-2025-11"", ""COMEXT-CNV1-PL-DE-12099180-2025-12""]","Sum of reported same-code bilateral months only; no zero filling, annualization or species allocation."
PL,DE,12099180,2026,6,PARTIAL_REPORTED_MONTHS_ONLY,1618404.0,6897417,"[""COMEXT-CNV1-PL-DE-12099180-2026-01"", ""COMEXT-CNV1-PL-DE-12099180-2026-02"", ""COMEXT-CNV1-PL-DE-12099180-2026-03"", ""COMEXT-CNV1-PL-DE-12099180-2026-04"", ""COMEXT-CNV1-PL-DE-12099180-2026-05"", ""COMEXT-CNV1-PL-DE-12099180-2026-06""]","Sum of reported same-code bilateral months only; no zero filling, annualization or species allocation."
