canonical_species_id,botanical_name,production,species_level_trade,useful_customs_group_available,state,commercial_interpretation_candidate,interpretation
browntop,Agrostis capillaris,true,false,true,PRODUCTION_ONLY,false,NOT_PERFORMED
onion,Allium cepa,false,false,true,NEITHER,false,NOT_PERFORMED
bunching-onion,Allium fistulosum,false,false,true,NEITHER,false,NOT_PERFORMED
leek,Allium porrum,false,false,true,NEITHER,false,NOT_PERFORMED
chives,Allium schoenoprasum,false,false,true,NEITHER,false,NOT_PERFORMED
meadow-foxtail,Alopecurus pratensis,true,false,true,PRODUCTION_ONLY,false,NOT_PERFORMED
dill,Anethum graveolens,false,false,false,NEITHER,false,NOT_PERFORMED
chervil,Anthriscus cerefolium,false,false,true,NEITHER,false,NOT_PERFORMED
celery,Apium graveolens,false,false,true,NEITHER,false,NOT_PERFORMED
tall-oatgrass,Arrhenatherum elatius,true,false,true,PRODUCTION_ONLY,false,NOT_PERFORMED
asparagus,Asparagus officinalis,false,false,true,NEITHER,false,NOT_PERFORMED
naked-oat,Avena nuda,true,false,false,PRODUCTION_ONLY,false,NOT_PERFORMED
oat,Avena sativa,true,false,false,PRODUCTION_ONLY,false,NOT_PERFORMED
black-oat,Avena strigosa,true,false,false,PRODUCTION_ONLY,false,NOT_PERFORMED
beet-chard,Beta vulgaris,true,false,false,PRODUCTION_ONLY,false,NOT_PERFORMED
biserrula,Biserrula pelecinus,true,false,true,PRODUCTION_ONLY,false,NOT_PERFORMED
borage,Borago officinalis,false,false,false,NEITHER,false,NOT_PERFORMED
ethiopian-mustard,Brassica carinata,false,false,false,NEITHER,false,NOT_PERFORMED
brown-mustard,Brassica juncea,false,false,true,NEITHER,false,NOT_PERFORMED
rapeseed,Brassica napus,true,false,false,PRODUCTION_ONLY,false,NOT_PERFORMED
black-mustard,Brassica nigra,false,false,true,NEITHER,false,NOT_PERFORMED
cabbage,Brassica oleracea,false,false,true,NEITHER,false,NOT_PERFORMED
turnip-rape,Brassica rapa,true,false,false,PRODUCTION_ONLY,false,NOT_PERFORMED
camelina,Camelina sativa,true,false,false,PRODUCTION_ONLY,false,NOT_PERFORMED
hemp,Cannabis sativa,true,false,false,PRODUCTION_ONLY,false,NOT_PERFORMED
pepper,Capsicum annuum,true,false,true,PRODUCTION_ONLY,false,NOT_PERFORMED
safflower,Carthamus tinctorius,true,false,false,PRODUCTION_ONLY,false,NOT_PERFORMED
caraway,Carum carvi,true,false,false,PRODUCTION_ONLY,false,NOT_PERFORMED
quinoa,Chenopodium quinoa,false,false,false,NEITHER,false,NOT_PERFORMED
chickpea,Cicer arietinum,true,false,false,PRODUCTION_ONLY,false,NOT_PERFORMED
endive,Cichorium endivia,false,false,true,NEITHER,false,NOT_PERFORMED
chicory,Cichorium intybus,false,false,true,NEITHER,false,NOT_PERFORMED
watermelon,Citrullus lanatus,false,false,false,NEITHER,false,NOT_PERFORMED
coriander,Coriandrum sativum,false,false,false,NEITHER,false,NOT_PERFORMED
sunn-hemp,Crotalaria juncea,false,false,false,NEITHER,false,NOT_PERFORMED
melon,Cucumis melo,false,false,false,NEITHER,false,NOT_PERFORMED
cucumber,Cucumis sativus,false,false,true,NEITHER,false,NOT_PERFORMED
winter-squash,Cucurbita maxima,false,false,false,NEITHER,false,NOT_PERFORMED
courgette,Cucurbita pepo,false,false,false,NEITHER,false,NOT_PERFORMED
artichoke,Cynara cardunculus,false,false,true,NEITHER,false,NOT_PERFORMED
cocksfoot,Dactylis glomerata,true,false,true,PRODUCTION_ONLY,false,NOT_PERFORMED
carrot,Daucus carota,true,false,true,PRODUCTION_ONLY,false,NOT_PERFORMED
buckwheat,Fagopyrum esculentum,true,false,false,PRODUCTION_ONLY,false,NOT_PERFORMED
tall-fescue,Festuca arundinacea,true,false,true,PRODUCTION_ONLY,false,NOT_PERFORMED
meadow-fescue,Festuca pratensis,true,true,false,PRODUCTION_AND_TRADE,true,NOT_PERFORMED
red-fescue,Festuca rubra,true,true,false,PRODUCTION_AND_TRADE,true,NOT_PERFORMED
fennel,Foeniculum vulgare,false,false,false,NEITHER,false,NOT_PERFORMED
fodder-galega,Galega orientalis,true,false,true,PRODUCTION_ONLY,false,NOT_PERFORMED
soybean,Glycine max,true,true,false,PRODUCTION_AND_TRADE,true,NOT_PERFORMED
niger,Guizotia abyssinica,false,false,false,NEITHER,false,NOT_PERFORMED
sunflower,Helianthus annuus,true,false,false,PRODUCTION_ONLY,false,NOT_PERFORMED
barley,Hordeum vulgare,true,false,false,PRODUCTION_ONLY,false,NOT_PERFORMED
lettuce,Lactuca sativa,false,false,true,NEITHER,false,NOT_PERFORMED
red-pea,Lathyrus cicera,true,false,true,PRODUCTION_ONLY,false,NOT_PERFORMED
lentil,Lens culinaris,true,false,false,PRODUCTION_ONLY,false,NOT_PERFORMED
garden-cress,Lepidium sativum,false,false,true,NEITHER,false,NOT_PERFORMED
flax,Linum usitatissimum,true,true,false,PRODUCTION_AND_TRADE,true,NOT_PERFORMED
italian-ryegrass,Lolium multiflorum,true,true,false,PRODUCTION_AND_TRADE,true,NOT_PERFORMED
perennial-ryegrass,Lolium perenne,true,true,false,PRODUCTION_AND_TRADE,true,NOT_PERFORMED
hybrid-ryegrass,Lolium × hybridum,true,false,false,PRODUCTION_ONLY,false,NOT_PERFORMED
birdsfoot-trefoil,Lotus corniculatus,true,false,true,PRODUCTION_ONLY,false,NOT_PERFORMED
white-lupin,Lupinus albus,true,false,true,PRODUCTION_ONLY,false,NOT_PERFORMED
narrow-leaved-lupin,Lupinus angustifolius,true,false,true,PRODUCTION_ONLY,false,NOT_PERFORMED
yellow-lupin,Lupinus luteus,false,false,true,NEITHER,false,NOT_PERFORMED
black-medick,Medicago lupulina,true,false,true,PRODUCTION_ONLY,false,NOT_PERFORMED
bur-medick,Medicago polymorpha,true,false,true,PRODUCTION_ONLY,false,NOT_PERFORMED
alfalfa,Medicago sativa,true,true,false,PRODUCTION_AND_TRADE,true,NOT_PERFORMED
hybrid-lucerne,Medicago × varia,true,false,false,PRODUCTION_ONLY,false,NOT_PERFORMED
white-sweetclover,Melilotus albus,false,false,true,NEITHER,false,NOT_PERFORMED
yellow-sweetclover,Melilotus officinalis,false,false,true,NEITHER,false,NOT_PERFORMED
sainfoin,Onobrychis viciifolia,true,false,true,PRODUCTION_ONLY,false,NOT_PERFORMED
yellow-serradella,Ornithopus compressus,true,false,true,PRODUCTION_ONLY,false,NOT_PERFORMED
serradella,Ornithopus sativus,true,false,true,PRODUCTION_ONLY,false,NOT_PERFORMED
rice,Oryza sativa,true,false,false,PRODUCTION_ONLY,false,NOT_PERFORMED
proso-millet,Panicum miliaceum,true,false,false,PRODUCTION_ONLY,false,NOT_PERFORMED
poppy,Papaver somniferum,true,false,false,PRODUCTION_ONLY,false,NOT_PERFORMED
parsley,Petroselinum crispum,true,false,true,PRODUCTION_ONLY,false,NOT_PERFORMED
phacelia,Phacelia tanacetifolia,true,false,false,PRODUCTION_ONLY,false,NOT_PERFORMED
canary-grass,Phalaris canariensis,true,false,false,PRODUCTION_ONLY,false,NOT_PERFORMED
runner-bean,Phaseolus coccineus,false,false,false,NEITHER,false,NOT_PERFORMED
common-bean,Phaseolus vulgaris,true,false,false,PRODUCTION_ONLY,false,NOT_PERFORMED
timothy,Phleum pratense,true,false,true,PRODUCTION_ONLY,false,NOT_PERFORMED
field-pea,Pisum sativum,true,true,false,PRODUCTION_AND_TRADE,true,NOT_PERFORMED
ribwort-plantain,Plantago lanceolata,true,false,true,PRODUCTION_ONLY,false,NOT_PERFORMED
wood-meadowgrass,Poa nemoralis,true,false,true,PRODUCTION_ONLY,false,NOT_PERFORMED
kentucky-bluegrass,Poa pratensis,true,true,false,PRODUCTION_AND_TRADE,true,NOT_PERFORMED
cultivated-radish,Raphanus raphanistrum subsp. sativus,true,false,true,PRODUCTION_ONLY,false,NOT_PERFORMED
rhubarb,Rheum rhabarbarum,false,false,true,NEITHER,false,NOT_PERFORMED
black-salsify,Scorzonera hispanica,false,false,true,NEITHER,false,NOT_PERFORMED
rye,Secale cereale,true,false,false,PRODUCTION_ONLY,false,NOT_PERFORMED
foxtail-millet,Setaria italica,true,false,false,PRODUCTION_ONLY,false,NOT_PERFORMED
white-mustard,Sinapis alba,true,false,true,PRODUCTION_ONLY,false,NOT_PERFORMED
tomato,Solanum lycopersicum,false,false,true,NEITHER,false,NOT_PERFORMED
aubergine,Solanum melongena,false,false,true,NEITHER,false,NOT_PERFORMED
sorghum,Sorghum bicolor,true,false,false,PRODUCTION_ONLY,false,NOT_PERFORMED
spinach,Spinacia oleracea,true,false,true,PRODUCTION_ONLY,false,NOT_PERFORMED
berseem-clover,Trifolium alexandrinum,true,false,true,PRODUCTION_ONLY,false,NOT_PERFORMED
glandular-clover,Trifolium glanduliferum,true,false,true,PRODUCTION_ONLY,false,NOT_PERFORMED
rose-clover,Trifolium hirtum,true,false,true,PRODUCTION_ONLY,false,NOT_PERFORMED
alsike-clover,Trifolium hybridum,true,false,true,PRODUCTION_ONLY,false,NOT_PERFORMED
crimson-clover,Trifolium incarnatum,true,false,true,PRODUCTION_ONLY,false,NOT_PERFORMED
trifolium-isthmocarpum,Trifolium isthmocarpum,true,false,true,PRODUCTION_ONLY,false,NOT_PERFORMED
balansa-clover,Trifolium michelianum,true,false,true,PRODUCTION_ONLY,false,NOT_PERFORMED
red-clover,Trifolium pratense,true,true,false,PRODUCTION_AND_TRADE,true,NOT_PERFORMED
white-clover,Trifolium repens,true,false,true,PRODUCTION_ONLY,false,NOT_PERFORMED
persian-clover,Trifolium resupinatum,true,false,true,PRODUCTION_ONLY,false,NOT_PERFORMED
trifolium-squarrosum,Trifolium squarrosum,true,false,true,PRODUCTION_ONLY,false,NOT_PERFORMED
subterranean-clover,Trifolium subterraneum,false,false,true,NEITHER,false,NOT_PERFORMED
arrowleaf-clover,Trifolium vesiculosum,true,false,true,PRODUCTION_ONLY,false,NOT_PERFORMED
fenugreek,Trigonella foenum-graecum,false,false,false,NEITHER,false,NOT_PERFORMED
golden-oatgrass,Trisetum flavescens,true,false,true,PRODUCTION_ONLY,false,NOT_PERFORMED
common-wheat,Triticum aestivum,true,false,false,PRODUCTION_ONLY,false,NOT_PERFORMED
durum-wheat,Triticum turgidum subsp. durum,true,false,false,PRODUCTION_ONLY,false,NOT_PERFORMED
lambs-lettuce,Valerianella locusta,false,false,true,NEITHER,false,NOT_PERFORMED
purple-vetch,Vicia benghalensis,true,false,true,PRODUCTION_ONLY,false,NOT_PERFORMED
bitter-vetch,Vicia ervilia,true,false,true,PRODUCTION_ONLY,false,NOT_PERFORMED
faba-bean,Vicia faba,true,false,false,PRODUCTION_ONLY,false,NOT_PERFORMED
hungarian-vetch,Vicia pannonica,true,false,true,PRODUCTION_ONLY,false,NOT_PERFORMED
common-vetch,Vicia sativa,true,false,true,PRODUCTION_ONLY,false,NOT_PERFORMED
winter-vetch,Vicia villosa Roth,true,false,true,PRODUCTION_ONLY,false,NOT_PERFORMED
maize,Zea mays,true,true,false,PRODUCTION_AND_TRADE,true,NOT_PERFORMED
