canonical_species_id,botanical_name,species_level_trade,group_or_partial_trade,trade_available_codes,earliest_usable_trade_period,latest_usable_trade_period
browntop,Agrostis capillaris,false,true,"[""12092945""]",2025-01,2026-06
onion,Allium cepa,false,true,"[""12099180""]",2025-01,2026-06
bunching-onion,Allium fistulosum,false,true,"[""12099180""]",2025-01,2026-06
leek,Allium porrum,false,true,"[""12099180""]",2025-01,2026-06
chives,Allium schoenoprasum,false,true,"[""12099180""]",2025-01,2026-06
meadow-foxtail,Alopecurus pratensis,false,true,"[""12092980""]",2025-01,2026-06
dill,Anethum graveolens,false,false,[],null,null
chervil,Anthriscus cerefolium,false,true,"[""12099180""]",2025-01,2026-06
celery,Apium graveolens,false,true,"[""12099180""]",2025-01,2026-06
tall-oatgrass,Arrhenatherum elatius,false,true,"[""12092980""]",2025-01,2026-06
asparagus,Asparagus officinalis,false,true,"[""12099180""]",2025-01,2026-06
naked-oat,Avena nuda,false,false,[],null,null
oat,Avena sativa,false,false,[],null,null
black-oat,Avena strigosa,false,false,[],null,null
beet-chard,Beta vulgaris,false,false,[],null,null
biserrula,Biserrula pelecinus,false,true,"[""12092980""]",2025-01,2026-06
borage,Borago officinalis,false,false,[],null,null
ethiopian-mustard,Brassica carinata,false,false,[],null,null
brown-mustard,Brassica juncea,false,true,"[""12075010""]",null,null
rapeseed,Brassica napus,false,false,[],null,null
black-mustard,Brassica nigra,false,true,"[""12075010""]",null,null
cabbage,Brassica oleracea,false,true,"[""12099180""]",2025-01,2026-06
turnip-rape,Brassica rapa,false,false,[],null,null
camelina,Camelina sativa,false,false,[],null,null
hemp,Cannabis sativa,false,false,[],null,null
pepper,Capsicum annuum,false,true,"[""12099180""]",2025-01,2026-06
safflower,Carthamus tinctorius,false,false,[],null,null
caraway,Carum carvi,false,false,[],null,null
quinoa,Chenopodium quinoa,false,false,[],null,null
chickpea,Cicer arietinum,false,false,[],null,null
endive,Cichorium endivia,false,true,"[""12099180""]",2025-01,2026-06
chicory,Cichorium intybus,false,true,"[""12099180""]",2025-01,2026-06
watermelon,Citrullus lanatus,false,false,[],null,null
coriander,Coriandrum sativum,false,false,[],null,null
sunn-hemp,Crotalaria juncea,false,false,[],null,null
melon,Cucumis melo,false,false,[],null,null
cucumber,Cucumis sativus,false,true,"[""12099180""]",2025-01,2026-06
winter-squash,Cucurbita maxima,false,false,[],null,null
courgette,Cucurbita pepo,false,false,[],null,null
artichoke,Cynara cardunculus,false,true,"[""12099180""]",2025-01,2026-06
cocksfoot,Dactylis glomerata,false,true,"[""12092945""]",2025-01,2026-06
carrot,Daucus carota,false,true,"[""12099180""]",2025-01,2026-06
buckwheat,Fagopyrum esculentum,false,false,[],null,null
tall-fescue,Festuca arundinacea,false,true,"[""12092380""]",2025-01,2026-06
meadow-fescue,Festuca pratensis,true,false,"[""12092311""]",2024-01,2026-06
red-fescue,Festuca rubra,true,false,"[""12092315""]",2024-01,2026-06
fennel,Foeniculum vulgare,false,false,[],null,null
fodder-galega,Galega orientalis,false,true,"[""12092980""]",2025-01,2026-06
soybean,Glycine max,true,false,"[""12011000""]",2025-01,2026-06
niger,Guizotia abyssinica,false,false,[],null,null
sunflower,Helianthus annuus,false,false,[],null,null
barley,Hordeum vulgare,false,false,[],null,null
lettuce,Lactuca sativa,false,true,"[""12099180""]",2025-01,2026-06
red-pea,Lathyrus cicera,false,true,"[""12092980""]",2025-01,2026-06
lentil,Lens culinaris,false,false,[],null,null
garden-cress,Lepidium sativum,false,true,"[""12099180""]",2025-01,2026-06
flax,Linum usitatissimum,true,false,"[""12040010""]",2024-01,2026-06
italian-ryegrass,Lolium multiflorum,true,false,"[""12092510""]",2024-01,2026-06
perennial-ryegrass,Lolium perenne,true,false,"[""12092590""]",2024-01,2026-06
hybrid-ryegrass,Lolium × hybridum,false,false,[],null,null
birdsfoot-trefoil,Lotus corniculatus,false,true,"[""12092980""]",2025-01,2026-06
white-lupin,Lupinus albus,false,true,"[""12092950""]",null,null
narrow-leaved-lupin,Lupinus angustifolius,false,true,"[""12092950""]",null,null
yellow-lupin,Lupinus luteus,false,true,"[""12092950""]",null,null
black-medick,Medicago lupulina,false,true,"[""12092980""]",2025-01,2026-06
bur-medick,Medicago polymorpha,false,true,"[""12092980""]",2025-01,2026-06
alfalfa,Medicago sativa,true,false,"[""12092100""]",2024-01,2026-06
hybrid-lucerne,Medicago × varia,false,false,[],null,null
white-sweetclover,Melilotus albus,false,true,"[""12092980""]",2025-01,2026-06
yellow-sweetclover,Melilotus officinalis,false,true,"[""12092980""]",2025-01,2026-06
sainfoin,Onobrychis viciifolia,false,true,"[""12092980""]",2025-01,2026-06
yellow-serradella,Ornithopus compressus,false,true,"[""12092980""]",2025-01,2026-06
serradella,Ornithopus sativus,false,true,"[""12092980""]",2025-01,2026-06
rice,Oryza sativa,false,false,[],null,null
proso-millet,Panicum miliaceum,false,false,[],null,null
poppy,Papaver somniferum,false,false,[],null,null
parsley,Petroselinum crispum,false,true,"[""12099180""]",2025-01,2026-06
phacelia,Phacelia tanacetifolia,false,false,[],null,null
canary-grass,Phalaris canariensis,false,false,[],null,null
runner-bean,Phaseolus coccineus,false,false,[],null,null
common-bean,Phaseolus vulgaris,false,false,[],null,null
timothy,Phleum pratense,false,true,"[""12092945""]",2025-01,2026-06
field-pea,Pisum sativum,true,false,"[""07131010""]",2024-01,2026-06
ribwort-plantain,Plantago lanceolata,false,true,"[""12092980""]",2025-01,2026-06
wood-meadowgrass,Poa nemoralis,false,true,"[""12092980""]",2025-01,2026-06
kentucky-bluegrass,Poa pratensis,true,false,"[""12092400""]",2024-01,2026-06
cultivated-radish,Raphanus raphanistrum subsp. sativus,false,true,"[""12099180""]",2025-01,2026-06
rhubarb,Rheum rhabarbarum,false,true,"[""12099180""]",2025-01,2026-06
black-salsify,Scorzonera hispanica,false,true,"[""12099180""]",2025-01,2026-06
rye,Secale cereale,false,false,[],null,null
foxtail-millet,Setaria italica,false,false,[],null,null
white-mustard,Sinapis alba,false,true,"[""12075010""]",null,null
tomato,Solanum lycopersicum,false,true,"[""12099180""]",2025-01,2026-06
aubergine,Solanum melongena,false,true,"[""12099180""]",2025-01,2026-06
sorghum,Sorghum bicolor,false,false,[],null,null
spinach,Spinacia oleracea,false,true,"[""12099180""]",2025-01,2026-06
berseem-clover,Trifolium alexandrinum,false,true,"[""12092280""]",2025-01,2026-06
glandular-clover,Trifolium glanduliferum,false,true,"[""12092280""]",2025-01,2026-06
rose-clover,Trifolium hirtum,false,true,"[""12092280""]",2025-01,2026-06
alsike-clover,Trifolium hybridum,false,true,"[""12092280""]",2025-01,2026-06
crimson-clover,Trifolium incarnatum,false,true,"[""12092280""]",2025-01,2026-06
trifolium-isthmocarpum,Trifolium isthmocarpum,false,true,"[""12092280""]",2025-01,2026-06
balansa-clover,Trifolium michelianum,false,true,"[""12092280""]",2025-01,2026-06
red-clover,Trifolium pratense,true,false,"[""12092210""]",2024-01,2026-06
white-clover,Trifolium repens,false,true,"[""12092280""]",2025-01,2026-06
persian-clover,Trifolium resupinatum,false,true,"[""12092280""]",2025-01,2026-06
trifolium-squarrosum,Trifolium squarrosum,false,true,"[""12092280""]",2025-01,2026-06
subterranean-clover,Trifolium subterraneum,false,true,"[""12092280""]",2025-01,2026-06
arrowleaf-clover,Trifolium vesiculosum,false,true,"[""12092280""]",2025-01,2026-06
fenugreek,Trigonella foenum-graecum,false,false,[],null,null
golden-oatgrass,Trisetum flavescens,false,true,"[""12092980""]",2025-01,2026-06
common-wheat,Triticum aestivum,false,false,[],null,null
durum-wheat,Triticum turgidum subsp. durum,false,false,[],null,null
lambs-lettuce,Valerianella locusta,false,true,"[""12099180""]",2025-01,2026-06
purple-vetch,Vicia benghalensis,false,true,"[""12092945""]",2025-01,2026-06
bitter-vetch,Vicia ervilia,false,true,"[""12092945""]",2025-01,2026-06
faba-bean,Vicia faba,false,false,[],null,null
hungarian-vetch,Vicia pannonica,false,true,"[""12092945""]",2025-01,2026-06
common-vetch,Vicia sativa,false,true,"[""12092945""]",2025-01,2026-06
winter-vetch,Vicia villosa Roth,false,true,"[""12092945""]",2025-01,2026-06
maize,Zea mays,true,false,"[""10051013"", ""10051015"", ""10051018"", ""10051090""]",2025-01,2026-06
