canonical_species_id,common_name,botanical_name,biological_species_key,seed_category,use_tags,current_cn_status,proposed_cn_status,cn4,cn6,cn8,hs6,sowing_status,sowing_specific_codes,excluded_commodity_or_unsuitable_codes,original_cn_codes,original_cn_provenance,cn_descriptions,species_specific_code,contains_multiple_species,contains_non_seed_material,comext_compatible,cn_history,earliest_usable_trade_period,latest_usable_trade_period,species_level_trade,full_species_specific_trade,group_or_partial_trade,trade_available_codes,production_available,public_safe,decision_rationale,confidence,limitations,taxonomy_provenance
dill,Dill,Anethum graveolens,Anethum graveolens,herbs-specialty,"[""CATCH_CROP"", ""COVER_CROP""]",NOT_AVAILABLE,REVIEW_REQUIRED,[],[],[],[],REVIEW_REQUIRED,[],[],[],"[{""canonical_species_id"": ""dill"", ""mapping_status"": ""CN_MAPPING_NOT_AVAILABLE"", ""cn4"": [], ""cn6"": [], ""cn8"": [], ""hs6"": [], ""sowing_seed"": {""usage"": ""SOWING_SEED"", ""verified_cn8"": []}, ""non_sowing_commodity"": {""usage"": ""NON_SOWING_COMMODITY"", ""codes"": []}, ""source_url"": null, ""notes"": [""No species-specific CN mapping invented""]}]",[],false,false,null,false,{},null,null,false,false,false,[],false,true,End-use/customs-boundary ambiguity requires official classification evidence beyond botanical name or SeedTrade category. No trade activation.,LIMITED_OR_REVIEW,"[""Customs mapping is not evidence that the species contributed any amount to a group."", ""No interpolation, proportional allocation, species shares or supply signal."", ""Taxonomy and production datasets remain unchanged.""]","[{""id"": ""lfl"", ""organisation"": ""Bavarian State Research Center for Agriculture (LfL)"", ""url"": ""https://www.lfl.bayern.de/mam/cms07/publikationen/daten/informationen/greening-zwischenfruchtanbau-lfl-information-2018.pdf"", ""retrieved_at"": ""2026-10-03"", ""document"": ""Greening und Zwischenfruchtanbau, November 2018, Annex 1 pages 8–10"", ""scope"": ""Botanical names and catch-crop mixture use; historical permitted-species list, not current subsidy/legal eligibility or production evidence""}]"
borage,Borage,Borago officinalis,Borago officinalis,herbs-specialty,"[""CATCH_CROP"", ""COVER_CROP""]",NOT_AVAILABLE,REVIEW_REQUIRED,[],[],[],[],REVIEW_REQUIRED,[],[],[],"[{""canonical_species_id"": ""borage"", ""mapping_status"": ""CN_MAPPING_NOT_AVAILABLE"", ""cn4"": [], ""cn6"": [], ""cn8"": [], ""hs6"": [], ""sowing_seed"": {""usage"": ""SOWING_SEED"", ""verified_cn8"": []}, ""non_sowing_commodity"": {""usage"": ""NON_SOWING_COMMODITY"", ""codes"": []}, ""source_url"": null, ""notes"": [""No species-specific CN mapping invented""]}]",[],false,false,null,false,{},null,null,false,false,false,[],false,true,End-use/customs-boundary ambiguity requires official classification evidence beyond botanical name or SeedTrade category. No trade activation.,LIMITED_OR_REVIEW,"[""Customs mapping is not evidence that the species contributed any amount to a group."", ""No interpolation, proportional allocation, species shares or supply signal."", ""Taxonomy and production datasets remain unchanged.""]","[{""id"": ""lfl"", ""organisation"": ""Bavarian State Research Center for Agriculture (LfL)"", ""url"": ""https://www.lfl.bayern.de/mam/cms07/publikationen/daten/informationen/greening-zwischenfruchtanbau-lfl-information-2018.pdf"", ""retrieved_at"": ""2026-10-03"", ""document"": ""Greening und Zwischenfruchtanbau, November 2018, Annex 1 pages 8–10"", ""scope"": ""Botanical names and catch-crop mixture use; historical permitted-species list, not current subsidy/legal eligibility or production evidence""}]"
ethiopian-mustard,Ethiopian mustard,Brassica carinata,Brassica carinata,brassica-seeds,"[""CATCH_CROP"", ""COVER_CROP""]",NOT_AVAILABLE,REVIEW_REQUIRED,[],[],[],[],REVIEW_REQUIRED,[],[],[],"[{""canonical_species_id"": ""ethiopian-mustard"", ""mapping_status"": ""CN_MAPPING_NOT_AVAILABLE"", ""cn4"": [], ""cn6"": [], ""cn8"": [], ""hs6"": [], ""sowing_seed"": {""usage"": ""SOWING_SEED"", ""verified_cn8"": []}, ""non_sowing_commodity"": {""usage"": ""NON_SOWING_COMMODITY"", ""codes"": []}, ""source_url"": null, ""notes"": [""No species-specific CN mapping invented""]}]",[],false,false,null,false,{},null,null,false,false,false,[],false,true,End-use/customs-boundary ambiguity requires official classification evidence beyond botanical name or SeedTrade category. No trade activation.,LIMITED_OR_REVIEW,"[""Customs mapping is not evidence that the species contributed any amount to a group."", ""No interpolation, proportional allocation, species shares or supply signal."", ""Taxonomy and production datasets remain unchanged.""]","[{""id"": ""lfl"", ""organisation"": ""Bavarian State Research Center for Agriculture (LfL)"", ""url"": ""https://www.lfl.bayern.de/mam/cms07/publikationen/daten/informationen/greening-zwischenfruchtanbau-lfl-information-2018.pdf"", ""retrieved_at"": ""2026-10-03"", ""document"": ""Greening und Zwischenfruchtanbau, November 2018, Annex 1 pages 8–10"", ""scope"": ""Botanical names and catch-crop mixture use; historical permitted-species list, not current subsidy/legal eligibility or production evidence""}]"
safflower,Safflower,Carthamus tinctorius,Carthamus tinctorius,oil-fibre-seeds,"[""CATCH_CROP"", ""COVER_CROP"", ""SEED_PRODUCTION""]",PARTIAL,NOT_AVAILABLE,[],[],[],[],NOT_SOWING_SPECIFIC,[],"[""12076000""]","[""12076000""]","[{""canonical_species_id"": ""safflower"", ""mapping_status"": ""CN_MAPPING_PARTIAL"", ""nomenclature_year"": 2026, ""cn4"": [""1207""], ""cn6"": [""120760""], ""cn8"": [""12076000""], ""hs6"": [""120760""], ""hs6_scope"": ""Hierarchy only; no species/sowing proof"", ""sowing_seed"": {""usage"": ""SOWING_SEED"", ""verified_cn8"": [], ""limitation"": ""No confirmed sowing-specific code""}, ""non_sowing_commodity"": {""usage"": ""NON_SOWING_COMMODITY"", ""codes"": []}, ""official_descriptions"": [{""cn8"": ""12076000"", ""description"": ""Safflower \""Carthamus tinctorius\"" seeds"", ""worksheet_row"": 1478}], ""source_url"": ""https://www.ksh.hu/docs/osztalyozasok/kn/kn2026_structure.xlsx"", ""source_organisation"": ""Hungarian Central Statistical Office"", ""retrieval_date"": ""2026-10-02"", ""notes"": [""Named product heading does not distinguish sowing from other uses; mixed-use codes never appear as verified sowing or non-sowing codes.""], ""historical_year_eligibility"": ""REVIEW_REQUIRED; no 2021–2025 tariff concordance inferred""}]",[],false,false,null,false,{},null,null,false,false,false,[],true,true,Official denomination does not isolate sowing use. Commodity codes retained in audit only; never activated.,LIMITED_OR_REVIEW,"[""Customs mapping is not evidence that the species contributed any amount to a group."", ""No interpolation, proportional allocation, species shares or supply signal."", ""Taxonomy and production datasets remain unchanged.""]","[{""id"": ""lfl"", ""organisation"": ""Bavarian State Research Center for Agriculture (LfL)"", ""url"": ""https://www.lfl.bayern.de/mam/cms07/publikationen/daten/informationen/greening-zwischenfruchtanbau-lfl-information-2018.pdf"", ""retrieved_at"": ""2026-10-03"", ""document"": ""Greening und Zwischenfruchtanbau, November 2018, Annex 1 pages 8–10"", ""scope"": ""Botanical names and catch-crop mixture use; historical permitted-species list, not current subsidy/legal eligibility or production evidence""}, {""id"": ""v041"", ""organisation"": ""SeedTrade evidence review of official national seed authorities"", ""url"": null, ""retrieved_at"": ""2026-10-03"", ""checkpoint_sha256"": ""2b149594c48a1f0ed1de04f69835baffb4e671a04901a48a37aa88a52a7d4359"", ""scope"": ""Recovered V4.1 canonical IDs, bounded ranks, source taxon mapping and CN evidence; original checkpoint retained""}]"
caraway,Caraway,Carum carvi,Carum carvi,herbs-specialty,"[""CATCH_CROP"", ""COVER_CROP"", ""SEED_PRODUCTION""]",PARTIAL,NOT_AVAILABLE,[],[],[],[],NOT_SOWING_SPECIFIC,[],"[""09096100""]",[],"[{""canonical_species_id"": ""caraway"", ""mapping_status"": ""CN_MAPPING_PARTIAL"", ""nomenclature_year"": 2026, ""cn4"": [""0909""], ""cn6"": [""090961""], ""cn8"": [], ""hs6"": [""090961""], ""hs6_scope"": ""Six-digit hierarchy only; not proof of species-specific or sowing-specific classification"", ""sowing_seed"": {""usage"": ""SOWING_SEED"", ""verified_cn8"": [], ""limitation"": ""No confirmed sowing-specific CN8""}, ""non_sowing_commodity"": {""usage"": ""NON_SOWING_COMMODITY"", ""codes"": [], ""recovered_note"": ""Spice seed and sowing seed require separation"", ""note_semantics"": ""Historical non_sowing field often describes grouped classification, not an actual commodity code""}, ""official_descriptions"": [], ""source_url"": ""https://www.ksh.hu/docs/osztalyozasok/kn/kn2026_structure.xlsx"", ""source_organisation"": ""Hungarian Central Statistical Office"", ""retrieval_date"": ""2026-10-02"", ""notes"": [""09096100 includes caraway among several spices without sowing-use separation; not a confirmed sowing code.""], ""historical_year_eligibility"": ""REVIEW_REQUIRED; no 2021–2025 concordance inferred""}]",[],false,false,null,false,{},null,null,false,false,false,[],true,true,Official denomination does not isolate sowing use. Commodity codes retained in audit only; never activated.,LIMITED_OR_REVIEW,"[""Customs mapping is not evidence that the species contributed any amount to a group."", ""No interpolation, proportional allocation, species shares or supply signal."", ""Taxonomy and production datasets remain unchanged.""]","[{""id"": ""lfl"", ""organisation"": ""Bavarian State Research Center for Agriculture (LfL)"", ""url"": ""https://www.lfl.bayern.de/mam/cms07/publikationen/daten/informationen/greening-zwischenfruchtanbau-lfl-information-2018.pdf"", ""retrieved_at"": ""2026-10-03"", ""document"": ""Greening und Zwischenfruchtanbau, November 2018, Annex 1 pages 8–10"", ""scope"": ""Botanical names and catch-crop mixture use; historical permitted-species list, not current subsidy/legal eligibility or production evidence""}, {""id"": ""v041"", ""organisation"": ""SeedTrade evidence review of official national seed authorities"", ""url"": null, ""retrieved_at"": ""2026-10-03"", ""checkpoint_sha256"": ""2b149594c48a1f0ed1de04f69835baffb4e671a04901a48a37aa88a52a7d4359"", ""scope"": ""Recovered V4.1 canonical IDs, bounded ranks, source taxon mapping and CN evidence; original checkpoint retained""}]"
quinoa,Quinoa,Chenopodium quinoa,Chenopodium quinoa,cereals-pseudocereals,"[""COVER_CROP""]",NOT_AVAILABLE,NOT_AVAILABLE,[],[],[],[],NOT_SOWING_SPECIFIC,[],"[""10085000""]",[],"[{""canonical_species_id"": ""quinoa"", ""mapping_status"": ""CN_MAPPING_NOT_AVAILABLE"", ""cn4"": [], ""cn6"": [], ""cn8"": [], ""hs6"": [], ""sowing_seed"": {""usage"": ""SOWING_SEED"", ""verified_cn8"": []}, ""non_sowing_commodity"": {""usage"": ""NON_SOWING_COMMODITY"", ""codes"": []}, ""source_url"": null, ""notes"": [""No species-specific CN mapping invented""]}]",[],false,false,null,false,{},null,null,false,false,false,[],false,true,Official denomination does not isolate sowing use. Commodity codes retained in audit only; never activated.,LIMITED_OR_REVIEW,"[""Customs mapping is not evidence that the species contributed any amount to a group."", ""No interpolation, proportional allocation, species shares or supply signal."", ""Taxonomy and production datasets remain unchanged.""]","[{""id"": ""quinoa"", ""organisation"": ""Walloon Government / WALLEX"", ""url"": ""https://wallex.wallonie.be/eli/arrete/2023/02/23/2023042741/2026/01/01"", ""retrieved_at"": ""2026-10-03"", ""scope"": ""Annex 1 quinoa botanical identity and sowing-market relevance; not certified-seed production statistics""}, {""id"": ""quinoa-cover"", ""organisation"": ""Welsh Government"", ""url"": ""https://www.gov.wales/growing-environment-rules-booklet-window-8-html"", ""retrieved_at"": ""2026-10-03"", ""scope"": ""Wildlife cover-crop examples include quinoa and chicory; does not establish catch-crop status""}]"
chickpea,Chickpea,Cicer arietinum,Cicer arietinum,grain-legumes,"[""SEED_PRODUCTION""]",PARTIAL,NOT_AVAILABLE,[],[],[],[],NOT_SOWING_SPECIFIC,[],"[""07132000""]","[""07132000""]","[{""canonical_species_id"": ""chickpea"", ""mapping_status"": ""CN_MAPPING_PARTIAL"", ""nomenclature_year"": 2026, ""cn4"": [""0713""], ""cn6"": [""071320""], ""cn8"": [""07132000""], ""hs6"": [""071320""], ""hs6_scope"": ""Hierarchy only; no species/sowing proof"", ""sowing_seed"": {""usage"": ""SOWING_SEED"", ""verified_cn8"": [], ""limitation"": ""No confirmed sowing-specific code""}, ""non_sowing_commodity"": {""usage"": ""NON_SOWING_COMMODITY"", ""codes"": []}, ""official_descriptions"": [{""cn8"": ""07132000"", ""description"": ""Dried, shelled chickpeas \""garbanzos\"", whether or not skinned or split"", ""worksheet_row"": 1122}], ""source_url"": ""https://www.ksh.hu/docs/osztalyozasok/kn/kn2026_structure.xlsx"", ""source_organisation"": ""Hungarian Central Statistical Office"", ""retrieval_date"": ""2026-10-02"", ""notes"": [""Named product heading does not distinguish sowing from other uses; mixed-use codes never appear as verified sowing or non-sowing codes.""], ""historical_year_eligibility"": ""REVIEW_REQUIRED; no 2021–2025 tariff concordance inferred""}]",[],false,false,null,false,{},null,null,false,false,false,[],true,true,Official denomination does not isolate sowing use. Commodity codes retained in audit only; never activated.,LIMITED_OR_REVIEW,"[""Customs mapping is not evidence that the species contributed any amount to a group."", ""No interpolation, proportional allocation, species shares or supply signal."", ""Taxonomy and production datasets remain unchanged.""]","[{""id"": ""v041"", ""organisation"": ""SeedTrade evidence review of official national seed authorities"", ""url"": null, ""retrieved_at"": ""2026-10-03"", ""checkpoint_sha256"": ""2b149594c48a1f0ed1de04f69835baffb4e671a04901a48a37aa88a52a7d4359"", ""scope"": ""Recovered V4.1 canonical IDs, bounded ranks, source taxon mapping and CN evidence; original checkpoint retained""}]"
watermelon,Watermelon,Citrullus lanatus,Citrullus lanatus,vegetable-seeds,"[""VEGETABLE""]",NOT_AVAILABLE,REVIEW_REQUIRED,[],[],[],[],REVIEW_REQUIRED,[],[],[],"[{""canonical_species_id"": ""watermelon"", ""mapping_status"": ""CN_MAPPING_NOT_AVAILABLE"", ""cn4"": [], ""cn6"": [], ""cn8"": [], ""hs6"": [], ""sowing_seed"": {""usage"": ""SOWING_SEED"", ""verified_cn8"": []}, ""non_sowing_commodity"": {""usage"": ""NON_SOWING_COMMODITY"", ""codes"": []}, ""source_url"": null, ""notes"": [""No species-specific CN mapping invented""]}]",[],false,false,null,false,{},null,null,false,false,false,[],false,true,End-use/customs-boundary ambiguity requires official classification evidence beyond botanical name or SeedTrade category. No trade activation.,LIMITED_OR_REVIEW,"[""Customs mapping is not evidence that the species contributed any amount to a group."", ""No interpolation, proportional allocation, species shares or supply signal."", ""Taxonomy and production datasets remain unchanged.""]","[{""id"": ""vegetables"", ""organisation"": ""European Union / EUR-Lex"", ""url"": ""https://eur-lex.europa.eu/legal-content/EN/TXT/?uri=CELEX:02002L0055-20220901"", ""retrieved_at"": ""2026-10-03"", ""document"": ""2002/55/EC Article 2(1)(b), consolidation 2022-09-01"", ""scope"": ""Seed-market identities; cultivar groups not separate species. Current 2024-12-24 consolidation identified but anti-bot blocked; no claim of current legal eligibility""}]"
coriander,Coriander,Coriandrum sativum,Coriandrum sativum,herbs-specialty,"[""CATCH_CROP"", ""COVER_CROP""]",NOT_AVAILABLE,NOT_AVAILABLE,[],[],[],[],NOT_SOWING_SPECIFIC,[],"[""09092100""]",[],"[{""canonical_species_id"": ""coriander"", ""mapping_status"": ""CN_MAPPING_NOT_AVAILABLE"", ""cn4"": [], ""cn6"": [], ""cn8"": [], ""hs6"": [], ""sowing_seed"": {""usage"": ""SOWING_SEED"", ""verified_cn8"": []}, ""non_sowing_commodity"": {""usage"": ""NON_SOWING_COMMODITY"", ""codes"": []}, ""source_url"": null, ""notes"": [""No species-specific CN mapping invented""]}]",[],false,false,null,false,{},null,null,false,false,false,[],false,true,Official denomination does not isolate sowing use. Commodity codes retained in audit only; never activated.,LIMITED_OR_REVIEW,"[""Customs mapping is not evidence that the species contributed any amount to a group."", ""No interpolation, proportional allocation, species shares or supply signal."", ""Taxonomy and production datasets remain unchanged.""]","[{""id"": ""lfl"", ""organisation"": ""Bavarian State Research Center for Agriculture (LfL)"", ""url"": ""https://www.lfl.bayern.de/mam/cms07/publikationen/daten/informationen/greening-zwischenfruchtanbau-lfl-information-2018.pdf"", ""retrieved_at"": ""2026-10-03"", ""document"": ""Greening und Zwischenfruchtanbau, November 2018, Annex 1 pages 8–10"", ""scope"": ""Botanical names and catch-crop mixture use; historical permitted-species list, not current subsidy/legal eligibility or production evidence""}]"
sunn-hemp,Sunn hemp,Crotalaria juncea,Crotalaria juncea,forage-legumes,"[""CATCH_CROP"", ""COVER_CROP""]",NOT_AVAILABLE,REVIEW_REQUIRED,[],[],[],[],REVIEW_REQUIRED,[],[],[],"[{""canonical_species_id"": ""sunn-hemp"", ""mapping_status"": ""CN_MAPPING_NOT_AVAILABLE"", ""cn4"": [], ""cn6"": [], ""cn8"": [], ""hs6"": [], ""sowing_seed"": {""usage"": ""SOWING_SEED"", ""verified_cn8"": []}, ""non_sowing_commodity"": {""usage"": ""NON_SOWING_COMMODITY"", ""codes"": []}, ""source_url"": null, ""notes"": [""No species-specific CN mapping invented""]}]",[],false,false,null,false,{},null,null,false,false,false,[],false,true,End-use/customs-boundary ambiguity requires official classification evidence beyond botanical name or SeedTrade category. No trade activation.,LIMITED_OR_REVIEW,"[""Customs mapping is not evidence that the species contributed any amount to a group."", ""No interpolation, proportional allocation, species shares or supply signal."", ""Taxonomy and production datasets remain unchanged.""]","[{""id"": ""lfl"", ""organisation"": ""Bavarian State Research Center for Agriculture (LfL)"", ""url"": ""https://www.lfl.bayern.de/mam/cms07/publikationen/daten/informationen/greening-zwischenfruchtanbau-lfl-information-2018.pdf"", ""retrieved_at"": ""2026-10-03"", ""document"": ""Greening und Zwischenfruchtanbau, November 2018, Annex 1 pages 8–10"", ""scope"": ""Botanical names and catch-crop mixture use; historical permitted-species list, not current subsidy/legal eligibility or production evidence""}]"
melon,Melon,Cucumis melo,Cucumis melo,vegetable-seeds,"[""VEGETABLE""]",NOT_AVAILABLE,NOT_AVAILABLE,[],[],[],[],NOT_SOWING_SPECIFIC,[],"[""12077000""]",[],"[{""canonical_species_id"": ""melon"", ""mapping_status"": ""CN_MAPPING_NOT_AVAILABLE"", ""cn4"": [], ""cn6"": [], ""cn8"": [], ""hs6"": [], ""sowing_seed"": {""usage"": ""SOWING_SEED"", ""verified_cn8"": []}, ""non_sowing_commodity"": {""usage"": ""NON_SOWING_COMMODITY"", ""codes"": []}, ""source_url"": null, ""notes"": [""No species-specific CN mapping invented""]}]",[],false,false,null,false,{},null,null,false,false,false,[],false,true,Official denomination does not isolate sowing use. Commodity codes retained in audit only; never activated.,LIMITED_OR_REVIEW,"[""Customs mapping is not evidence that the species contributed any amount to a group."", ""No interpolation, proportional allocation, species shares or supply signal."", ""Taxonomy and production datasets remain unchanged.""]","[{""id"": ""vegetables"", ""organisation"": ""European Union / EUR-Lex"", ""url"": ""https://eur-lex.europa.eu/legal-content/EN/TXT/?uri=CELEX:02002L0055-20220901"", ""retrieved_at"": ""2026-10-03"", ""document"": ""2002/55/EC Article 2(1)(b), consolidation 2022-09-01"", ""scope"": ""Seed-market identities; cultivar groups not separate species. Current 2024-12-24 consolidation identified but anti-bot blocked; no claim of current legal eligibility""}]"
winter-squash,Winter squash,Cucurbita maxima,Cucurbita maxima,vegetable-seeds,"[""VEGETABLE""]",NOT_AVAILABLE,REVIEW_REQUIRED,[],[],[],[],REVIEW_REQUIRED,[],[],[],"[{""canonical_species_id"": ""winter-squash"", ""mapping_status"": ""CN_MAPPING_NOT_AVAILABLE"", ""cn4"": [], ""cn6"": [], ""cn8"": [], ""hs6"": [], ""sowing_seed"": {""usage"": ""SOWING_SEED"", ""verified_cn8"": []}, ""non_sowing_commodity"": {""usage"": ""NON_SOWING_COMMODITY"", ""codes"": []}, ""source_url"": null, ""notes"": [""No species-specific CN mapping invented""]}]",[],false,false,null,false,{},null,null,false,false,false,[],false,true,End-use/customs-boundary ambiguity requires official classification evidence beyond botanical name or SeedTrade category. No trade activation.,LIMITED_OR_REVIEW,"[""Customs mapping is not evidence that the species contributed any amount to a group."", ""No interpolation, proportional allocation, species shares or supply signal."", ""Taxonomy and production datasets remain unchanged.""]","[{""id"": ""vegetables"", ""organisation"": ""European Union / EUR-Lex"", ""url"": ""https://eur-lex.europa.eu/legal-content/EN/TXT/?uri=CELEX:02002L0055-20220901"", ""retrieved_at"": ""2026-10-03"", ""document"": ""2002/55/EC Article 2(1)(b), consolidation 2022-09-01"", ""scope"": ""Seed-market identities; cultivar groups not separate species. Current 2024-12-24 consolidation identified but anti-bot blocked; no claim of current legal eligibility""}]"
courgette,Courgette / pumpkin,Cucurbita pepo,Cucurbita pepo,vegetable-seeds,"[""VEGETABLE""]",NOT_AVAILABLE,REVIEW_REQUIRED,[],[],[],[],REVIEW_REQUIRED,[],[],[],"[{""canonical_species_id"": ""courgette"", ""mapping_status"": ""CN_MAPPING_NOT_AVAILABLE"", ""cn4"": [], ""cn6"": [], ""cn8"": [], ""hs6"": [], ""sowing_seed"": {""usage"": ""SOWING_SEED"", ""verified_cn8"": []}, ""non_sowing_commodity"": {""usage"": ""NON_SOWING_COMMODITY"", ""codes"": []}, ""source_url"": null, ""notes"": [""No species-specific CN mapping invented""]}]",[],false,false,null,false,{},null,null,false,false,false,[],false,true,End-use/customs-boundary ambiguity requires official classification evidence beyond botanical name or SeedTrade category. No trade activation.,LIMITED_OR_REVIEW,"[""Customs mapping is not evidence that the species contributed any amount to a group."", ""No interpolation, proportional allocation, species shares or supply signal."", ""Taxonomy and production datasets remain unchanged.""]","[{""id"": ""vegetables"", ""organisation"": ""European Union / EUR-Lex"", ""url"": ""https://eur-lex.europa.eu/legal-content/EN/TXT/?uri=CELEX:02002L0055-20220901"", ""retrieved_at"": ""2026-10-03"", ""document"": ""2002/55/EC Article 2(1)(b), consolidation 2022-09-01"", ""scope"": ""Seed-market identities; cultivar groups not separate species. Current 2024-12-24 consolidation identified but anti-bot blocked; no claim of current legal eligibility""}]"
buckwheat,Buckwheat,Fagopyrum esculentum,Fagopyrum esculentum,cereals-pseudocereals,"[""COVER_CROP"", ""SEED_PRODUCTION""]",PARTIAL,NOT_AVAILABLE,[],[],[],[],NOT_SOWING_SPECIFIC,[],"[""10081000""]",[],"[{""canonical_species_id"": ""buckwheat"", ""mapping_status"": ""CN_MAPPING_PARTIAL"", ""nomenclature_year"": 2026, ""cn4"": [""1008""], ""cn6"": [""100810""], ""cn8"": [], ""hs6"": [""100810""], ""hs6_scope"": ""Six-digit hierarchy only; not proof of species-specific or sowing-specific classification"", ""sowing_seed"": {""usage"": ""SOWING_SEED"", ""verified_cn8"": [], ""limitation"": ""No confirmed sowing-specific CN8""}, ""non_sowing_commodity"": {""usage"": ""NON_SOWING_COMMODITY"", ""codes"": [], ""recovered_note"": ""Grain and seed use require separation"", ""note_semantics"": ""Historical non_sowing field often describes grouped classification, not an actual commodity code""}, ""official_descriptions"": [], ""source_url"": ""https://www.ksh.hu/docs/osztalyozasok/kn/kn2026_structure.xlsx"", ""source_organisation"": ""Hungarian Central Statistical Office"", ""retrieval_date"": ""2026-10-02"", ""notes"": [""Current CN heading does not separate sowing and non-sowing use; product evidence required.""], ""historical_year_eligibility"": ""REVIEW_REQUIRED; no 2021–2025 concordance inferred""}]",[],false,false,null,false,{},null,null,false,false,false,[],true,true,Official denomination does not isolate sowing use. Commodity codes retained in audit only; never activated.,LIMITED_OR_REVIEW,"[""Customs mapping is not evidence that the species contributed any amount to a group."", ""No interpolation, proportional allocation, species shares or supply signal."", ""Taxonomy and production datasets remain unchanged.""]","[{""id"": ""defra"", ""organisation"": ""Defra"", ""url"": ""https://www.gov.uk/guidance/how-to-do-the-sfi-actions-for-soils"", ""retrieved_at"": ""2026-10-03"", ""document"": ""Updated 2025-03-27; choosing a cover-crop mix and herbal ley"", ""scope"": ""Use examples; broader labels not automatically resolved to a species""}, {""id"": ""v041"", ""organisation"": ""SeedTrade evidence review of official national seed authorities"", ""url"": null, ""retrieved_at"": ""2026-10-03"", ""checkpoint_sha256"": ""2b149594c48a1f0ed1de04f69835baffb4e671a04901a48a37aa88a52a7d4359"", ""scope"": ""Recovered V4.1 canonical IDs, bounded ranks, source taxon mapping and CN evidence; original checkpoint retained""}]"
fennel,Fennel,Foeniculum vulgare,Foeniculum vulgare,vegetable-seeds,"[""VEGETABLE""]",NOT_AVAILABLE,NOT_AVAILABLE,[],[],[],[],NOT_SOWING_SPECIFIC,[],"[""09096100""]",[],"[{""canonical_species_id"": ""fennel"", ""mapping_status"": ""CN_MAPPING_NOT_AVAILABLE"", ""cn4"": [], ""cn6"": [], ""cn8"": [], ""hs6"": [], ""sowing_seed"": {""usage"": ""SOWING_SEED"", ""verified_cn8"": []}, ""non_sowing_commodity"": {""usage"": ""NON_SOWING_COMMODITY"", ""codes"": []}, ""source_url"": null, ""notes"": [""No species-specific CN mapping invented""]}]",[],false,false,null,false,{},null,null,false,false,false,[],false,true,Official denomination does not isolate sowing use. Commodity codes retained in audit only; never activated.,LIMITED_OR_REVIEW,"[""Customs mapping is not evidence that the species contributed any amount to a group."", ""No interpolation, proportional allocation, species shares or supply signal."", ""Taxonomy and production datasets remain unchanged.""]","[{""id"": ""vegetables"", ""organisation"": ""European Union / EUR-Lex"", ""url"": ""https://eur-lex.europa.eu/legal-content/EN/TXT/?uri=CELEX:02002L0055-20220901"", ""retrieved_at"": ""2026-10-03"", ""document"": ""2002/55/EC Article 2(1)(b), consolidation 2022-09-01"", ""scope"": ""Seed-market identities; cultivar groups not separate species. Current 2024-12-24 consolidation identified but anti-bot blocked; no claim of current legal eligibility""}]"
lentil,Lentil,Lens culinaris,Lens culinaris,grain-legumes,"[""CATCH_CROP"", ""COVER_CROP"", ""SEED_PRODUCTION""]",PARTIAL,NOT_AVAILABLE,[],[],[],[],NOT_SOWING_SPECIFIC,[],"[""07134000""]","[""07134000""]","[{""canonical_species_id"": ""lentil"", ""mapping_status"": ""CN_MAPPING_PARTIAL"", ""nomenclature_year"": 2026, ""cn4"": [""0713""], ""cn6"": [""071340""], ""cn8"": [""07134000""], ""hs6"": [""071340""], ""hs6_scope"": ""Hierarchy only; no species/sowing proof"", ""sowing_seed"": {""usage"": ""SOWING_SEED"", ""verified_cn8"": [], ""limitation"": ""No confirmed sowing-specific code""}, ""non_sowing_commodity"": {""usage"": ""NON_SOWING_COMMODITY"", ""codes"": []}, ""official_descriptions"": [{""cn8"": ""07134000"", ""description"": ""Dried, shelled lentils, whether or not skinned or split"", ""worksheet_row"": 1130}], ""source_url"": ""https://www.ksh.hu/docs/osztalyozasok/kn/kn2026_structure.xlsx"", ""source_organisation"": ""Hungarian Central Statistical Office"", ""retrieval_date"": ""2026-10-02"", ""notes"": [""Named product heading does not distinguish sowing from other uses; mixed-use codes never appear as verified sowing or non-sowing codes.""], ""historical_year_eligibility"": ""REVIEW_REQUIRED; no 2021–2025 tariff concordance inferred""}]",[],false,false,null,false,{},null,null,false,false,false,[],true,true,Official denomination does not isolate sowing use. Commodity codes retained in audit only; never activated.,LIMITED_OR_REVIEW,"[""Customs mapping is not evidence that the species contributed any amount to a group."", ""No interpolation, proportional allocation, species shares or supply signal."", ""Taxonomy and production datasets remain unchanged.""]","[{""id"": ""lfl"", ""organisation"": ""Bavarian State Research Center for Agriculture (LfL)"", ""url"": ""https://www.lfl.bayern.de/mam/cms07/publikationen/daten/informationen/greening-zwischenfruchtanbau-lfl-information-2018.pdf"", ""retrieved_at"": ""2026-10-03"", ""document"": ""Greening und Zwischenfruchtanbau, November 2018, Annex 1 pages 8–10"", ""scope"": ""Botanical names and catch-crop mixture use; historical permitted-species list, not current subsidy/legal eligibility or production evidence""}, {""id"": ""v041"", ""organisation"": ""SeedTrade evidence review of official national seed authorities"", ""url"": null, ""retrieved_at"": ""2026-10-03"", ""checkpoint_sha256"": ""2b149594c48a1f0ed1de04f69835baffb4e671a04901a48a37aa88a52a7d4359"", ""scope"": ""Recovered V4.1 canonical IDs, bounded ranks, source taxon mapping and CN evidence; original checkpoint retained""}]"
hybrid-ryegrass,Hybrid ryegrass,Lolium × hybridum,Lolium × hybridum,grass-seeds,"[""CATCH_CROP"", ""COVER_CROP"", ""SEED_PRODUCTION""]",REVIEW_REQUIRED,REVIEW_REQUIRED,[],[],[],[],REVIEW_REQUIRED,[],[],[],"[{""canonical_species_id"": ""hybrid-ryegrass"", ""mapping_status"": ""CN_MAPPING_REVIEW_REQUIRED"", ""nomenclature_year"": 2026, ""cn4"": [], ""cn6"": [], ""cn8"": [], ""hs6"": [], ""hs6_scope"": ""Hierarchy only; no species/sowing proof"", ""sowing_seed"": {""usage"": ""SOWING_SEED"", ""verified_cn8"": [], ""limitation"": ""No confirmed sowing-specific code""}, ""non_sowing_commodity"": {""usage"": ""NON_SOWING_COMMODITY"", ""codes"": []}, ""official_descriptions"": [], ""source_url"": ""https://www.ksh.hu/docs/osztalyozasok/kn/kn2026_structure.xlsx"", ""source_organisation"": ""Hungarian Central Statistical Office"", ""retrieval_date"": ""2026-10-02"", ""notes"": [""Taxonomy alone does not establish this hybrid/crop-use/product-form customs classification; no residual code forced.""], ""historical_year_eligibility"": ""REVIEW_REQUIRED; no 2021–2025 tariff concordance inferred""}]",[],false,false,null,false,{},null,null,false,false,false,[],true,true,Existing mapping audited against official 2026 denomination; original scope retained.,LIMITED_OR_REVIEW,"[""Customs mapping is not evidence that the species contributed any amount to a group."", ""No interpolation, proportional allocation, species shares or supply signal."", ""Taxonomy and production datasets remain unchanged.""]","[{""id"": ""lfl"", ""organisation"": ""Bavarian State Research Center for Agriculture (LfL)"", ""url"": ""https://www.lfl.bayern.de/mam/cms07/publikationen/daten/informationen/greening-zwischenfruchtanbau-lfl-information-2018.pdf"", ""retrieved_at"": ""2026-10-03"", ""document"": ""Greening und Zwischenfruchtanbau, November 2018, Annex 1 pages 8–10"", ""scope"": ""Botanical names and catch-crop mixture use; historical permitted-species list, not current subsidy/legal eligibility or production evidence""}, {""id"": ""v041"", ""organisation"": ""SeedTrade evidence review of official national seed authorities"", ""url"": null, ""retrieved_at"": ""2026-10-03"", ""checkpoint_sha256"": ""2b149594c48a1f0ed1de04f69835baffb4e671a04901a48a37aa88a52a7d4359"", ""scope"": ""Recovered V4.1 canonical IDs, bounded ranks, source taxon mapping and CN evidence; original checkpoint retained""}]"
hybrid-lucerne,Hybrid lucerne,Medicago × varia,Medicago × varia,forage-legumes,"[""SEED_PRODUCTION""]",REVIEW_REQUIRED,REVIEW_REQUIRED,[],[],[],[],REVIEW_REQUIRED,[],[],[],"[{""canonical_species_id"": ""hybrid-lucerne"", ""mapping_status"": ""CN_MAPPING_REVIEW_REQUIRED"", ""nomenclature_year"": 2026, ""cn4"": [], ""cn6"": [], ""cn8"": [], ""hs6"": [], ""hs6_scope"": ""Hierarchy only; no species/sowing proof"", ""sowing_seed"": {""usage"": ""SOWING_SEED"", ""verified_cn8"": [], ""limitation"": ""No confirmed sowing-specific code""}, ""non_sowing_commodity"": {""usage"": ""NON_SOWING_COMMODITY"", ""codes"": []}, ""official_descriptions"": [], ""source_url"": ""https://www.ksh.hu/docs/osztalyozasok/kn/kn2026_structure.xlsx"", ""source_organisation"": ""Hungarian Central Statistical Office"", ""retrieval_date"": ""2026-10-02"", ""notes"": [""Taxonomy alone does not establish this hybrid/crop-use/product-form customs classification; no residual code forced.""], ""historical_year_eligibility"": ""REVIEW_REQUIRED; no 2021–2025 tariff concordance inferred""}]",[],false,false,null,false,{},null,null,false,false,false,[],true,true,Existing mapping audited against official 2026 denomination; original scope retained.,LIMITED_OR_REVIEW,"[""Customs mapping is not evidence that the species contributed any amount to a group."", ""No interpolation, proportional allocation, species shares or supply signal."", ""Taxonomy and production datasets remain unchanged.""]","[{""id"": ""v041"", ""organisation"": ""SeedTrade evidence review of official national seed authorities"", ""url"": null, ""retrieved_at"": ""2026-10-03"", ""checkpoint_sha256"": ""2b149594c48a1f0ed1de04f69835baffb4e671a04901a48a37aa88a52a7d4359"", ""scope"": ""Recovered V4.1 canonical IDs, bounded ranks, source taxon mapping and CN evidence; original checkpoint retained""}]"
phacelia,Phacelia,Phacelia tanacetifolia,Phacelia tanacetifolia,herbs-specialty,"[""CATCH_CROP"", ""COVER_CROP"", ""SEED_PRODUCTION""]",REVIEW_REQUIRED,REVIEW_REQUIRED,[],[],[],[],REVIEW_REQUIRED,[],[],[],"[{""canonical_species_id"": ""phacelia"", ""mapping_status"": ""CN_MAPPING_REVIEW_REQUIRED"", ""nomenclature_year"": 2026, ""cn4"": [""1209""], ""cn6"": [""120999""], ""cn8"": [], ""hs6"": [""120999""], ""hs6_scope"": ""Six-digit hierarchy only; not proof of species-specific or sowing-specific classification"", ""sowing_seed"": {""usage"": ""SOWING_SEED"", ""verified_cn8"": [], ""limitation"": ""No confirmed sowing-specific CN8""}, ""non_sowing_commodity"": {""usage"": ""NON_SOWING_COMMODITY"", ""codes"": [], ""recovered_note"": null, ""note_semantics"": ""Historical non_sowing field often describes grouped classification, not an actual commodity code""}, ""official_descriptions"": [], ""source_url"": ""https://www.ksh.hu/docs/osztalyozasok/kn/kn2026_structure.xlsx"", ""source_organisation"": ""Hungarian Central Statistical Office"", ""retrieval_date"": ""2026-10-02"", ""notes"": [""Recovered 120999 parent is insufficient to adjudicate forage/other-use classification; no forced CN8.""], ""historical_year_eligibility"": ""REVIEW_REQUIRED; no 2021–2025 concordance inferred""}]",[],false,false,null,false,{},null,null,false,false,false,[],true,true,Existing mapping audited against official 2026 denomination; original scope retained.,LIMITED_OR_REVIEW,"[""Customs mapping is not evidence that the species contributed any amount to a group."", ""No interpolation, proportional allocation, species shares or supply signal."", ""Taxonomy and production datasets remain unchanged.""]","[{""id"": ""lfl"", ""organisation"": ""Bavarian State Research Center for Agriculture (LfL)"", ""url"": ""https://www.lfl.bayern.de/mam/cms07/publikationen/daten/informationen/greening-zwischenfruchtanbau-lfl-information-2018.pdf"", ""retrieved_at"": ""2026-10-03"", ""document"": ""Greening und Zwischenfruchtanbau, November 2018, Annex 1 pages 8–10"", ""scope"": ""Botanical names and catch-crop mixture use; historical permitted-species list, not current subsidy/legal eligibility or production evidence""}, {""id"": ""v041"", ""organisation"": ""SeedTrade evidence review of official national seed authorities"", ""url"": null, ""retrieved_at"": ""2026-10-03"", ""checkpoint_sha256"": ""2b149594c48a1f0ed1de04f69835baffb4e671a04901a48a37aa88a52a7d4359"", ""scope"": ""Recovered V4.1 canonical IDs, bounded ranks, source taxon mapping and CN evidence; original checkpoint retained""}]"
canary-grass,Canary grass,Phalaris canariensis,Phalaris canariensis,cereals-pseudocereals,"[""SEED_PRODUCTION""]",PARTIAL,NOT_AVAILABLE,[],[],[],[],NOT_SOWING_SPECIFIC,[],"[""10083000""]","[""10083000""]","[{""canonical_species_id"": ""canary-grass"", ""mapping_status"": ""CN_MAPPING_PARTIAL"", ""nomenclature_year"": 2026, ""cn4"": [""1008""], ""cn6"": [""100830""], ""cn8"": [""10083000""], ""hs6"": [""100830""], ""hs6_scope"": ""Hierarchy only; no species/sowing proof"", ""sowing_seed"": {""usage"": ""SOWING_SEED"", ""verified_cn8"": [], ""limitation"": ""No confirmed sowing-specific code""}, ""non_sowing_commodity"": {""usage"": ""NON_SOWING_COMMODITY"", ""codes"": []}, ""official_descriptions"": [{""cn8"": ""10083000"", ""description"": ""Canary seed"", ""worksheet_row"": 1380}], ""source_url"": ""https://www.ksh.hu/docs/osztalyozasok/kn/kn2026_structure.xlsx"", ""source_organisation"": ""Hungarian Central Statistical Office"", ""retrieval_date"": ""2026-10-02"", ""notes"": [""Named product heading does not distinguish sowing from other uses; mixed-use codes never appear as verified sowing or non-sowing codes.""], ""historical_year_eligibility"": ""REVIEW_REQUIRED; no 2021–2025 tariff concordance inferred""}]",[],false,false,null,false,{},null,null,false,false,false,[],true,true,Official denomination does not isolate sowing use. Commodity codes retained in audit only; never activated.,LIMITED_OR_REVIEW,"[""Customs mapping is not evidence that the species contributed any amount to a group."", ""No interpolation, proportional allocation, species shares or supply signal."", ""Taxonomy and production datasets remain unchanged.""]","[{""id"": ""v041"", ""organisation"": ""SeedTrade evidence review of official national seed authorities"", ""url"": null, ""retrieved_at"": ""2026-10-03"", ""checkpoint_sha256"": ""2b149594c48a1f0ed1de04f69835baffb4e671a04901a48a37aa88a52a7d4359"", ""scope"": ""Recovered V4.1 canonical IDs, bounded ranks, source taxon mapping and CN evidence; original checkpoint retained""}]"
runner-bean,Runner bean,Phaseolus coccineus,Phaseolus coccineus,vegetable-seeds,"[""VEGETABLE""]",NOT_AVAILABLE,NOT_AVAILABLE,[],[],[],[],NOT_SOWING_SPECIFIC,[],"[""07133900""]",[],"[{""canonical_species_id"": ""runner-bean"", ""mapping_status"": ""CN_MAPPING_NOT_AVAILABLE"", ""cn4"": [], ""cn6"": [], ""cn8"": [], ""hs6"": [], ""sowing_seed"": {""usage"": ""SOWING_SEED"", ""verified_cn8"": []}, ""non_sowing_commodity"": {""usage"": ""NON_SOWING_COMMODITY"", ""codes"": []}, ""source_url"": null, ""notes"": [""No species-specific CN mapping invented""]}]",[],false,false,null,false,{},null,null,false,false,false,[],false,true,Official denomination does not isolate sowing use. Commodity codes retained in audit only; never activated.,LIMITED_OR_REVIEW,"[""Customs mapping is not evidence that the species contributed any amount to a group."", ""No interpolation, proportional allocation, species shares or supply signal."", ""Taxonomy and production datasets remain unchanged.""]","[{""id"": ""vegetables"", ""organisation"": ""European Union / EUR-Lex"", ""url"": ""https://eur-lex.europa.eu/legal-content/EN/TXT/?uri=CELEX:02002L0055-20220901"", ""retrieved_at"": ""2026-10-03"", ""document"": ""2002/55/EC Article 2(1)(b), consolidation 2022-09-01"", ""scope"": ""Seed-market identities; cultivar groups not separate species. Current 2024-12-24 consolidation identified but anti-bot blocked; no claim of current legal eligibility""}]"
fenugreek,Fenugreek,Trigonella foenum-graecum,Trigonella foenum-graecum,herbs-specialty,"[""CATCH_CROP"", ""COVER_CROP""]",NOT_AVAILABLE,NOT_AVAILABLE,[],[],[],[],NOT_SOWING_SPECIFIC,[],"[""09109910""]",[],"[{""canonical_species_id"": ""fenugreek"", ""mapping_status"": ""CN_MAPPING_NOT_AVAILABLE"", ""cn4"": [], ""cn6"": [], ""cn8"": [], ""hs6"": [], ""sowing_seed"": {""usage"": ""SOWING_SEED"", ""verified_cn8"": []}, ""non_sowing_commodity"": {""usage"": ""NON_SOWING_COMMODITY"", ""codes"": []}, ""source_url"": null, ""notes"": [""No species-specific CN mapping invented""]}]",[],false,false,null,false,{},null,null,false,false,false,[],false,true,Official denomination does not isolate sowing use. Commodity codes retained in audit only; never activated.,LIMITED_OR_REVIEW,"[""Customs mapping is not evidence that the species contributed any amount to a group."", ""No interpolation, proportional allocation, species shares or supply signal."", ""Taxonomy and production datasets remain unchanged.""]","[{""id"": ""lfl"", ""organisation"": ""Bavarian State Research Center for Agriculture (LfL)"", ""url"": ""https://www.lfl.bayern.de/mam/cms07/publikationen/daten/informationen/greening-zwischenfruchtanbau-lfl-information-2018.pdf"", ""retrieved_at"": ""2026-10-03"", ""document"": ""Greening und Zwischenfruchtanbau, November 2018, Annex 1 pages 8–10"", ""scope"": ""Botanical names and catch-crop mixture use; historical permitted-species list, not current subsidy/legal eligibility or production evidence""}]"
faba-bean,Faba beans,Vicia faba,Vicia faba,grain-legumes,"[""CATCH_CROP"", ""COVER_CROP"", ""SEED_PRODUCTION""]",PARTIAL,NOT_AVAILABLE,[],[],[],[],NOT_SOWING_SPECIFIC,[],"[""07135000""]",[],"[{""canonical_species_id"": ""faba-bean"", ""mapping_status"": ""CN_MAPPING_PARTIAL"", ""nomenclature_year"": 2026, ""cn4"": [""0713""], ""cn6"": [""071350""], ""cn8"": [], ""hs6"": [""071350""], ""hs6_scope"": ""Six-digit hierarchy only; not proof of species-specific or sowing-specific classification"", ""sowing_seed"": {""usage"": ""SOWING_SEED"", ""verified_cn8"": [], ""limitation"": ""No confirmed sowing-specific CN8""}, ""non_sowing_commodity"": {""usage"": ""NON_SOWING_COMMODITY"", ""codes"": [], ""recovered_note"": ""Dry broad beans may share heading"", ""note_semantics"": ""Historical non_sowing field often describes grouped classification, not an actual commodity code""}, ""official_descriptions"": [], ""source_url"": ""https://www.ksh.hu/docs/osztalyozasok/kn/kn2026_structure.xlsx"", ""source_organisation"": ""Hungarian Central Statistical Office"", ""retrieval_date"": ""2026-10-02"", ""notes"": [""Current CN heading does not separate sowing and non-sowing use; product evidence required.""], ""historical_year_eligibility"": ""REVIEW_REQUIRED; no 2021–2025 concordance inferred""}]",[],false,false,null,false,{},null,null,false,false,false,[],true,true,Official denomination does not isolate sowing use. Commodity codes retained in audit only; never activated.,LIMITED_OR_REVIEW,"[""Customs mapping is not evidence that the species contributed any amount to a group."", ""No interpolation, proportional allocation, species shares or supply signal."", ""Taxonomy and production datasets remain unchanged.""]","[{""id"": ""lfl"", ""organisation"": ""Bavarian State Research Center for Agriculture (LfL)"", ""url"": ""https://www.lfl.bayern.de/mam/cms07/publikationen/daten/informationen/greening-zwischenfruchtanbau-lfl-information-2018.pdf"", ""retrieved_at"": ""2026-10-03"", ""document"": ""Greening und Zwischenfruchtanbau, November 2018, Annex 1 pages 8–10"", ""scope"": ""Botanical names and catch-crop mixture use; historical permitted-species list, not current subsidy/legal eligibility or production evidence""}, {""id"": ""v041"", ""organisation"": ""SeedTrade evidence review of official national seed authorities"", ""url"": null, ""retrieved_at"": ""2026-10-03"", ""checkpoint_sha256"": ""2b149594c48a1f0ed1de04f69835baffb4e671a04901a48a37aa88a52a7d4359"", ""scope"": ""Recovered V4.1 canonical IDs, bounded ranks, source taxon mapping and CN evidence; original checkpoint retained""}]"
