category_id,category_name,volume_tonnes,trade_value_eur,cn_count,cn_codes,linked_cn_market_entities,linked_existing_direct_commercial_entities,linked_existing_scope_candidate_entities,directly_supported_full_scope_species,limited_scope_species,core_volume_share_percent,core_value_share_percent,state,allocation
cereals-pseudocereals,Cereals and pseudocereals,185721.887,89147327.0,15,"[""07129011"",""10011100"",""10019110"",""10019120"",""10021000"",""10031000"",""10041000"",""10051013"",""10051015"",""10051018"",""10051090"",""10061010"",""10071010"",""10071090"",""10082100""]",15,4,12,3,3,73.988332,22.262436,MEASURED_CN_CATEGORY_TOTAL,No constituent species volumes or counts of actual contributors inferred.
grain-legumes,Grain legumes and protein crops,15999.439,7261629.0,3,"[""07131010"",""12011000"",""12092950""]",3,2,5,2,0,6.373895,1.81342,MEASURED_CN_CATEGORY_TOTAL,No constituent species volumes or counts of actual contributors inferred.
forage-legumes,Forage legumes,3583.73,11426084.0,3,"[""12092100"",""12092210"",""12092280""]",3,2,14,2,0,1.427695,2.853394,MEASURED_CN_CATEGORY_TOTAL,No constituent species volumes or counts of actual contributors inferred.
grass-seeds,Grass seeds,12488.184,21728189.0,6,"[""12092311"",""12092315"",""12092380"",""12092400"",""12092510"",""12092590""]",6,5,6,5,0,4.975073,5.426101,MEASURED_CN_CATEGORY_TOTAL,No constituent species volumes or counts of actual contributors inferred.
oil-fibre-seeds,Oilseed and fibre crops,16653.404,59269178.0,5,"[""12040010"",""12051010"",""12060010"",""12079110"",""12079920""]",5,3,8,3,0,6.634423,14.801075,MEASURED_CN_CATEGORY_TOTAL,No constituent species volumes or counts of actual contributors inferred.
brassica-seeds,Mustard and radish seeds,3048.162,4128117.0,1,"[""12075010""]",1,0,3,0,0,1.214334,1.0309,MEASURED_CN_CATEGORY_TOTAL,No constituent species volumes or counts of actual contributors inferred.
vegetable-seeds,Vegetable seeds,1703.625,8092589.0,2,"[""07133310"",""12099130""]",2,1,2,1,1,0.678694,2.020933,MEASURED_CN_CATEGORY_TOTAL,No constituent species volumes or counts of actual contributors inferred.
herbs-specialty,Herbs and specialty flowering crops,null,null,0,[],0,0,0,0,0,null,null,DATA_GAP,No constituent species volumes or counts of actual contributors inferred.
seed-potatoes,Seed potatoes,null,null,0,[],0,0,0,0,0,null,null,DATA_GAP,No constituent species volumes or counts of actual contributors inferred.
other-propagation,Other propagation material,null,null,0,[],0,0,0,0,0,null,null,DATA_GAP,No constituent species volumes or counts of actual contributors inferred.
