cn8,official_cn_description,market_entity,linked_botanical_species_measured,linked_scope_candidates_only,canonical_categories,allocated_category,baseline_status,sowing_specificity,sowing_use_confirmed,original_granularity,audited_granularity,volume_kg,volume_tonnes,trade_value_eur,observations,total_volume_share_percent,total_value_share_percent,expansion_volume_share_percent,expansion_value_share_percent,source,source_period,flow,public_safe,inclusion_recommendation,methodological_note,source_evidence,dominant_country_grain,concentration_flags,classification,classification_reason,botanical_precision,precision,measurement_entity_id,direct_commercial_entity_ids,category_status,species_volume_allocation,provenance,implementation_status,resolved_fail_reason,commercial_botanical,biological_parent,partial_parent_scope_only,category_reason
07129011,"Dried sweetcorn, hybrid, for sowing",CN-07129011,[],"[{""id"":""maize"",""botanical"":""Zea mays""}]","[""cereals-pseudocereals""]",cereals-pseudocereals,NEW_CN,CONFIRMED_SOWING_SPECIFIC,true,PARTIAL,PARTIAL,122538.0,122.538,2217681.0,73,0.048817,0.553813,0.055678,0.607995,Eurostat COMEXT DS-045409;KSH official CN2026;official annual concordance,2026-06,EXPORTER_DISPATCH_INTRA_EU_ONLY,true,INCLUDE_HEADLINE_SOWING_SCOPE,Partial botanical/crop-type scope is not full species coverage.,"{""classification_url"":""https://www.ksh.hu/docs/osztalyozasok/kn/kn2026_structure.xlsx"",""classification_sha256"":""083d065994fd2b41037aae21dc26087300a3a013e948e1884117abdd9d87ac56"",""trade_request_pattern"":""Preserved requests for all 27 reporters in COMEXT_REQUEST_MANIFEST.json""}","{""identity"":""COMEXT:M:NL:FR:07129011:2:2026-06"",""reporter"":""NL"",""partner"":""FR"",""kg"":35227.0,""eur"":529181.0,""source_file"":""NL-07129011.json"",""source_url"":""https://ec.europa.eu/eurostat/api/comext/dissemination/statistics/1.0/data/DS-045409?lang=EN&freq=M&reporter=NL&product=07129011&sinceTimePeriod=2024-01&untilTimePeriod=2026-06""}",[],CORE_SEED_TRADE,Explicit seed-for-sowing customs scope is safe in a CN-defined headline. Botanical precision is a separate dimension and is disclosed; no species completeness claim.,PARTIAL,MARKET_ENTITY_SPECIFIC,CN-07129011,[],ALLOCATED_CN_CATEGORY,NONE_FOR_GROUPS,"{""original_audit"":""CN_AUDIT_40.json"",""original_audit_version"":""r2"",""classification_evidence"":{""classification_url"":""https://www.ksh.hu/docs/osztalyozasok/kn/kn2026_structure.xlsx"",""classification_sha256"":""083d065994fd2b41037aae21dc26087300a3a013e948e1884117abdd9d87ac56"",""trade_request_pattern"":""Preserved requests for all 27 reporters in COMEXT_REQUEST_MANIFEST.json""},""period"":""2026-06"",""source"":""Eurostat COMEXT DS-045409;KSH official CN2026;official annual concordance""}",RECOMMENDATION_ONLY_NOT_APPLIED,null,null,null,null,null
07131010,"Peas, ""Pisum sativum"", dried and shelled, for sowing",CN-07131010,"[{""id"":""field-pea"",""name"":""Field peas"",""botanical"":""Pisum sativum""}]",[],"[""grain-legumes""]",grain-legumes,OLD_BASELINE_CN,CONFIRMED_SOWING_SPECIFIC,true,SPECIES_SPECIFIC,SPECIES_SPECIFIC,2610393.0,2610.393,1923999.0,135,1.039935,0.480473,null,null,Eurostat COMEXT DS-045409;KSH official CN2026;official annual concordance,2026-06,EXPORTER_DISPATCH_INTRA_EU_ONLY,true,INCLUDE_HEADLINE_SOWING_SCOPE,Sowing use and single botanical scope confirmed.,"{""classification_url"":""https://www.ksh.hu/docs/osztalyozasok/kn/kn2026_structure.xlsx"",""classification_sha256"":""083d065994fd2b41037aae21dc26087300a3a013e948e1884117abdd9d87ac56"",""trade_request_pattern"":""Preserved requests for all 27 reporters in COMEXT_REQUEST_MANIFEST.json""}","{""identity"":""COMEXT:M:CZ:DE:07131010:2:2026-06"",""reporter"":""CZ"",""partner"":""DE"",""kg"":482800.0,""eur"":132138.0,""source_file"":""CZ-07131010.json"",""source_url"":""https://ec.europa.eu/eurostat/api/comext/dissemination/statistics/1.0/data/DS-045409?lang=EN&freq=M&reporter=CZ&product=07131010&sinceTimePeriod=2024-01&untilTimePeriod=2026-06""}",[],CORE_SEED_TRADE,Explicit seed-for-sowing customs scope is safe in a CN-defined headline. Botanical precision is a separate dimension and is disclosed; no species completeness claim.,SPECIES_SPECIFIC,SPECIES_SPECIFIC,CN-07131010,"[""field-pea""]",ALLOCATED_CN_CATEGORY,NONE_FOR_GROUPS,"{""original_audit"":""CN_AUDIT_40.json"",""original_audit_version"":""r2"",""classification_evidence"":{""classification_url"":""https://www.ksh.hu/docs/osztalyozasok/kn/kn2026_structure.xlsx"",""classification_sha256"":""083d065994fd2b41037aae21dc26087300a3a013e948e1884117abdd9d87ac56"",""trade_request_pattern"":""Preserved requests for all 27 reporters in COMEXT_REQUEST_MANIFEST.json""},""period"":""2026-06"",""source"":""Eurostat COMEXT DS-045409;KSH official CN2026;official annual concordance""}",RECOMMENDATION_ONLY_NOT_APPLIED,null,null,null,null,null
07133310,"Dried, shelled kidney beans ""Phaseolus vulgaris"", for sowing",CN-07133310,"[{""id"":""common-bean"",""name"":""Common bean"",""botanical"":""Phaseolus vulgaris""}]",[],"[""vegetable-seeds""]",vegetable-seeds,NEW_CN,CONFIRMED_SOWING_SPECIFIC,true,SPECIES_SPECIFIC,SPECIES_SPECIFIC,1676397.0,1676.397,7788047.0,155,0.667847,1.944881,0.761711,2.135157,Eurostat COMEXT DS-045409;KSH official CN2026;official annual concordance,2026-06,EXPORTER_DISPATCH_INTRA_EU_ONLY,true,INCLUDE_HEADLINE_SOWING_SCOPE,Sowing use and single botanical scope confirmed.,"{""classification_url"":""https://www.ksh.hu/docs/osztalyozasok/kn/kn2026_structure.xlsx"",""classification_sha256"":""083d065994fd2b41037aae21dc26087300a3a013e948e1884117abdd9d87ac56"",""trade_request_pattern"":""Preserved requests for all 27 reporters in COMEXT_REQUEST_MANIFEST.json""}","{""identity"":""COMEXT:M:NL:FR:07133310:2:2026-06"",""reporter"":""NL"",""partner"":""FR"",""kg"":265370.0,""eur"":1816620.0,""source_file"":""NL-07133310.json"",""source_url"":""https://ec.europa.eu/eurostat/api/comext/dissemination/statistics/1.0/data/DS-045409?lang=EN&freq=M&reporter=NL&product=07133310&sinceTimePeriod=2024-01&untilTimePeriod=2026-06""}",[],CORE_SEED_TRADE,Explicit seed-for-sowing customs scope is safe in a CN-defined headline. Botanical precision is a separate dimension and is disclosed; no species completeness claim.,SPECIES_SPECIFIC,SPECIES_SPECIFIC,CN-07133310,"[""common-bean""]",ALLOCATED_CN_CATEGORY,NONE_FOR_GROUPS,"{""original_audit"":""CN_AUDIT_40.json"",""original_audit_version"":""r2"",""classification_evidence"":{""classification_url"":""https://www.ksh.hu/docs/osztalyozasok/kn/kn2026_structure.xlsx"",""classification_sha256"":""083d065994fd2b41037aae21dc26087300a3a013e948e1884117abdd9d87ac56"",""trade_request_pattern"":""Preserved requests for all 27 reporters in COMEXT_REQUEST_MANIFEST.json""},""period"":""2026-06"",""source"":""Eurostat COMEXT DS-045409;KSH official CN2026;official annual concordance""}",RECOMMENDATION_ONLY_NOT_APPLIED,null,null,null,null,null
10011100,Durum wheat seed for sowing,CN-10011100,"[{""id"":""durum-wheat"",""name"":""Durum wheat"",""botanical"":""Triticum turgidum subsp. durum""}]",[],"[""cereals-pseudocereals""]",cereals-pseudocereals,NEW_CN,CONFIRMED_SOWING_SPECIFIC,true,SPECIES_SPECIFIC,SPECIES_SPECIFIC,12173984.0,12173.984,3022037.0,26,4.849901,0.754682,5.531542,0.828516,Eurostat COMEXT DS-045409;KSH official CN2026;official annual concordance,2026-06,EXPORTER_DISPATCH_INTRA_EU_ONLY,true,INCLUDE_HEADLINE_SOWING_SCOPE,Sowing use and single botanical scope confirmed.,"{""classification_url"":""https://www.ksh.hu/docs/osztalyozasok/kn/kn2026_structure.xlsx"",""classification_sha256"":""083d065994fd2b41037aae21dc26087300a3a013e948e1884117abdd9d87ac56"",""trade_request_pattern"":""Preserved requests for all 27 reporters in COMEXT_REQUEST_MANIFEST.json""}","{""identity"":""COMEXT:M:FR:BE:10011100:2:2026-06"",""reporter"":""FR"",""partner"":""BE"",""kg"":3114501.0,""eur"":805712.0,""source_file"":""FR-10011100.json"",""source_url"":""https://ec.europa.eu/eurostat/api/comext/dissemination/statistics/1.0/data/DS-045409?lang=EN&freq=M&reporter=FR&product=10011100&sinceTimePeriod=2024-01&untilTimePeriod=2026-06""}",[],CORE_SEED_TRADE,Explicit seed-for-sowing customs scope is safe in a CN-defined headline. Botanical precision is a separate dimension and is disclosed; no species completeness claim.,SPECIES_SPECIFIC,SPECIES_SPECIFIC,CN-10011100,"[""durum-wheat""]",ALLOCATED_CN_CATEGORY,NONE_FOR_GROUPS,"{""original_audit"":""CN_AUDIT_40.json"",""original_audit_version"":""r2"",""classification_evidence"":{""classification_url"":""https://www.ksh.hu/docs/osztalyozasok/kn/kn2026_structure.xlsx"",""classification_sha256"":""083d065994fd2b41037aae21dc26087300a3a013e948e1884117abdd9d87ac56"",""trade_request_pattern"":""Preserved requests for all 27 reporters in COMEXT_REQUEST_MANIFEST.json""},""period"":""2026-06"",""source"":""Eurostat COMEXT DS-045409;KSH official CN2026;official annual concordance""}",RECOMMENDATION_ONLY_NOT_APPLIED,null,null,null,null,null
10019110,Spelt seed for sowing,CN-10019110,[],"[{""id"":""common-wheat"",""botanical"":""Triticum aestivum""}]","[""cereals-pseudocereals""]",cereals-pseudocereals,NEW_CN,CONFIRMED_SOWING_SPECIFIC,true,PARTIAL,PARTIAL,2861551.0,2861.551,1672188.0,30,1.139992,0.417589,1.300214,0.458444,Eurostat COMEXT DS-045409;KSH official CN2026;official annual concordance,2026-06,EXPORTER_DISPATCH_INTRA_EU_ONLY,true,INCLUDE_HEADLINE_SOWING_SCOPE;REPAIR_ATTRIBUTION_BEFORE_RELEASE,"Biological parent common-wheat mapping is valid as partial infraspecific scope, but the separate approved spelt commercial entity lacks its direct CN link. Re-link to existing spelt (Triticum aestivum subsp. spelta), without taxonomy expansion.","{""classification_url"":""https://www.ksh.hu/docs/osztalyozasok/kn/kn2026_structure.xlsx"",""classification_sha256"":""083d065994fd2b41037aae21dc26087300a3a013e948e1884117abdd9d87ac56"",""trade_request_pattern"":""Preserved requests for all 27 reporters in COMEXT_REQUEST_MANIFEST.json""}","{""identity"":""COMEXT:M:BE:DE:10019110:2:2026-06"",""reporter"":""BE"",""partner"":""DE"",""kg"":1704566.0,""eur"":1028835.0,""source_file"":""BE-10019110.json"",""source_url"":""https://ec.europa.eu/eurostat/api/comext/dissemination/statistics/1.0/data/DS-045409?lang=EN&freq=M&reporter=BE&product=10019110&sinceTimePeriod=2024-01&untilTimePeriod=2026-06""}",[],CORE_SEED_TRADE,Explicit seed-for-sowing customs scope is safe in a CN-defined headline. Botanical precision is a separate dimension and is disclosed; no species completeness claim.,PARTIAL,MARKET_ENTITY_SPECIFIC,spelt,"[""spelt""]",ALLOCATED_CN_CATEGORY,NONE_FOR_GROUPS,"{""original_audit"":""CN_AUDIT_40.json"",""original_audit_version"":""r2"",""classification_evidence"":{""classification_url"":""https://www.ksh.hu/docs/osztalyozasok/kn/kn2026_structure.xlsx"",""classification_sha256"":""083d065994fd2b41037aae21dc26087300a3a013e948e1884117abdd9d87ac56"",""trade_request_pattern"":""Preserved requests for all 27 reporters in COMEXT_REQUEST_MANIFEST.json""},""period"":""2026-06"",""source"":""Eurostat COMEXT DS-045409;KSH official CN2026;official annual concordance""}",RECOMMENDATION_ONLY_NOT_APPLIED,"{""cn8"":""10019110"",""previous_fail_reason"":""Missing direct separate commercial Spelt link; partial biological-parent mapping is valid."",""resolution"":""Direct CN-to-existing-commercial-entity link to spelt; retain biological parent common-wheat as PARTIAL_SCOPE. No new species or entity."",""commercial_entity_id"":""spelt"",""botanical"":""Triticum aestivum subsp. spelta"",""biological_species"":""Triticum aestivum"",""status"":""RESOLVED_MODEL_ONLY""}",Triticum aestivum subsp. spelta,Triticum aestivum,true,null
10019120,"Seed of common wheat or meslin, for sowing",CN-10019120,[],"[{""id"":""common-wheat"",""botanical"":""Triticum aestivum""}]","[""cereals-pseudocereals""]",cereals-pseudocereals,NEW_CN,CONFIRMED_SOWING_SPECIFIC,true,PARTIAL,GROUP_LEVEL,61878779.0,61878.779,13126731.0,72,24.651417,3.278091,28.116107,3.598801,Eurostat COMEXT DS-045409;KSH official CN2026;official annual concordance,2026-06,EXPORTER_DISPATCH_INTRA_EU_ONLY,true,INCLUDE_HEADLINE_SOWING_SCOPE;REPAIR_ATTRIBUTION_BEFORE_RELEASE,Common wheat OR meslin is a combined customs scope. Never interpret its entire volume as Triticum aestivum alone; relabel GROUP_LEVEL and retain common-wheat only as scope candidate.,"{""classification_url"":""https://www.ksh.hu/docs/osztalyozasok/kn/kn2026_structure.xlsx"",""classification_sha256"":""083d065994fd2b41037aae21dc26087300a3a013e948e1884117abdd9d87ac56"",""trade_request_pattern"":""Preserved requests for all 27 reporters in COMEXT_REQUEST_MANIFEST.json""}","{""identity"":""COMEXT:M:BE:IE:10019120:2:2026-06"",""reporter"":""BE"",""partner"":""IE"",""kg"":21693804.0,""eur"":4642913.0,""source_file"":""BE-10019120.json"",""source_url"":""https://ec.europa.eu/eurostat/api/comext/dissemination/statistics/1.0/data/DS-045409?lang=EN&freq=M&reporter=BE&product=10019120&sinceTimePeriod=2024-01&untilTimePeriod=2026-06""}","[""NEW_CODE_VOLUME_SHARE_AT_LEAST_25_PERCENT""]",CORE_SEED_TRADE,Explicit seed-for-sowing customs scope is safe in a CN-defined headline. Botanical precision is a separate dimension and is disclosed; no species completeness claim.,GROUP_LEVEL,GROUP_LEVEL,CN-10019120,[],ALLOCATED_CN_CATEGORY,NONE_FOR_GROUPS,"{""original_audit"":""CN_AUDIT_40.json"",""original_audit_version"":""r2"",""classification_evidence"":{""classification_url"":""https://www.ksh.hu/docs/osztalyozasok/kn/kn2026_structure.xlsx"",""classification_sha256"":""083d065994fd2b41037aae21dc26087300a3a013e948e1884117abdd9d87ac56"",""trade_request_pattern"":""Preserved requests for all 27 reporters in COMEXT_REQUEST_MANIFEST.json""},""period"":""2026-06"",""source"":""Eurostat COMEXT DS-045409;KSH official CN2026;official annual concordance""}",RECOMMENDATION_ONLY_NOT_APPLIED,"{""cn8"":""10019120"",""previous_fail_reason"":""Common wheat or meslin presented as partial common-wheat scope."",""resolution"":""GROUP_LEVEL customs entity CN-10019120. Common-wheat is a scope candidate only; no whole-CN common-wheat volume and no constituent allocation."",""commercial_entity_id"":""CN-10019120"",""botanical"":null,""status"":""RESOLVED_MODEL_ONLY""}",null,null,null,null
10021000,Rye seed for sowing,CN-10021000,"[{""id"":""rye"",""name"":""Rye"",""botanical"":""Secale cereale""}]",[],"[""cereals-pseudocereals""]",cereals-pseudocereals,NEW_CN,CONFIRMED_SOWING_SPECIFIC,true,SPECIES_SPECIFIC,SPECIES_SPECIFIC,8192448.0,8192.448,2137115.0,31,3.263727,0.533694,3.722435,0.585908,Eurostat COMEXT DS-045409;KSH official CN2026;official annual concordance,2026-06,EXPORTER_DISPATCH_INTRA_EU_ONLY,true,INCLUDE_HEADLINE_SOWING_SCOPE,Sowing use and single botanical scope confirmed.,"{""classification_url"":""https://www.ksh.hu/docs/osztalyozasok/kn/kn2026_structure.xlsx"",""classification_sha256"":""083d065994fd2b41037aae21dc26087300a3a013e948e1884117abdd9d87ac56"",""trade_request_pattern"":""Preserved requests for all 27 reporters in COMEXT_REQUEST_MANIFEST.json""}","{""identity"":""COMEXT:M:PL:DE:10021000:2:2026-06"",""reporter"":""PL"",""partner"":""DE"",""kg"":5456850.0,""eur"":1011868.0,""source_file"":""PL-10021000.json"",""source_url"":""https://ec.europa.eu/eurostat/api/comext/dissemination/statistics/1.0/data/DS-045409?lang=EN&freq=M&reporter=PL&product=10021000&sinceTimePeriod=2024-01&untilTimePeriod=2026-06""}",[],CORE_SEED_TRADE,Explicit seed-for-sowing customs scope is safe in a CN-defined headline. Botanical precision is a separate dimension and is disclosed; no species completeness claim.,SPECIES_SPECIFIC,SPECIES_SPECIFIC,CN-10021000,"[""rye""]",ALLOCATED_CN_CATEGORY,NONE_FOR_GROUPS,"{""original_audit"":""CN_AUDIT_40.json"",""original_audit_version"":""r2"",""classification_evidence"":{""classification_url"":""https://www.ksh.hu/docs/osztalyozasok/kn/kn2026_structure.xlsx"",""classification_sha256"":""083d065994fd2b41037aae21dc26087300a3a013e948e1884117abdd9d87ac56"",""trade_request_pattern"":""Preserved requests for all 27 reporters in COMEXT_REQUEST_MANIFEST.json""},""period"":""2026-06"",""source"":""Eurostat COMEXT DS-045409;KSH official CN2026;official annual concordance""}",RECOMMENDATION_ONLY_NOT_APPLIED,null,null,null,null,null
10031000,Barley seed for sowing,CN-10031000,"[{""id"":""barley"",""name"":""Barley"",""botanical"":""Hordeum vulgare""}]",[],"[""cereals-pseudocereals""]",cereals-pseudocereals,NEW_CN,CONFIRMED_SOWING_SPECIFIC,true,SPECIES_SPECIFIC,SPECIES_SPECIFIC,9026811.0,9026.811,2272920.0,100,3.596123,0.567608,4.101548,0.62314,Eurostat COMEXT DS-045409;KSH official CN2026;official annual concordance,2026-06,EXPORTER_DISPATCH_INTRA_EU_ONLY,true,INCLUDE_HEADLINE_SOWING_SCOPE,Sowing use and single botanical scope confirmed.,"{""classification_url"":""https://www.ksh.hu/docs/osztalyozasok/kn/kn2026_structure.xlsx"",""classification_sha256"":""083d065994fd2b41037aae21dc26087300a3a013e948e1884117abdd9d87ac56"",""trade_request_pattern"":""Preserved requests for all 27 reporters in COMEXT_REQUEST_MANIFEST.json""}","{""identity"":""COMEXT:M:FR:BE:10031000:2:2026-06"",""reporter"":""FR"",""partner"":""BE"",""kg"":3512431.0,""eur"":692118.0,""source_file"":""FR-10031000.json"",""source_url"":""https://ec.europa.eu/eurostat/api/comext/dissemination/statistics/1.0/data/DS-045409?lang=EN&freq=M&reporter=FR&product=10031000&sinceTimePeriod=2024-01&untilTimePeriod=2026-06""}",[],CORE_SEED_TRADE,Explicit seed-for-sowing customs scope is safe in a CN-defined headline. Botanical precision is a separate dimension and is disclosed; no species completeness claim.,SPECIES_SPECIFIC,SPECIES_SPECIFIC,CN-10031000,"[""barley""]",ALLOCATED_CN_CATEGORY,NONE_FOR_GROUPS,"{""original_audit"":""CN_AUDIT_40.json"",""original_audit_version"":""r2"",""classification_evidence"":{""classification_url"":""https://www.ksh.hu/docs/osztalyozasok/kn/kn2026_structure.xlsx"",""classification_sha256"":""083d065994fd2b41037aae21dc26087300a3a013e948e1884117abdd9d87ac56"",""trade_request_pattern"":""Preserved requests for all 27 reporters in COMEXT_REQUEST_MANIFEST.json""},""period"":""2026-06"",""source"":""Eurostat COMEXT DS-045409;KSH official CN2026;official annual concordance""}",RECOMMENDATION_ONLY_NOT_APPLIED,null,null,null,null,null
10041000,Oats seed for sowing,CN-10041000,[],"[{""id"":""naked-oat"",""botanical"":""Avena nuda""},{""id"":""oat"",""botanical"":""Avena sativa""},{""id"":""black-oat"",""botanical"":""Avena strigosa""}]","[""cereals-pseudocereals""]",cereals-pseudocereals,NEW_CN,CONFIRMED_SOWING_SPECIFIC,true,GROUP_LEVEL,GROUP_LEVEL,7030460.0,7030.46,2386749.0,72,2.800812,0.596034,3.194458,0.654347,Eurostat COMEXT DS-045409;KSH official CN2026;official annual concordance,2026-06,EXPORTER_DISPATCH_INTRA_EU_ONLY,true,INCLUDE_HEADLINE_SOWING_SCOPE,Group trade is not allocated to constituent species.,"{""classification_url"":""https://www.ksh.hu/docs/osztalyozasok/kn/kn2026_structure.xlsx"",""classification_sha256"":""083d065994fd2b41037aae21dc26087300a3a013e948e1884117abdd9d87ac56"",""trade_request_pattern"":""Preserved requests for all 27 reporters in COMEXT_REQUEST_MANIFEST.json""}","{""identity"":""COMEXT:M:PL:NL:10041000:2:2026-06"",""reporter"":""PL"",""partner"":""NL"",""kg"":2679821.0,""eur"":517398.0,""source_file"":""PL-10041000.json"",""source_url"":""https://ec.europa.eu/eurostat/api/comext/dissemination/statistics/1.0/data/DS-045409?lang=EN&freq=M&reporter=PL&product=10041000&sinceTimePeriod=2024-01&untilTimePeriod=2026-06""}",[],CORE_SEED_TRADE,Explicit seed-for-sowing customs scope is safe in a CN-defined headline. Botanical precision is a separate dimension and is disclosed; no species completeness claim.,GROUP_LEVEL,GROUP_LEVEL,CN-10041000,[],ALLOCATED_CN_CATEGORY,NONE_FOR_GROUPS,"{""original_audit"":""CN_AUDIT_40.json"",""original_audit_version"":""r2"",""classification_evidence"":{""classification_url"":""https://www.ksh.hu/docs/osztalyozasok/kn/kn2026_structure.xlsx"",""classification_sha256"":""083d065994fd2b41037aae21dc26087300a3a013e948e1884117abdd9d87ac56"",""trade_request_pattern"":""Preserved requests for all 27 reporters in COMEXT_REQUEST_MANIFEST.json""},""period"":""2026-06"",""source"":""Eurostat COMEXT DS-045409;KSH official CN2026;official annual concordance""}",RECOMMENDATION_ONLY_NOT_APPLIED,null,null,null,null,null
10051013,Three-cross hybrid maize seed for sowing,CN-10051013,[],"[{""id"":""maize"",""botanical"":""Zea mays""}]","[""cereals-pseudocereals""]",cereals-pseudocereals,NEW_CN,CONFIRMED_SOWING_SPECIFIC,true,PARTIAL,PARTIAL,704348.0,704.348,3070995.0,41,0.2806,0.766908,0.320037,0.841938,Eurostat COMEXT DS-045409;KSH official CN2026;official annual concordance,2026-06,EXPORTER_DISPATCH_INTRA_EU_ONLY,true,INCLUDE_HEADLINE_SOWING_SCOPE,Partial botanical/crop-type scope is not full species coverage.,"{""classification_url"":""https://www.ksh.hu/docs/osztalyozasok/kn/kn2026_structure.xlsx"",""classification_sha256"":""083d065994fd2b41037aae21dc26087300a3a013e948e1884117abdd9d87ac56"",""trade_request_pattern"":""Preserved requests for all 27 reporters in COMEXT_REQUEST_MANIFEST.json""}","{""identity"":""COMEXT:M:DE:FR:10051013:2:2026-06"",""reporter"":""DE"",""partner"":""FR"",""kg"":252402.0,""eur"":872159.0,""source_file"":""DE-10051013.json"",""source_url"":""https://ec.europa.eu/eurostat/api/comext/dissemination/statistics/1.0/data/DS-045409?lang=EN&freq=M&reporter=DE&product=10051013&sinceTimePeriod=2024-01&untilTimePeriod=2026-06""}",[],CORE_SEED_TRADE,Explicit seed-for-sowing customs scope is safe in a CN-defined headline. Botanical precision is a separate dimension and is disclosed; no species completeness claim.,PARTIAL,MARKET_ENTITY_SPECIFIC,CN-10051013,[],ALLOCATED_CN_CATEGORY,NONE_FOR_GROUPS,"{""original_audit"":""CN_AUDIT_40.json"",""original_audit_version"":""r2"",""classification_evidence"":{""classification_url"":""https://www.ksh.hu/docs/osztalyozasok/kn/kn2026_structure.xlsx"",""classification_sha256"":""083d065994fd2b41037aae21dc26087300a3a013e948e1884117abdd9d87ac56"",""trade_request_pattern"":""Preserved requests for all 27 reporters in COMEXT_REQUEST_MANIFEST.json""},""period"":""2026-06"",""source"":""Eurostat COMEXT DS-045409;KSH official CN2026;official annual concordance""}",RECOMMENDATION_ONLY_NOT_APPLIED,null,null,null,null,null
10051015,Simple hybrid maize seed for sowing,CN-10051015,[],"[{""id"":""maize"",""botanical"":""Zea mays""}]","[""cereals-pseudocereals""]",cereals-pseudocereals,NEW_CN,CONFIRMED_SOWING_SPECIFIC,true,PARTIAL,PARTIAL,13272188.0,13272.188,35559173.0,97,5.287406,8.880062,6.030537,9.748839,Eurostat COMEXT DS-045409;KSH official CN2026;official annual concordance,2026-06,EXPORTER_DISPATCH_INTRA_EU_ONLY,true,INCLUDE_HEADLINE_SOWING_SCOPE,Partial botanical/crop-type scope is not full species coverage.,"{""classification_url"":""https://www.ksh.hu/docs/osztalyozasok/kn/kn2026_structure.xlsx"",""classification_sha256"":""083d065994fd2b41037aae21dc26087300a3a013e948e1884117abdd9d87ac56"",""trade_request_pattern"":""Preserved requests for all 27 reporters in COMEXT_REQUEST_MANIFEST.json""}","{""identity"":""COMEXT:M:FR:ES:10051015:2:2026-06"",""reporter"":""FR"",""partner"":""ES"",""kg"":6049213.0,""eur"":1596281.0,""source_file"":""FR-10051015.json"",""source_url"":""https://ec.europa.eu/eurostat/api/comext/dissemination/statistics/1.0/data/DS-045409?lang=EN&freq=M&reporter=FR&product=10051015&sinceTimePeriod=2024-01&untilTimePeriod=2026-06""}",[],CORE_SEED_TRADE,Explicit seed-for-sowing customs scope is safe in a CN-defined headline. Botanical precision is a separate dimension and is disclosed; no species completeness claim.,PARTIAL,MARKET_ENTITY_SPECIFIC,CN-10051015,[],ALLOCATED_CN_CATEGORY,NONE_FOR_GROUPS,"{""original_audit"":""CN_AUDIT_40.json"",""original_audit_version"":""r2"",""classification_evidence"":{""classification_url"":""https://www.ksh.hu/docs/osztalyozasok/kn/kn2026_structure.xlsx"",""classification_sha256"":""083d065994fd2b41037aae21dc26087300a3a013e948e1884117abdd9d87ac56"",""trade_request_pattern"":""Preserved requests for all 27 reporters in COMEXT_REQUEST_MANIFEST.json""},""period"":""2026-06"",""source"":""Eurostat COMEXT DS-045409;KSH official CN2026;official annual concordance""}",RECOMMENDATION_ONLY_NOT_APPLIED,null,null,null,null,null
10051018,Hybrid maize seed for sowing (excl. three-cross and simple hybrid seed),CN-10051018,[],"[{""id"":""maize"",""botanical"":""Zea mays""}]","[""cereals-pseudocereals""]",cereals-pseudocereals,NEW_CN,CONFIRMED_SOWING_SPECIFIC,true,PARTIAL,PARTIAL,4469335.0,4469.335,1556223.0,51,1.780504,0.38863,2.03075,0.426651,Eurostat COMEXT DS-045409;KSH official CN2026;official annual concordance,2026-06,EXPORTER_DISPATCH_INTRA_EU_ONLY,true,INCLUDE_HEADLINE_SOWING_SCOPE,Partial botanical/crop-type scope is not full species coverage.,"{""classification_url"":""https://www.ksh.hu/docs/osztalyozasok/kn/kn2026_structure.xlsx"",""classification_sha256"":""083d065994fd2b41037aae21dc26087300a3a013e948e1884117abdd9d87ac56"",""trade_request_pattern"":""Preserved requests for all 27 reporters in COMEXT_REQUEST_MANIFEST.json""}","{""identity"":""COMEXT:M:RO:IT:10051018:2:2026-06"",""reporter"":""RO"",""partner"":""IT"",""kg"":2950209.0,""eur"":590214.0,""source_file"":""RO-10051018.json"",""source_url"":""https://ec.europa.eu/eurostat/api/comext/dissemination/statistics/1.0/data/DS-045409?lang=EN&freq=M&reporter=RO&product=10051018&sinceTimePeriod=2024-01&untilTimePeriod=2026-06""}",[],CORE_SEED_TRADE,Explicit seed-for-sowing customs scope is safe in a CN-defined headline. Botanical precision is a separate dimension and is disclosed; no species completeness claim.,PARTIAL,MARKET_ENTITY_SPECIFIC,CN-10051018,[],ALLOCATED_CN_CATEGORY,NONE_FOR_GROUPS,"{""original_audit"":""CN_AUDIT_40.json"",""original_audit_version"":""r2"",""classification_evidence"":{""classification_url"":""https://www.ksh.hu/docs/osztalyozasok/kn/kn2026_structure.xlsx"",""classification_sha256"":""083d065994fd2b41037aae21dc26087300a3a013e948e1884117abdd9d87ac56"",""trade_request_pattern"":""Preserved requests for all 27 reporters in COMEXT_REQUEST_MANIFEST.json""},""period"":""2026-06"",""source"":""Eurostat COMEXT DS-045409;KSH official CN2026;official annual concordance""}",RECOMMENDATION_ONLY_NOT_APPLIED,null,null,null,null,null
10051090,Maize seed for sowing (excl. hybrid),CN-10051090,[],"[{""id"":""maize"",""botanical"":""Zea mays""}]","[""cereals-pseudocereals""]",cereals-pseudocereals,NEW_CN,CONFIRMED_SOWING_SPECIFIC,true,PARTIAL,PARTIAL,61812981.0,61812.981,19215270.0,69,24.625204,4.798559,28.08621,5.268024,Eurostat COMEXT DS-045409;KSH official CN2026;official annual concordance,2026-06,EXPORTER_DISPATCH_INTRA_EU_ONLY,true,INCLUDE_HEADLINE_SOWING_SCOPE,Partial botanical/crop-type scope is not full species coverage.,"{""classification_url"":""https://www.ksh.hu/docs/osztalyozasok/kn/kn2026_structure.xlsx"",""classification_sha256"":""083d065994fd2b41037aae21dc26087300a3a013e948e1884117abdd9d87ac56"",""trade_request_pattern"":""Preserved requests for all 27 reporters in COMEXT_REQUEST_MANIFEST.json""}","{""identity"":""COMEXT:M:PL:PT:10051090:2:2026-06"",""reporter"":""PL"",""partner"":""PT"",""kg"":27000000.0,""eur"":6831858.0,""source_file"":""PL-10051090.json"",""source_url"":""https://ec.europa.eu/eurostat/api/comext/dissemination/statistics/1.0/data/DS-045409?lang=EN&freq=M&reporter=PL&product=10051090&sinceTimePeriod=2024-01&untilTimePeriod=2026-06""}","[""NEW_CODE_VOLUME_SHARE_AT_LEAST_25_PERCENT""]",CORE_SEED_TRADE,Explicit seed-for-sowing customs scope is safe in a CN-defined headline. Botanical precision is a separate dimension and is disclosed; no species completeness claim.,PARTIAL,MARKET_ENTITY_SPECIFIC,CN-10051090,[],ALLOCATED_CN_CATEGORY,NONE_FOR_GROUPS,"{""original_audit"":""CN_AUDIT_40.json"",""original_audit_version"":""r2"",""classification_evidence"":{""classification_url"":""https://www.ksh.hu/docs/osztalyozasok/kn/kn2026_structure.xlsx"",""classification_sha256"":""083d065994fd2b41037aae21dc26087300a3a013e948e1884117abdd9d87ac56"",""trade_request_pattern"":""Preserved requests for all 27 reporters in COMEXT_REQUEST_MANIFEST.json""},""period"":""2026-06"",""source"":""Eurostat COMEXT DS-045409;KSH official CN2026;official annual concordance""}",RECOMMENDATION_ONLY_NOT_APPLIED,null,null,null,null,null
10061010,Rice in husk for sowing,CN-10061010,[],"[{""id"":""rice"",""botanical"":""Oryza sativa""}]","[""cereals-pseudocereals""]",cereals-pseudocereals,NEW_CN,CONFIRMED_SOWING_SPECIFIC,true,GROUP_LEVEL,GROUP_LEVEL,2934844.0,2934.844,1412372.0,12,1.16919,0.352706,1.333517,0.387213,Eurostat COMEXT DS-045409;KSH official CN2026;official annual concordance,2026-06,EXPORTER_DISPATCH_INTRA_EU_ONLY,true,INCLUDE_HEADLINE_SOWING_SCOPE,Group trade is not allocated to constituent species.,"{""classification_url"":""https://www.ksh.hu/docs/osztalyozasok/kn/kn2026_structure.xlsx"",""classification_sha256"":""083d065994fd2b41037aae21dc26087300a3a013e948e1884117abdd9d87ac56"",""trade_request_pattern"":""Preserved requests for all 27 reporters in COMEXT_REQUEST_MANIFEST.json""}","{""identity"":""COMEXT:M:ES:PT:10061010:2:2026-06"",""reporter"":""ES"",""partner"":""PT"",""kg"":2516460.0,""eur"":791203.0,""source_file"":""ES-10061010.json"",""source_url"":""https://ec.europa.eu/eurostat/api/comext/dissemination/statistics/1.0/data/DS-045409?lang=EN&freq=M&reporter=ES&product=10061010&sinceTimePeriod=2024-01&untilTimePeriod=2026-06""}",[],CORE_SEED_TRADE,Explicit seed-for-sowing customs scope is safe in a CN-defined headline. Botanical precision is a separate dimension and is disclosed; no species completeness claim.,GROUP_LEVEL,GROUP_LEVEL,CN-10061010,[],ALLOCATED_CN_CATEGORY,NONE_FOR_GROUPS,"{""original_audit"":""CN_AUDIT_40.json"",""original_audit_version"":""r2"",""classification_evidence"":{""classification_url"":""https://www.ksh.hu/docs/osztalyozasok/kn/kn2026_structure.xlsx"",""classification_sha256"":""083d065994fd2b41037aae21dc26087300a3a013e948e1884117abdd9d87ac56"",""trade_request_pattern"":""Preserved requests for all 27 reporters in COMEXT_REQUEST_MANIFEST.json""},""period"":""2026-06"",""source"":""Eurostat COMEXT DS-045409;KSH official CN2026;official annual concordance""}",RECOMMENDATION_ONLY_NOT_APPLIED,null,null,null,null,null
10071010,"Hybrid grain sorghum, for sowing",CN-10071010,[],"[{""id"":""sorghum"",""botanical"":""Sorghum bicolor""}]","[""cereals-pseudocereals""]",cereals-pseudocereals,NEW_CN,CONFIRMED_SOWING_SPECIFIC,true,PARTIAL,PARTIAL,649436.0,649.436,1074011.0,26,0.258724,0.268209,0.295087,0.294449,Eurostat COMEXT DS-045409;KSH official CN2026;official annual concordance,2026-06,EXPORTER_DISPATCH_INTRA_EU_ONLY,true,INCLUDE_HEADLINE_SOWING_SCOPE,Partial botanical/crop-type scope is not full species coverage.,"{""classification_url"":""https://www.ksh.hu/docs/osztalyozasok/kn/kn2026_structure.xlsx"",""classification_sha256"":""083d065994fd2b41037aae21dc26087300a3a013e948e1884117abdd9d87ac56"",""trade_request_pattern"":""Preserved requests for all 27 reporters in COMEXT_REQUEST_MANIFEST.json""}","{""identity"":""COMEXT:M:FR:BE:10071010:2:2026-06"",""reporter"":""FR"",""partner"":""BE"",""kg"":265054.0,""eur"":56747.0,""source_file"":""FR-10071010.json"",""source_url"":""https://ec.europa.eu/eurostat/api/comext/dissemination/statistics/1.0/data/DS-045409?lang=EN&freq=M&reporter=FR&product=10071010&sinceTimePeriod=2024-01&untilTimePeriod=2026-06""}",[],CORE_SEED_TRADE,Explicit seed-for-sowing customs scope is safe in a CN-defined headline. Botanical precision is a separate dimension and is disclosed; no species completeness claim.,PARTIAL,MARKET_ENTITY_SPECIFIC,CN-10071010,[],ALLOCATED_CN_CATEGORY,NONE_FOR_GROUPS,"{""original_audit"":""CN_AUDIT_40.json"",""original_audit_version"":""r2"",""classification_evidence"":{""classification_url"":""https://www.ksh.hu/docs/osztalyozasok/kn/kn2026_structure.xlsx"",""classification_sha256"":""083d065994fd2b41037aae21dc26087300a3a013e948e1884117abdd9d87ac56"",""trade_request_pattern"":""Preserved requests for all 27 reporters in COMEXT_REQUEST_MANIFEST.json""},""period"":""2026-06"",""source"":""Eurostat COMEXT DS-045409;KSH official CN2026;official annual concordance""}",RECOMMENDATION_ONLY_NOT_APPLIED,null,null,null,null,null
10071090,"Grain sorghum, for sowing (excl. hybrids)",CN-10071090,[],"[{""id"":""sorghum"",""botanical"":""Sorghum bicolor""}]","[""cereals-pseudocereals""]",cereals-pseudocereals,NEW_CN,CONFIRMED_SOWING_SPECIFIC,true,PARTIAL,PARTIAL,188968.0,188.968,223612.0,39,0.075282,0.055842,0.085862,0.061305,Eurostat COMEXT DS-045409;KSH official CN2026;official annual concordance,2026-06,EXPORTER_DISPATCH_INTRA_EU_ONLY,true,INCLUDE_HEADLINE_SOWING_SCOPE,Partial botanical/crop-type scope is not full species coverage.,"{""classification_url"":""https://www.ksh.hu/docs/osztalyozasok/kn/kn2026_structure.xlsx"",""classification_sha256"":""083d065994fd2b41037aae21dc26087300a3a013e948e1884117abdd9d87ac56"",""trade_request_pattern"":""Preserved requests for all 27 reporters in COMEXT_REQUEST_MANIFEST.json""}","{""identity"":""COMEXT:M:FR:ES:10071090:2:2026-06"",""reporter"":""FR"",""partner"":""ES"",""kg"":50980.0,""eur"":9676.0,""source_file"":""FR-10071090.json"",""source_url"":""https://ec.europa.eu/eurostat/api/comext/dissemination/statistics/1.0/data/DS-045409?lang=EN&freq=M&reporter=FR&product=10071090&sinceTimePeriod=2024-01&untilTimePeriod=2026-06""}",[],CORE_SEED_TRADE,Explicit seed-for-sowing customs scope is safe in a CN-defined headline. Botanical precision is a separate dimension and is disclosed; no species completeness claim.,PARTIAL,MARKET_ENTITY_SPECIFIC,CN-10071090,[],ALLOCATED_CN_CATEGORY,NONE_FOR_GROUPS,"{""original_audit"":""CN_AUDIT_40.json"",""original_audit_version"":""r2"",""classification_evidence"":{""classification_url"":""https://www.ksh.hu/docs/osztalyozasok/kn/kn2026_structure.xlsx"",""classification_sha256"":""083d065994fd2b41037aae21dc26087300a3a013e948e1884117abdd9d87ac56"",""trade_request_pattern"":""Preserved requests for all 27 reporters in COMEXT_REQUEST_MANIFEST.json""},""period"":""2026-06"",""source"":""Eurostat COMEXT DS-045409;KSH official CN2026;official annual concordance""}",RECOMMENDATION_ONLY_NOT_APPLIED,null,null,null,null,null
10082100,Millet seed for sowing (excl. grain sorghum),CN-10082100,[],"[{""id"":""proso-millet"",""botanical"":""Panicum miliaceum""},{""id"":""foxtail-millet"",""botanical"":""Setaria italica""}]","[""cereals-pseudocereals""]",cereals-pseudocereals,NEW_CN,CONFIRMED_SOWING_SPECIFIC,true,GROUP_LEVEL,GROUP_LEVEL,403216.0,403.216,200250.0,49,0.160634,0.050008,0.183211,0.0549,Eurostat COMEXT DS-045409;KSH official CN2026;official annual concordance,2026-06,EXPORTER_DISPATCH_INTRA_EU_ONLY,true,INCLUDE_HEADLINE_SOWING_SCOPE,Group trade is not allocated to constituent species.,"{""classification_url"":""https://www.ksh.hu/docs/osztalyozasok/kn/kn2026_structure.xlsx"",""classification_sha256"":""083d065994fd2b41037aae21dc26087300a3a013e948e1884117abdd9d87ac56"",""trade_request_pattern"":""Preserved requests for all 27 reporters in COMEXT_REQUEST_MANIFEST.json""}","{""identity"":""COMEXT:M:FR:NL:10082100:2:2026-06"",""reporter"":""FR"",""partner"":""NL"",""kg"":161760.0,""eur"":44466.0,""source_file"":""FR-10082100.json"",""source_url"":""https://ec.europa.eu/eurostat/api/comext/dissemination/statistics/1.0/data/DS-045409?lang=EN&freq=M&reporter=FR&product=10082100&sinceTimePeriod=2024-01&untilTimePeriod=2026-06""}",[],CORE_SEED_TRADE,Explicit seed-for-sowing customs scope is safe in a CN-defined headline. Botanical precision is a separate dimension and is disclosed; no species completeness claim.,GROUP_LEVEL,GROUP_LEVEL,CN-10082100,[],ALLOCATED_CN_CATEGORY,NONE_FOR_GROUPS,"{""original_audit"":""CN_AUDIT_40.json"",""original_audit_version"":""r2"",""classification_evidence"":{""classification_url"":""https://www.ksh.hu/docs/osztalyozasok/kn/kn2026_structure.xlsx"",""classification_sha256"":""083d065994fd2b41037aae21dc26087300a3a013e948e1884117abdd9d87ac56"",""trade_request_pattern"":""Preserved requests for all 27 reporters in COMEXT_REQUEST_MANIFEST.json""},""period"":""2026-06"",""source"":""Eurostat COMEXT DS-045409;KSH official CN2026;official annual concordance""}",RECOMMENDATION_ONLY_NOT_APPLIED,null,null,null,null,null
12011000,"Soya bean seed, for sowing",CN-12011000,"[{""id"":""soybean"",""name"":""Soybeans"",""botanical"":""Glycine max""}]",[],"[""grain-legumes""]",grain-legumes,NEW_CN,CONFIRMED_SOWING_SPECIFIC,true,SPECIES_SPECIFIC,SPECIES_SPECIFIC,2549495.0,2549.495,1867517.0,61,1.015674,0.466368,1.158424,0.511995,Eurostat COMEXT DS-045409;KSH official CN2026;official annual concordance,2026-06,EXPORTER_DISPATCH_INTRA_EU_ONLY,true,INCLUDE_HEADLINE_SOWING_SCOPE,Sowing use and single botanical scope confirmed.,"{""classification_url"":""https://www.ksh.hu/docs/osztalyozasok/kn/kn2026_structure.xlsx"",""classification_sha256"":""083d065994fd2b41037aae21dc26087300a3a013e948e1884117abdd9d87ac56"",""trade_request_pattern"":""Preserved requests for all 27 reporters in COMEXT_REQUEST_MANIFEST.json""}","{""identity"":""COMEXT:M:NL:DE:12011000:2:2026-06"",""reporter"":""NL"",""partner"":""DE"",""kg"":652784.0,""eur"":112257.0,""source_file"":""NL-12011000.json"",""source_url"":""https://ec.europa.eu/eurostat/api/comext/dissemination/statistics/1.0/data/DS-045409?lang=EN&freq=M&reporter=NL&product=12011000&sinceTimePeriod=2024-01&untilTimePeriod=2026-06""}",[],CORE_SEED_TRADE,Explicit seed-for-sowing customs scope is safe in a CN-defined headline. Botanical precision is a separate dimension and is disclosed; no species completeness claim.,SPECIES_SPECIFIC,SPECIES_SPECIFIC,CN-12011000,"[""soybean""]",ALLOCATED_CN_CATEGORY,NONE_FOR_GROUPS,"{""original_audit"":""CN_AUDIT_40.json"",""original_audit_version"":""r2"",""classification_evidence"":{""classification_url"":""https://www.ksh.hu/docs/osztalyozasok/kn/kn2026_structure.xlsx"",""classification_sha256"":""083d065994fd2b41037aae21dc26087300a3a013e948e1884117abdd9d87ac56"",""trade_request_pattern"":""Preserved requests for all 27 reporters in COMEXT_REQUEST_MANIFEST.json""},""period"":""2026-06"",""source"":""Eurostat COMEXT DS-045409;KSH official CN2026;official annual concordance""}",RECOMMENDATION_ONLY_NOT_APPLIED,null,null,null,null,null
12040010,Linseed for sowing,CN-12040010,"[{""id"":""flax"",""name"":""Flax"",""botanical"":""Linum usitatissimum""}]",[],"[""oil-fibre-seeds""]",oil-fibre-seeds,OLD_BASELINE_CN,CONFIRMED_SOWING_SPECIFIC,true,SPECIES_SPECIFIC,SPECIES_SPECIFIC,1632835.0,1632.835,1558633.0,34,0.650493,0.389232,null,null,Eurostat COMEXT DS-045409;KSH official CN2026;official annual concordance,2026-06,EXPORTER_DISPATCH_INTRA_EU_ONLY,true,INCLUDE_HEADLINE_SOWING_SCOPE,Sowing use and single botanical scope confirmed.,"{""classification_url"":""https://www.ksh.hu/docs/osztalyozasok/kn/kn2026_structure.xlsx"",""classification_sha256"":""083d065994fd2b41037aae21dc26087300a3a013e948e1884117abdd9d87ac56"",""trade_request_pattern"":""Preserved requests for all 27 reporters in COMEXT_REQUEST_MANIFEST.json""}","{""identity"":""COMEXT:M:PL:DE:12040010:2:2026-06"",""reporter"":""PL"",""partner"":""DE"",""kg"":993820.0,""eur"":630718.0,""source_file"":""PL-12040010.json"",""source_url"":""https://ec.europa.eu/eurostat/api/comext/dissemination/statistics/1.0/data/DS-045409?lang=EN&freq=M&reporter=PL&product=12040010&sinceTimePeriod=2024-01&untilTimePeriod=2026-06""}",[],CORE_SEED_TRADE,Explicit seed-for-sowing customs scope is safe in a CN-defined headline. Botanical precision is a separate dimension and is disclosed; no species completeness claim.,SPECIES_SPECIFIC,SPECIES_SPECIFIC,CN-12040010,"[""flax""]",ALLOCATED_CN_CATEGORY,NONE_FOR_GROUPS,"{""original_audit"":""CN_AUDIT_40.json"",""original_audit_version"":""r2"",""classification_evidence"":{""classification_url"":""https://www.ksh.hu/docs/osztalyozasok/kn/kn2026_structure.xlsx"",""classification_sha256"":""083d065994fd2b41037aae21dc26087300a3a013e948e1884117abdd9d87ac56"",""trade_request_pattern"":""Preserved requests for all 27 reporters in COMEXT_REQUEST_MANIFEST.json""},""period"":""2026-06"",""source"":""Eurostat COMEXT DS-045409;KSH official CN2026;official annual concordance""}",RECOMMENDATION_ONLY_NOT_APPLIED,null,null,null,null,null
12051010,"Low erucic acid rape or colza seeds ""yielding a fixed oil which has an erucic acid content of < 2% and yielding a solid component of glucosinolates of < 30 micromoles/g"", for sowing",CN-12051010,[],"[{""id"":""rapeseed"",""botanical"":""Brassica napus""},{""id"":""turnip-rape"",""botanical"":""Brassica rapa""}]","[""oil-fibre-seeds""]",oil-fibre-seeds,NEW_CN,CONFIRMED_SOWING_SPECIFIC,true,GROUP_LEVEL,GROUP_LEVEL,10692473.0,10692.473,40375382.0,88,4.259693,10.082797,4.858381,11.069242,Eurostat COMEXT DS-045409;KSH official CN2026;official annual concordance,2026-06,EXPORTER_DISPATCH_INTRA_EU_ONLY,true,INCLUDE_HEADLINE_SOWING_SCOPE,Group trade is not allocated to constituent species.,"{""classification_url"":""https://www.ksh.hu/docs/osztalyozasok/kn/kn2026_structure.xlsx"",""classification_sha256"":""083d065994fd2b41037aae21dc26087300a3a013e948e1884117abdd9d87ac56"",""trade_request_pattern"":""Preserved requests for all 27 reporters in COMEXT_REQUEST_MANIFEST.json""}","{""identity"":""COMEXT:M:EE:FI:12051010:2:2026-06"",""reporter"":""EE"",""partner"":""FI"",""kg"":3074260.0,""eur"":1684368.0,""source_file"":""EE-12051010.json"",""source_url"":""https://ec.europa.eu/eurostat/api/comext/dissemination/statistics/1.0/data/DS-045409?lang=EN&freq=M&reporter=EE&product=12051010&sinceTimePeriod=2024-01&untilTimePeriod=2026-06""}",[],CORE_SEED_TRADE,Explicit seed-for-sowing customs scope is safe in a CN-defined headline. Botanical precision is a separate dimension and is disclosed; no species completeness claim.,GROUP_LEVEL,GROUP_LEVEL,CN-12051010,[],ALLOCATED_CN_CATEGORY,NONE_FOR_GROUPS,"{""original_audit"":""CN_AUDIT_40.json"",""original_audit_version"":""r2"",""classification_evidence"":{""classification_url"":""https://www.ksh.hu/docs/osztalyozasok/kn/kn2026_structure.xlsx"",""classification_sha256"":""083d065994fd2b41037aae21dc26087300a3a013e948e1884117abdd9d87ac56"",""trade_request_pattern"":""Preserved requests for all 27 reporters in COMEXT_REQUEST_MANIFEST.json""},""period"":""2026-06"",""source"":""Eurostat COMEXT DS-045409;KSH official CN2026;official annual concordance""}",RECOMMENDATION_ONLY_NOT_APPLIED,null,null,null,null,null
12060010,Sunflower seeds for sowing,CN-12060010,"[{""id"":""sunflower"",""name"":""Sunflower"",""botanical"":""Helianthus annuus""}]",[],"[""oil-fibre-seeds""]",oil-fibre-seeds,NEW_CN,CONFIRMED_SOWING_SPECIFIC,true,SPECIES_SPECIFIC,SPECIES_SPECIFIC,2599542.0,2599.542,13089806.0,156,1.035612,3.268869,1.181164,3.588678,Eurostat COMEXT DS-045409;KSH official CN2026;official annual concordance,2026-06,EXPORTER_DISPATCH_INTRA_EU_ONLY,true,INCLUDE_HEADLINE_SOWING_SCOPE,Sowing use and single botanical scope confirmed.,"{""classification_url"":""https://www.ksh.hu/docs/osztalyozasok/kn/kn2026_structure.xlsx"",""classification_sha256"":""083d065994fd2b41037aae21dc26087300a3a013e948e1884117abdd9d87ac56"",""trade_request_pattern"":""Preserved requests for all 27 reporters in COMEXT_REQUEST_MANIFEST.json""}","{""identity"":""COMEXT:M:CZ:DE:12060010:2:2026-06"",""reporter"":""CZ"",""partner"":""DE"",""kg"":621650.0,""eur"":338371.0,""source_file"":""CZ-12060010.json"",""source_url"":""https://ec.europa.eu/eurostat/api/comext/dissemination/statistics/1.0/data/DS-045409?lang=EN&freq=M&reporter=CZ&product=12060010&sinceTimePeriod=2024-01&untilTimePeriod=2026-06""}",[],CORE_SEED_TRADE,Explicit seed-for-sowing customs scope is safe in a CN-defined headline. Botanical precision is a separate dimension and is disclosed; no species completeness claim.,SPECIES_SPECIFIC,SPECIES_SPECIFIC,CN-12060010,"[""sunflower""]",ALLOCATED_CN_CATEGORY,NONE_FOR_GROUPS,"{""original_audit"":""CN_AUDIT_40.json"",""original_audit_version"":""r2"",""classification_evidence"":{""classification_url"":""https://www.ksh.hu/docs/osztalyozasok/kn/kn2026_structure.xlsx"",""classification_sha256"":""083d065994fd2b41037aae21dc26087300a3a013e948e1884117abdd9d87ac56"",""trade_request_pattern"":""Preserved requests for all 27 reporters in COMEXT_REQUEST_MANIFEST.json""},""period"":""2026-06"",""source"":""Eurostat COMEXT DS-045409;KSH official CN2026;official annual concordance""}",RECOMMENDATION_ONLY_NOT_APPLIED,null,null,null,null,null
12075010,Mustard seeds for sowing,CN-12075010,[],"[{""id"":""brown-mustard"",""botanical"":""Brassica juncea""},{""id"":""black-mustard"",""botanical"":""Brassica nigra""},{""id"":""white-mustard"",""botanical"":""Sinapis alba""}]","[""brassica-seeds""]",brassica-seeds,OLD_BASELINE_CN,CONFIRMED_SOWING_SPECIFIC,true,GROUP_LEVEL,GROUP_LEVEL,3048162.0,3048.162,4128117.0,92,1.214334,1.0309,null,null,Eurostat COMEXT DS-045409;KSH official CN2026;official annual concordance,2026-06,EXPORTER_DISPATCH_INTRA_EU_ONLY,true,INCLUDE_HEADLINE_SOWING_SCOPE,Group trade is not allocated to constituent species.,"{""classification_url"":""https://www.ksh.hu/docs/osztalyozasok/kn/kn2026_structure.xlsx"",""classification_sha256"":""083d065994fd2b41037aae21dc26087300a3a013e948e1884117abdd9d87ac56"",""trade_request_pattern"":""Preserved requests for all 27 reporters in COMEXT_REQUEST_MANIFEST.json""}","{""identity"":""COMEXT:M:CZ:DE:12075010:2:2026-06"",""reporter"":""CZ"",""partner"":""DE"",""kg"":949234.0,""eur"":1065036.0,""source_file"":""CZ-12075010.json"",""source_url"":""https://ec.europa.eu/eurostat/api/comext/dissemination/statistics/1.0/data/DS-045409?lang=EN&freq=M&reporter=CZ&product=12075010&sinceTimePeriod=2024-01&untilTimePeriod=2026-06""}",[],CORE_SEED_TRADE,Explicit seed-for-sowing customs scope is safe in a CN-defined headline. Botanical precision is a separate dimension and is disclosed; no species completeness claim.,GROUP_LEVEL,GROUP_LEVEL,CN-12075010,[],ALLOCATED_CN_CATEGORY,NONE_FOR_GROUPS,"{""original_audit"":""CN_AUDIT_40.json"",""original_audit_version"":""r2"",""classification_evidence"":{""classification_url"":""https://www.ksh.hu/docs/osztalyozasok/kn/kn2026_structure.xlsx"",""classification_sha256"":""083d065994fd2b41037aae21dc26087300a3a013e948e1884117abdd9d87ac56"",""trade_request_pattern"":""Preserved requests for all 27 reporters in COMEXT_REQUEST_MANIFEST.json""},""period"":""2026-06"",""source"":""Eurostat COMEXT DS-045409;KSH official CN2026;official annual concordance""}",RECOMMENDATION_ONLY_NOT_APPLIED,null,null,null,null,null
12079110,Poppy seeds for sowing,CN-12079110,"[{""id"":""poppy"",""name"":""Opium / seed poppy"",""botanical"":""Papaver somniferum""}]",[],"[""oil-fibre-seeds""]",oil-fibre-seeds,NEW_CN,CONFIRMED_SOWING_SPECIFIC,true,SPECIES_SPECIFIC,SPECIES_SPECIFIC,65160.0,65.16,182009.0,53,0.025959,0.045452,0.029607,0.049899,Eurostat COMEXT DS-045409;KSH official CN2026;official annual concordance,2026-06,EXPORTER_DISPATCH_INTRA_EU_ONLY,true,INCLUDE_HEADLINE_SOWING_SCOPE,Sowing use and single botanical scope confirmed.,"{""classification_url"":""https://www.ksh.hu/docs/osztalyozasok/kn/kn2026_structure.xlsx"",""classification_sha256"":""083d065994fd2b41037aae21dc26087300a3a013e948e1884117abdd9d87ac56"",""trade_request_pattern"":""Preserved requests for all 27 reporters in COMEXT_REQUEST_MANIFEST.json""}","{""identity"":""COMEXT:M:SK:CZ:12079110:2:2026-06"",""reporter"":""SK"",""partner"":""CZ"",""kg"":32270.0,""eur"":53341.0,""source_file"":""SK-12079110.json"",""source_url"":""https://ec.europa.eu/eurostat/api/comext/dissemination/statistics/1.0/data/DS-045409?lang=EN&freq=M&reporter=SK&product=12079110&sinceTimePeriod=2024-01&untilTimePeriod=2026-06""}",[],CORE_SEED_TRADE,Explicit seed-for-sowing customs scope is safe in a CN-defined headline. Botanical precision is a separate dimension and is disclosed; no species completeness claim.,SPECIES_SPECIFIC,SPECIES_SPECIFIC,CN-12079110,"[""poppy""]",ALLOCATED_CN_CATEGORY,NONE_FOR_GROUPS,"{""original_audit"":""CN_AUDIT_40.json"",""original_audit_version"":""r2"",""classification_evidence"":{""classification_url"":""https://www.ksh.hu/docs/osztalyozasok/kn/kn2026_structure.xlsx"",""classification_sha256"":""083d065994fd2b41037aae21dc26087300a3a013e948e1884117abdd9d87ac56"",""trade_request_pattern"":""Preserved requests for all 27 reporters in COMEXT_REQUEST_MANIFEST.json""},""period"":""2026-06"",""source"":""Eurostat COMEXT DS-045409;KSH official CN2026;official annual concordance""}",RECOMMENDATION_ONLY_NOT_APPLIED,null,null,null,null,null
12079920,"Oil seeds and oleaginous fruits, for sowing (excl. edible nuts, olives, soya beans, groundnuts, copra, linseed, rape or colza seeds, sunflower seeds, palm nuts and kernels, cotton, castor oil, sesamum, mustard, safflower, melon and poppy seeds)",CN-12079920,[],"[{""id"":""camelina"",""botanical"":""Camelina sativa""},{""id"":""hemp"",""botanical"":""Cannabis sativa""},{""id"":""niger"",""botanical"":""Guizotia abyssinica""}]","[""oil-fibre-seeds""]",oil-fibre-seeds,NEW_CN,CONFIRMED_SOWING_SPECIFIC,true,GROUP_LEVEL,GROUP_LEVEL,1663394.0,1663.394,4063348.0,127,0.662667,1.014725,0.755803,1.114,Eurostat COMEXT DS-045409;KSH official CN2026;official annual concordance,2026-06,EXPORTER_DISPATCH_INTRA_EU_ONLY,true,INCLUDE_HEADLINE_SOWING_SCOPE,Group trade is not allocated to constituent species.,"{""classification_url"":""https://www.ksh.hu/docs/osztalyozasok/kn/kn2026_structure.xlsx"",""classification_sha256"":""083d065994fd2b41037aae21dc26087300a3a013e948e1884117abdd9d87ac56"",""trade_request_pattern"":""Preserved requests for all 27 reporters in COMEXT_REQUEST_MANIFEST.json""}","{""identity"":""COMEXT:M:DE:DK:12079920:2:2026-06"",""reporter"":""DE"",""partner"":""DK"",""kg"":286775.0,""eur"":633469.0,""source_file"":""DE-12079920.json"",""source_url"":""https://ec.europa.eu/eurostat/api/comext/dissemination/statistics/1.0/data/DS-045409?lang=EN&freq=M&reporter=DE&product=12079920&sinceTimePeriod=2024-01&untilTimePeriod=2026-06""}",[],CORE_SEED_TRADE,Explicit seed-for-sowing customs scope is safe in a CN-defined headline. Botanical precision is a separate dimension and is disclosed; no species completeness claim.,GROUP_LEVEL,GROUP_LEVEL,CN-12079920,[],ALLOCATED_CN_CATEGORY,NONE_FOR_GROUPS,"{""original_audit"":""CN_AUDIT_40.json"",""original_audit_version"":""r2"",""classification_evidence"":{""classification_url"":""https://www.ksh.hu/docs/osztalyozasok/kn/kn2026_structure.xlsx"",""classification_sha256"":""083d065994fd2b41037aae21dc26087300a3a013e948e1884117abdd9d87ac56"",""trade_request_pattern"":""Preserved requests for all 27 reporters in COMEXT_REQUEST_MANIFEST.json""},""period"":""2026-06"",""source"":""Eurostat COMEXT DS-045409;KSH official CN2026;official annual concordance""}",RECOMMENDATION_ONLY_NOT_APPLIED,null,null,null,null,null
12091000,"Sugar beet seed, for sowing",CN-12091000,[],"[{""id"":""beet-chard"",""botanical"":""Beta vulgaris""}]","[""vegetable-seeds""]",null,NEW_CN,CONFIRMED_SOWING_SPECIFIC,true,PARTIAL,PARTIAL,921317.0,921.317,17575120.0,51,0.367036,4.38897,0.418622,4.818363,Eurostat COMEXT DS-045409;KSH official CN2026;official annual concordance,2026-06,EXPORTER_DISPATCH_INTRA_EU_ONLY,true,INCLUDE_HEADLINE_SOWING_SCOPE;REPAIR_ATTRIBUTION_BEFORE_RELEASE,Sugar-beet seed is a crop-type subset of Beta vulgaris. Whole sugar-beet trade must not automatically become vegetable-category trade merely through a beet/chard canonical label. Category allocation withheld pending explicit commercial-scope decision.,"{""classification_url"":""https://www.ksh.hu/docs/osztalyozasok/kn/kn2026_structure.xlsx"",""classification_sha256"":""083d065994fd2b41037aae21dc26087300a3a013e948e1884117abdd9d87ac56"",""trade_request_pattern"":""Preserved requests for all 27 reporters in COMEXT_REQUEST_MANIFEST.json""}","{""identity"":""COMEXT:M:BE:DE:12091000:2:2026-06"",""reporter"":""BE"",""partner"":""DE"",""kg"":215812.0,""eur"":1312552.0,""source_file"":""BE-12091000.json"",""source_url"":""https://ec.europa.eu/eurostat/api/comext/dissemination/statistics/1.0/data/DS-045409?lang=EN&freq=M&reporter=BE&product=12091000&sinceTimePeriod=2024-01&untilTimePeriod=2026-06""}",[],CORE_SEED_TRADE,Explicit seed-for-sowing customs scope is safe in a CN-defined headline. Botanical precision is a separate dimension and is disclosed; no species completeness claim.,PARTIAL,MARKET_ENTITY_SPECIFIC,CN-12091000,[],UNALLOCATED_COMMERCIAL_SCOPE,NONE_FOR_GROUPS,"{""original_audit"":""CN_AUDIT_40.json"",""original_audit_version"":""r2"",""classification_evidence"":{""classification_url"":""https://www.ksh.hu/docs/osztalyozasok/kn/kn2026_structure.xlsx"",""classification_sha256"":""083d065994fd2b41037aae21dc26087300a3a013e948e1884117abdd9d87ac56"",""trade_request_pattern"":""Preserved requests for all 27 reporters in COMEXT_REQUEST_MANIFEST.json""},""period"":""2026-06"",""source"":""Eurostat COMEXT DS-045409;KSH official CN2026;official annual concordance""}",RECOMMENDATION_ONLY_NOT_APPLIED,"{""cn8"":""12091000"",""previous_fail_reason"":""Sugar-beet crop type inherited vegetable category from Beta vulgaris biological link."",""resolution"":""Keep sugar-beet customs crop-type evidence at CN-12091000 with Beta vulgaris PARTIAL_SCOPE; category UNALLOCATED_COMMERCIAL_SCOPE. Do not invent an eleventh category or pretend vegetable usage."",""commercial_entity_id"":""CN-12091000"",""botanical"":""Beta vulgaris"",""status"":""RESOLVED_BY_WITHHOLDING_CATEGORY""}",null,null,null,Cross-category customs group or commercial beet crop type does not safely resolve to one approved primary category. Keep in headline and explicit unallocated category reconciliation bucket.
12092100,Alfalfa seed for sowing,CN-12092100,"[{""id"":""alfalfa"",""name"":""Alfalfa / lucerne"",""botanical"":""Medicago sativa""}]",[],"[""forage-legumes""]",forage-legumes,OLD_BASELINE_CN,CONFIRMED_SOWING_SPECIFIC,true,SPECIES_SPECIFIC,SPECIES_SPECIFIC,945816.0,945.816,3022469.0,106,0.376796,0.75479,null,null,Eurostat COMEXT DS-045409;KSH official CN2026;official annual concordance,2026-06,EXPORTER_DISPATCH_INTRA_EU_ONLY,true,INCLUDE_HEADLINE_SOWING_SCOPE,Sowing use and single botanical scope confirmed.,"{""classification_url"":""https://www.ksh.hu/docs/osztalyozasok/kn/kn2026_structure.xlsx"",""classification_sha256"":""083d065994fd2b41037aae21dc26087300a3a013e948e1884117abdd9d87ac56"",""trade_request_pattern"":""Preserved requests for all 27 reporters in COMEXT_REQUEST_MANIFEST.json""}","{""identity"":""COMEXT:M:ES:PT:12092100:2:2026-06"",""reporter"":""ES"",""partner"":""PT"",""kg"":184326.0,""eur"":51897.0,""source_file"":""ES-12092100.json"",""source_url"":""https://ec.europa.eu/eurostat/api/comext/dissemination/statistics/1.0/data/DS-045409?lang=EN&freq=M&reporter=ES&product=12092100&sinceTimePeriod=2024-01&untilTimePeriod=2026-06""}",[],CORE_SEED_TRADE,Explicit seed-for-sowing customs scope is safe in a CN-defined headline. Botanical precision is a separate dimension and is disclosed; no species completeness claim.,SPECIES_SPECIFIC,SPECIES_SPECIFIC,CN-12092100,"[""alfalfa""]",ALLOCATED_CN_CATEGORY,NONE_FOR_GROUPS,"{""original_audit"":""CN_AUDIT_40.json"",""original_audit_version"":""r2"",""classification_evidence"":{""classification_url"":""https://www.ksh.hu/docs/osztalyozasok/kn/kn2026_structure.xlsx"",""classification_sha256"":""083d065994fd2b41037aae21dc26087300a3a013e948e1884117abdd9d87ac56"",""trade_request_pattern"":""Preserved requests for all 27 reporters in COMEXT_REQUEST_MANIFEST.json""},""period"":""2026-06"",""source"":""Eurostat COMEXT DS-045409;KSH official CN2026;official annual concordance""}",RECOMMENDATION_ONLY_NOT_APPLIED,null,null,null,null,null
12092210,"Red clover ""Trifolium pratense L."" seed for sowing",CN-12092210,"[{""id"":""red-clover"",""name"":""Red clover"",""botanical"":""Trifolium pratense""}]",[],"[""forage-legumes""]",forage-legumes,OLD_BASELINE_CN,CONFIRMED_SOWING_SPECIFIC,true,SPECIES_SPECIFIC,SPECIES_SPECIFIC,434780.0,434.78,2091749.0,58,0.173209,0.522365,null,null,Eurostat COMEXT DS-045409;KSH official CN2026;official annual concordance,2026-06,EXPORTER_DISPATCH_INTRA_EU_ONLY,true,INCLUDE_HEADLINE_SOWING_SCOPE,Sowing use and single botanical scope confirmed.,"{""classification_url"":""https://www.ksh.hu/docs/osztalyozasok/kn/kn2026_structure.xlsx"",""classification_sha256"":""083d065994fd2b41037aae21dc26087300a3a013e948e1884117abdd9d87ac56"",""trade_request_pattern"":""Preserved requests for all 27 reporters in COMEXT_REQUEST_MANIFEST.json""}","{""identity"":""COMEXT:M:PL:DE:12092210:2:2026-06"",""reporter"":""PL"",""partner"":""DE"",""kg"":70315.0,""eur"":372367.0,""source_file"":""PL-12092210.json"",""source_url"":""https://ec.europa.eu/eurostat/api/comext/dissemination/statistics/1.0/data/DS-045409?lang=EN&freq=M&reporter=PL&product=12092210&sinceTimePeriod=2024-01&untilTimePeriod=2026-06""}",[],CORE_SEED_TRADE,Explicit seed-for-sowing customs scope is safe in a CN-defined headline. Botanical precision is a separate dimension and is disclosed; no species completeness claim.,SPECIES_SPECIFIC,SPECIES_SPECIFIC,CN-12092210,"[""red-clover""]",ALLOCATED_CN_CATEGORY,NONE_FOR_GROUPS,"{""original_audit"":""CN_AUDIT_40.json"",""original_audit_version"":""r2"",""classification_evidence"":{""classification_url"":""https://www.ksh.hu/docs/osztalyozasok/kn/kn2026_structure.xlsx"",""classification_sha256"":""083d065994fd2b41037aae21dc26087300a3a013e948e1884117abdd9d87ac56"",""trade_request_pattern"":""Preserved requests for all 27 reporters in COMEXT_REQUEST_MANIFEST.json""},""period"":""2026-06"",""source"":""Eurostat COMEXT DS-045409;KSH official CN2026;official annual concordance""}",RECOMMENDATION_ONLY_NOT_APPLIED,null,null,null,null,null
12092280,"Clover ""Trifolium spp."" seed for sowing (excl. red clover [Trifolium pratense L.])",CN-12092280,[],"[{""id"":""berseem-clover"",""botanical"":""Trifolium alexandrinum""},{""id"":""glandular-clover"",""botanical"":""Trifolium glanduliferum""},{""id"":""rose-clover"",""botanical"":""Trifolium hirtum""},{""id"":""alsike-clover"",""botanical"":""Trifolium hybridum""},{""id"":""crimson-clover"",""botanical"":""Trifolium incarnatum""},{""id"":""trifolium-isthmocarpum"",""botanical"":""Trifolium isthmocarpum""},{""id"":""balansa-clover"",""botanical"":""Trifolium michelianum""},{""id"":""white-clover"",""botanical"":""Trifolium repens""},{""id"":""persian-clover"",""botanical"":""Trifolium resupinatum""},{""id"":""trifolium-squarrosum"",""botanical"":""Trifolium squarrosum""},{""id"":""subterranean-clover"",""botanical"":""Trifolium subterraneum""},{""id"":""arrowleaf-clover"",""botanical"":""Trifolium vesiculosum""}]","[""forage-legumes""]",forage-legumes,NEW_CN,CONFIRMED_SOWING_SPECIFIC,true,GROUP_LEVEL,GROUP_LEVEL,2203134.0,2203.134,6311866.0,108,0.87769,1.576239,1.001047,1.73045,Eurostat COMEXT DS-045409;KSH official CN2026;official annual concordance,2026-06,EXPORTER_DISPATCH_INTRA_EU_ONLY,true,INCLUDE_HEADLINE_SOWING_SCOPE,Group trade is not allocated to constituent species.,"{""classification_url"":""https://www.ksh.hu/docs/osztalyozasok/kn/kn2026_structure.xlsx"",""classification_sha256"":""083d065994fd2b41037aae21dc26087300a3a013e948e1884117abdd9d87ac56"",""trade_request_pattern"":""Preserved requests for all 27 reporters in COMEXT_REQUEST_MANIFEST.json""}","{""identity"":""COMEXT:M:IT:FR:12092280:2:2026-06"",""reporter"":""IT"",""partner"":""FR"",""kg"":371283.0,""eur"":1016647.0,""source_file"":""IT-12092280.json"",""source_url"":""https://ec.europa.eu/eurostat/api/comext/dissemination/statistics/1.0/data/DS-045409?lang=EN&freq=M&reporter=IT&product=12092280&sinceTimePeriod=2024-01&untilTimePeriod=2026-06""}",[],CORE_SEED_TRADE,Explicit seed-for-sowing customs scope is safe in a CN-defined headline. Botanical precision is a separate dimension and is disclosed; no species completeness claim.,GROUP_LEVEL,GROUP_LEVEL,CN-12092280,[],ALLOCATED_CN_CATEGORY,NONE_FOR_GROUPS,"{""original_audit"":""CN_AUDIT_40.json"",""original_audit_version"":""r2"",""classification_evidence"":{""classification_url"":""https://www.ksh.hu/docs/osztalyozasok/kn/kn2026_structure.xlsx"",""classification_sha256"":""083d065994fd2b41037aae21dc26087300a3a013e948e1884117abdd9d87ac56"",""trade_request_pattern"":""Preserved requests for all 27 reporters in COMEXT_REQUEST_MANIFEST.json""},""period"":""2026-06"",""source"":""Eurostat COMEXT DS-045409;KSH official CN2026;official annual concordance""}",RECOMMENDATION_ONLY_NOT_APPLIED,null,null,null,null,null
12092311,Meadow fescue seed for sowing,CN-12092311,"[{""id"":""meadow-fescue"",""name"":""Meadow fescue"",""botanical"":""Festuca pratensis""}]",[],"[""grass-seeds""]",grass-seeds,OLD_BASELINE_CN,CONFIRMED_SOWING_SPECIFIC,true,SPECIES_SPECIFIC,SPECIES_SPECIFIC,122662.0,122.662,321981.0,21,0.048866,0.080407,null,null,Eurostat COMEXT DS-045409;KSH official CN2026;official annual concordance,2026-06,EXPORTER_DISPATCH_INTRA_EU_ONLY,true,INCLUDE_HEADLINE_SOWING_SCOPE,Sowing use and single botanical scope confirmed.,"{""classification_url"":""https://www.ksh.hu/docs/osztalyozasok/kn/kn2026_structure.xlsx"",""classification_sha256"":""083d065994fd2b41037aae21dc26087300a3a013e948e1884117abdd9d87ac56"",""trade_request_pattern"":""Preserved requests for all 27 reporters in COMEXT_REQUEST_MANIFEST.json""}","{""identity"":""COMEXT:M:DK:DE:12092311:2:2026-06"",""reporter"":""DK"",""partner"":""DE"",""kg"":24570.0,""eur"":53527.0,""source_file"":""DK-12092311.json"",""source_url"":""https://ec.europa.eu/eurostat/api/comext/dissemination/statistics/1.0/data/DS-045409?lang=EN&freq=M&reporter=DK&product=12092311&sinceTimePeriod=2024-01&untilTimePeriod=2026-06""}",[],CORE_SEED_TRADE,Explicit seed-for-sowing customs scope is safe in a CN-defined headline. Botanical precision is a separate dimension and is disclosed; no species completeness claim.,SPECIES_SPECIFIC,SPECIES_SPECIFIC,CN-12092311,"[""meadow-fescue""]",ALLOCATED_CN_CATEGORY,NONE_FOR_GROUPS,"{""original_audit"":""CN_AUDIT_40.json"",""original_audit_version"":""r2"",""classification_evidence"":{""classification_url"":""https://www.ksh.hu/docs/osztalyozasok/kn/kn2026_structure.xlsx"",""classification_sha256"":""083d065994fd2b41037aae21dc26087300a3a013e948e1884117abdd9d87ac56"",""trade_request_pattern"":""Preserved requests for all 27 reporters in COMEXT_REQUEST_MANIFEST.json""},""period"":""2026-06"",""source"":""Eurostat COMEXT DS-045409;KSH official CN2026;official annual concordance""}",RECOMMENDATION_ONLY_NOT_APPLIED,null,null,null,null,null
12092315,"Red fescue seed ""Festuca rubra L."" for sowing",CN-12092315,"[{""id"":""red-fescue"",""name"":""Red fescue"",""botanical"":""Festuca rubra""}]",[],"[""grass-seeds""]",grass-seeds,OLD_BASELINE_CN,CONFIRMED_SOWING_SPECIFIC,true,SPECIES_SPECIFIC,SPECIES_SPECIFIC,2294546.0,2294.546,3624235.0,57,0.914107,0.905067,null,null,Eurostat COMEXT DS-045409;KSH official CN2026;official annual concordance,2026-06,EXPORTER_DISPATCH_INTRA_EU_ONLY,true,INCLUDE_HEADLINE_SOWING_SCOPE,Sowing use and single botanical scope confirmed.,"{""classification_url"":""https://www.ksh.hu/docs/osztalyozasok/kn/kn2026_structure.xlsx"",""classification_sha256"":""083d065994fd2b41037aae21dc26087300a3a013e948e1884117abdd9d87ac56"",""trade_request_pattern"":""Preserved requests for all 27 reporters in COMEXT_REQUEST_MANIFEST.json""}","{""identity"":""COMEXT:M:DK:DE:12092315:2:2026-06"",""reporter"":""DK"",""partner"":""DE"",""kg"":680680.0,""eur"":976895.0,""source_file"":""DK-12092315.json"",""source_url"":""https://ec.europa.eu/eurostat/api/comext/dissemination/statistics/1.0/data/DS-045409?lang=EN&freq=M&reporter=DK&product=12092315&sinceTimePeriod=2024-01&untilTimePeriod=2026-06""}",[],CORE_SEED_TRADE,Explicit seed-for-sowing customs scope is safe in a CN-defined headline. Botanical precision is a separate dimension and is disclosed; no species completeness claim.,SPECIES_SPECIFIC,SPECIES_SPECIFIC,CN-12092315,"[""red-fescue""]",ALLOCATED_CN_CATEGORY,NONE_FOR_GROUPS,"{""original_audit"":""CN_AUDIT_40.json"",""original_audit_version"":""r2"",""classification_evidence"":{""classification_url"":""https://www.ksh.hu/docs/osztalyozasok/kn/kn2026_structure.xlsx"",""classification_sha256"":""083d065994fd2b41037aae21dc26087300a3a013e948e1884117abdd9d87ac56"",""trade_request_pattern"":""Preserved requests for all 27 reporters in COMEXT_REQUEST_MANIFEST.json""},""period"":""2026-06"",""source"":""Eurostat COMEXT DS-045409;KSH official CN2026;official annual concordance""}",RECOMMENDATION_ONLY_NOT_APPLIED,null,null,null,null,null
12092380,"Fescue seed, for sowing (excl. meadow fescue ""Festuca pratensis Huds"" seed and red fescue ""Festuca rubra L."" seed)",CN-12092380,[],"[{""id"":""tall-fescue"",""botanical"":""Festuca arundinacea""}]","[""grass-seeds""]",grass-seeds,NEW_CN,CONFIRMED_SOWING_SPECIFIC,true,GROUP_LEVEL,GROUP_LEVEL,1067647.0,1067.647,2237849.0,91,0.425332,0.55885,0.485111,0.613525,Eurostat COMEXT DS-045409;KSH official CN2026;official annual concordance,2026-06,EXPORTER_DISPATCH_INTRA_EU_ONLY,true,INCLUDE_HEADLINE_SOWING_SCOPE,Group trade is not allocated to constituent species.,"{""classification_url"":""https://www.ksh.hu/docs/osztalyozasok/kn/kn2026_structure.xlsx"",""classification_sha256"":""083d065994fd2b41037aae21dc26087300a3a013e948e1884117abdd9d87ac56"",""trade_request_pattern"":""Preserved requests for all 27 reporters in COMEXT_REQUEST_MANIFEST.json""}","{""identity"":""COMEXT:M:DK:NL:12092380:2:2026-06"",""reporter"":""DK"",""partner"":""NL"",""kg"":151192.0,""eur"":314100.0,""source_file"":""DK-12092380.json"",""source_url"":""https://ec.europa.eu/eurostat/api/comext/dissemination/statistics/1.0/data/DS-045409?lang=EN&freq=M&reporter=DK&product=12092380&sinceTimePeriod=2024-01&untilTimePeriod=2026-06""}",[],CORE_SEED_TRADE,Explicit seed-for-sowing customs scope is safe in a CN-defined headline. Botanical precision is a separate dimension and is disclosed; no species completeness claim.,GROUP_LEVEL,GROUP_LEVEL,CN-12092380,[],ALLOCATED_CN_CATEGORY,NONE_FOR_GROUPS,"{""original_audit"":""CN_AUDIT_40.json"",""original_audit_version"":""r2"",""classification_evidence"":{""classification_url"":""https://www.ksh.hu/docs/osztalyozasok/kn/kn2026_structure.xlsx"",""classification_sha256"":""083d065994fd2b41037aae21dc26087300a3a013e948e1884117abdd9d87ac56"",""trade_request_pattern"":""Preserved requests for all 27 reporters in COMEXT_REQUEST_MANIFEST.json""},""period"":""2026-06"",""source"":""Eurostat COMEXT DS-045409;KSH official CN2026;official annual concordance""}",RECOMMENDATION_ONLY_NOT_APPLIED,null,null,null,null,null
12092400,"Kentucky blue grass ""Poa pratensis L."" seed for sowing",CN-12092400,"[{""id"":""kentucky-bluegrass"",""name"":""Kentucky bluegrass"",""botanical"":""Poa pratensis""}]",[],"[""grass-seeds""]",grass-seeds,OLD_BASELINE_CN,CONFIRMED_SOWING_SPECIFIC,true,SPECIES_SPECIFIC,SPECIES_SPECIFIC,419871.0,419.871,1145262.0,29,0.167269,0.286002,null,null,Eurostat COMEXT DS-045409;KSH official CN2026;official annual concordance,2026-06,EXPORTER_DISPATCH_INTRA_EU_ONLY,true,INCLUDE_HEADLINE_SOWING_SCOPE,Sowing use and single botanical scope confirmed.,"{""classification_url"":""https://www.ksh.hu/docs/osztalyozasok/kn/kn2026_structure.xlsx"",""classification_sha256"":""083d065994fd2b41037aae21dc26087300a3a013e948e1884117abdd9d87ac56"",""trade_request_pattern"":""Preserved requests for all 27 reporters in COMEXT_REQUEST_MANIFEST.json""}","{""identity"":""COMEXT:M:DK:DE:12092400:2:2026-06"",""reporter"":""DK"",""partner"":""DE"",""kg"":236324.0,""eur"":709690.0,""source_file"":""DK-12092400.json"",""source_url"":""https://ec.europa.eu/eurostat/api/comext/dissemination/statistics/1.0/data/DS-045409?lang=EN&freq=M&reporter=DK&product=12092400&sinceTimePeriod=2024-01&untilTimePeriod=2026-06""}",[],CORE_SEED_TRADE,Explicit seed-for-sowing customs scope is safe in a CN-defined headline. Botanical precision is a separate dimension and is disclosed; no species completeness claim.,SPECIES_SPECIFIC,SPECIES_SPECIFIC,CN-12092400,"[""kentucky-bluegrass""]",ALLOCATED_CN_CATEGORY,NONE_FOR_GROUPS,"{""original_audit"":""CN_AUDIT_40.json"",""original_audit_version"":""r2"",""classification_evidence"":{""classification_url"":""https://www.ksh.hu/docs/osztalyozasok/kn/kn2026_structure.xlsx"",""classification_sha256"":""083d065994fd2b41037aae21dc26087300a3a013e948e1884117abdd9d87ac56"",""trade_request_pattern"":""Preserved requests for all 27 reporters in COMEXT_REQUEST_MANIFEST.json""},""period"":""2026-06"",""source"":""Eurostat COMEXT DS-045409;KSH official CN2026;official annual concordance""}",RECOMMENDATION_ONLY_NOT_APPLIED,null,null,null,null,null
12092510,"Italian ryegrass, incl. westerwolds ""Lolium multiflorum L."", seed for sowing",CN-12092510,"[{""id"":""italian-ryegrass"",""name"":""Italian ryegrass"",""botanical"":""Lolium multiflorum""}]",[],"[""grass-seeds""]",grass-seeds,OLD_BASELINE_CN,CONFIRMED_SOWING_SPECIFIC,true,SPECIES_SPECIFIC,SPECIES_SPECIFIC,3331899.0,3331.899,4476635.0,73,1.32737,1.117934,null,null,Eurostat COMEXT DS-045409;KSH official CN2026;official annual concordance,2026-06,EXPORTER_DISPATCH_INTRA_EU_ONLY,true,INCLUDE_HEADLINE_SOWING_SCOPE,Sowing use and single botanical scope confirmed.,"{""classification_url"":""https://www.ksh.hu/docs/osztalyozasok/kn/kn2026_structure.xlsx"",""classification_sha256"":""083d065994fd2b41037aae21dc26087300a3a013e948e1884117abdd9d87ac56"",""trade_request_pattern"":""Preserved requests for all 27 reporters in COMEXT_REQUEST_MANIFEST.json""}","{""identity"":""COMEXT:M:NL:DE:12092510:2:2026-06"",""reporter"":""NL"",""partner"":""DE"",""kg"":336801.0,""eur"":257009.0,""source_file"":""NL-12092510.json"",""source_url"":""https://ec.europa.eu/eurostat/api/comext/dissemination/statistics/1.0/data/DS-045409?lang=EN&freq=M&reporter=NL&product=12092510&sinceTimePeriod=2024-01&untilTimePeriod=2026-06""}",[],CORE_SEED_TRADE,Explicit seed-for-sowing customs scope is safe in a CN-defined headline. Botanical precision is a separate dimension and is disclosed; no species completeness claim.,SPECIES_SPECIFIC,SPECIES_SPECIFIC,CN-12092510,"[""italian-ryegrass""]",ALLOCATED_CN_CATEGORY,NONE_FOR_GROUPS,"{""original_audit"":""CN_AUDIT_40.json"",""original_audit_version"":""r2"",""classification_evidence"":{""classification_url"":""https://www.ksh.hu/docs/osztalyozasok/kn/kn2026_structure.xlsx"",""classification_sha256"":""083d065994fd2b41037aae21dc26087300a3a013e948e1884117abdd9d87ac56"",""trade_request_pattern"":""Preserved requests for all 27 reporters in COMEXT_REQUEST_MANIFEST.json""},""period"":""2026-06"",""source"":""Eurostat COMEXT DS-045409;KSH official CN2026;official annual concordance""}",RECOMMENDATION_ONLY_NOT_APPLIED,null,null,null,null,null
12092590,"Perennial ryegrass ""Lolium perenne L."", seed for sowing",CN-12092590,"[{""id"":""perennial-ryegrass"",""name"":""Perennial ryegrass"",""botanical"":""Lolium perenne""}]",[],"[""grass-seeds""]",grass-seeds,OLD_BASELINE_CN,CONFIRMED_SOWING_SPECIFIC,true,SPECIES_SPECIFIC,SPECIES_SPECIFIC,5251559.0,5251.559,9922227.0,153,2.092129,2.477841,null,null,Eurostat COMEXT DS-045409;KSH official CN2026;official annual concordance,2026-06,EXPORTER_DISPATCH_INTRA_EU_ONLY,true,INCLUDE_HEADLINE_SOWING_SCOPE,Sowing use and single botanical scope confirmed.,"{""classification_url"":""https://www.ksh.hu/docs/osztalyozasok/kn/kn2026_structure.xlsx"",""classification_sha256"":""083d065994fd2b41037aae21dc26087300a3a013e948e1884117abdd9d87ac56"",""trade_request_pattern"":""Preserved requests for all 27 reporters in COMEXT_REQUEST_MANIFEST.json""}","{""identity"":""COMEXT:M:DK:DE:12092590:2:2026-06"",""reporter"":""DK"",""partner"":""DE"",""kg"":1670842.0,""eur"":3125410.0,""source_file"":""DK-12092590.json"",""source_url"":""https://ec.europa.eu/eurostat/api/comext/dissemination/statistics/1.0/data/DS-045409?lang=EN&freq=M&reporter=DK&product=12092590&sinceTimePeriod=2024-01&untilTimePeriod=2026-06""}",[],CORE_SEED_TRADE,Explicit seed-for-sowing customs scope is safe in a CN-defined headline. Botanical precision is a separate dimension and is disclosed; no species completeness claim.,SPECIES_SPECIFIC,SPECIES_SPECIFIC,CN-12092590,"[""perennial-ryegrass""]",ALLOCATED_CN_CATEGORY,NONE_FOR_GROUPS,"{""original_audit"":""CN_AUDIT_40.json"",""original_audit_version"":""r2"",""classification_evidence"":{""classification_url"":""https://www.ksh.hu/docs/osztalyozasok/kn/kn2026_structure.xlsx"",""classification_sha256"":""083d065994fd2b41037aae21dc26087300a3a013e948e1884117abdd9d87ac56"",""trade_request_pattern"":""Preserved requests for all 27 reporters in COMEXT_REQUEST_MANIFEST.json""},""period"":""2026-06"",""source"":""Eurostat COMEXT DS-045409;KSH official CN2026;official annual concordance""}",RECOMMENDATION_ONLY_NOT_APPLIED,null,null,null,null,null
12092945,"Timothy grass seed, vetch seed, seeds of the genus Poa palustris L. and Poa trivialis L., seeds of cocksfoot grass ""Dactylis glomerata L."", and seeds of bent grass ""Agrostis"", for sowing",CN-12092945,[],"[{""id"":""browntop"",""botanical"":""Agrostis capillaris""},{""id"":""cocksfoot"",""botanical"":""Dactylis glomerata""},{""id"":""timothy"",""botanical"":""Phleum pratense""},{""id"":""purple-vetch"",""botanical"":""Vicia benghalensis""},{""id"":""bitter-vetch"",""botanical"":""Vicia ervilia""},{""id"":""hungarian-vetch"",""botanical"":""Vicia pannonica""},{""id"":""common-vetch"",""botanical"":""Vicia sativa""},{""id"":""winter-vetch"",""botanical"":""Vicia villosa Roth""}]","[""forage-legumes"",""grain-legumes"",""grass-seeds""]",null,NEW_CN,CONFIRMED_SOWING_SPECIFIC,true,GROUP_LEVEL,GROUP_LEVEL,2009184.0,2009.184,2856781.0,104,0.800424,0.713413,0.912921,0.78321,Eurostat COMEXT DS-045409;KSH official CN2026;official annual concordance,2026-06,EXPORTER_DISPATCH_INTRA_EU_ONLY,true,INCLUDE_HEADLINE_SOWING_SCOPE,Group trade is not allocated to constituent species.,"{""classification_url"":""https://www.ksh.hu/docs/osztalyozasok/kn/kn2026_structure.xlsx"",""classification_sha256"":""083d065994fd2b41037aae21dc26087300a3a013e948e1884117abdd9d87ac56"",""trade_request_pattern"":""Preserved requests for all 27 reporters in COMEXT_REQUEST_MANIFEST.json""}","{""identity"":""COMEXT:M:NL:DE:12092945:2:2026-06"",""reporter"":""NL"",""partner"":""DE"",""kg"":230369.0,""eur"":309744.0,""source_file"":""NL-12092945.json"",""source_url"":""https://ec.europa.eu/eurostat/api/comext/dissemination/statistics/1.0/data/DS-045409?lang=EN&freq=M&reporter=NL&product=12092945&sinceTimePeriod=2024-01&untilTimePeriod=2026-06""}",[],CORE_SEED_TRADE,Explicit seed-for-sowing customs scope is safe in a CN-defined headline. Botanical precision is a separate dimension and is disclosed; no species completeness claim.,GROUP_LEVEL,GROUP_LEVEL,CN-12092945,[],UNALLOCATED_COMMERCIAL_SCOPE,NONE_FOR_GROUPS,"{""original_audit"":""CN_AUDIT_40.json"",""original_audit_version"":""r2"",""classification_evidence"":{""classification_url"":""https://www.ksh.hu/docs/osztalyozasok/kn/kn2026_structure.xlsx"",""classification_sha256"":""083d065994fd2b41037aae21dc26087300a3a013e948e1884117abdd9d87ac56"",""trade_request_pattern"":""Preserved requests for all 27 reporters in COMEXT_REQUEST_MANIFEST.json""},""period"":""2026-06"",""source"":""Eurostat COMEXT DS-045409;KSH official CN2026;official annual concordance""}",RECOMMENDATION_ONLY_NOT_APPLIED,null,null,null,null,Cross-category customs group or commercial beet crop type does not safely resolve to one approved primary category. Keep in headline and explicit unallocated category reconciliation bucket.
12092950,Lupine seed for sowing,CN-12092950,[],"[{""id"":""white-lupin"",""botanical"":""Lupinus albus""},{""id"":""narrow-leaved-lupin"",""botanical"":""Lupinus angustifolius""},{""id"":""yellow-lupin"",""botanical"":""Lupinus luteus""}]","[""grain-legumes""]",grain-legumes,OLD_BASELINE_CN,CONFIRMED_SOWING_SPECIFIC,true,GROUP_LEVEL,GROUP_LEVEL,10839551.0,10839.551,3470113.0,63,4.318286,0.866579,null,null,Eurostat COMEXT DS-045409;KSH official CN2026;official annual concordance,2026-06,EXPORTER_DISPATCH_INTRA_EU_ONLY,true,INCLUDE_HEADLINE_SOWING_SCOPE,Group trade is not allocated to constituent species.,"{""classification_url"":""https://www.ksh.hu/docs/osztalyozasok/kn/kn2026_structure.xlsx"",""classification_sha256"":""083d065994fd2b41037aae21dc26087300a3a013e948e1884117abdd9d87ac56"",""trade_request_pattern"":""Preserved requests for all 27 reporters in COMEXT_REQUEST_MANIFEST.json""}","{""identity"":""COMEXT:M:BE:NL:12092950:2:2026-06"",""reporter"":""BE"",""partner"":""NL"",""kg"":7480105.0,""eur"":2134814.0,""source_file"":""BE-12092950.json"",""source_url"":""https://ec.europa.eu/eurostat/api/comext/dissemination/statistics/1.0/data/DS-045409?lang=EN&freq=M&reporter=BE&product=12092950&sinceTimePeriod=2024-01&untilTimePeriod=2026-06""}",[],CORE_SEED_TRADE,Explicit seed-for-sowing customs scope is safe in a CN-defined headline. Botanical precision is a separate dimension and is disclosed; no species completeness claim.,GROUP_LEVEL,GROUP_LEVEL,CN-12092950,[],ALLOCATED_CN_CATEGORY,NONE_FOR_GROUPS,"{""original_audit"":""CN_AUDIT_40.json"",""original_audit_version"":""r2"",""classification_evidence"":{""classification_url"":""https://www.ksh.hu/docs/osztalyozasok/kn/kn2026_structure.xlsx"",""classification_sha256"":""083d065994fd2b41037aae21dc26087300a3a013e948e1884117abdd9d87ac56"",""trade_request_pattern"":""Preserved requests for all 27 reporters in COMEXT_REQUEST_MANIFEST.json""},""period"":""2026-06"",""source"":""Eurostat COMEXT DS-045409;KSH official CN2026;official annual concordance""}",RECOMMENDATION_ONLY_NOT_APPLIED,null,null,null,null,null
12092960,"Fodder beet seed ""Beta vulgaris var. alba"", for sowing",CN-12092960,[],"[{""id"":""beet-chard"",""botanical"":""Beta vulgaris""}]","[""vegetable-seeds""]",null,NEW_CN,CONFIRMED_SOWING_SPECIFIC,true,PARTIAL,PARTIAL,16079.0,16.079,127105.0,18,0.006406,0.031741,0.007306,0.034847,Eurostat COMEXT DS-045409;KSH official CN2026;official annual concordance,2026-06,EXPORTER_DISPATCH_INTRA_EU_ONLY,true,INCLUDE_HEADLINE_SOWING_SCOPE;REPAIR_ATTRIBUTION_BEFORE_RELEASE,Fodder-beet seed is a crop-type subset of Beta vulgaris. Whole fodder-beet trade must not automatically become vegetable-category trade. Category allocation withheld pending explicit commercial-scope decision.,"{""classification_url"":""https://www.ksh.hu/docs/osztalyozasok/kn/kn2026_structure.xlsx"",""classification_sha256"":""083d065994fd2b41037aae21dc26087300a3a013e948e1884117abdd9d87ac56"",""trade_request_pattern"":""Preserved requests for all 27 reporters in COMEXT_REQUEST_MANIFEST.json""}","{""identity"":""COMEXT:M:DE:NL:12092960:2:2026-06"",""reporter"":""DE"",""partner"":""NL"",""kg"":12777.0,""eur"":107470.0,""source_file"":""DE-12092960.json"",""source_url"":""https://ec.europa.eu/eurostat/api/comext/dissemination/statistics/1.0/data/DS-045409?lang=EN&freq=M&reporter=DE&product=12092960&sinceTimePeriod=2024-01&untilTimePeriod=2026-06""}",[],CORE_SEED_TRADE,Explicit seed-for-sowing customs scope is safe in a CN-defined headline. Botanical precision is a separate dimension and is disclosed; no species completeness claim.,PARTIAL,MARKET_ENTITY_SPECIFIC,CN-12092960,[],UNALLOCATED_COMMERCIAL_SCOPE,NONE_FOR_GROUPS,"{""original_audit"":""CN_AUDIT_40.json"",""original_audit_version"":""r2"",""classification_evidence"":{""classification_url"":""https://www.ksh.hu/docs/osztalyozasok/kn/kn2026_structure.xlsx"",""classification_sha256"":""083d065994fd2b41037aae21dc26087300a3a013e948e1884117abdd9d87ac56"",""trade_request_pattern"":""Preserved requests for all 27 reporters in COMEXT_REQUEST_MANIFEST.json""},""period"":""2026-06"",""source"":""Eurostat COMEXT DS-045409;KSH official CN2026;official annual concordance""}",RECOMMENDATION_ONLY_NOT_APPLIED,"{""cn8"":""12092960"",""previous_fail_reason"":""Fodder-beet crop type inherited vegetable category from Beta vulgaris biological link."",""resolution"":""Keep fodder-beet customs crop-type evidence at CN-12092960 with Beta vulgaris PARTIAL_SCOPE; category UNALLOCATED_COMMERCIAL_SCOPE. Original botanical terminology retained; no forced vegetable allocation."",""commercial_entity_id"":""CN-12092960"",""botanical"":""Beta vulgaris"",""source_botanical"":""Beta vulgaris var. alba"",""status"":""RESOLVED_BY_WITHHOLDING_CATEGORY""}",null,null,null,Cross-category customs group or commercial beet crop type does not safely resolve to one approved primary category. Keep in headline and explicit unallocated category reconciliation bucket.
12092980,"Seeds of forage plants, for sowing (excl. cereals and fodder beet seed ""Beta vulgaris var. alba"", sugar beet seed, lucerne seed, clover ""Trifolium spp."" seed, fesque seed, Kentucky blue grass ""Poa pratensis L."" seed, ryegrass ""Lolium multiflorum lam., Lolium perenne L."" seed, Timothy grass seed, vetch seed, seeds of the genus Poa palustris L and Poa trivialis L., cocksfoot grass ""Dactylis glomerata L."" seed, bent grass ""Agrostis"" seed and lupine seed)",CN-12092980,[],"[{""id"":""meadow-foxtail"",""botanical"":""Alopecurus pratensis""},{""id"":""tall-oatgrass"",""botanical"":""Arrhenatherum elatius""},{""id"":""biserrula"",""botanical"":""Biserrula pelecinus""},{""id"":""fodder-galega"",""botanical"":""Galega orientalis""},{""id"":""red-pea"",""botanical"":""Lathyrus cicera""},{""id"":""birdsfoot-trefoil"",""botanical"":""Lotus corniculatus""},{""id"":""black-medick"",""botanical"":""Medicago lupulina""},{""id"":""bur-medick"",""botanical"":""Medicago polymorpha""},{""id"":""white-sweetclover"",""botanical"":""Melilotus albus""},{""id"":""yellow-sweetclover"",""botanical"":""Melilotus officinalis""},{""id"":""sainfoin"",""botanical"":""Onobrychis viciifolia""},{""id"":""yellow-serradella"",""botanical"":""Ornithopus compressus""},{""id"":""serradella"",""botanical"":""Ornithopus sativus""},{""id"":""ribwort-plantain"",""botanical"":""Plantago lanceolata""},{""id"":""wood-meadowgrass"",""botanical"":""Poa nemoralis""},{""id"":""golden-oatgrass"",""botanical"":""Trisetum flavescens""}]","[""forage-legumes"",""grain-legumes"",""grass-seeds"",""herbs-specialty""]",null,NEW_CN,CONFIRMED_SOWING_SPECIFIC,true,GROUP_LEVEL,GROUP_LEVEL,6168684.0,6168.684,15939499.0,209,2.457495,3.980513,2.802889,4.369944,Eurostat COMEXT DS-045409;KSH official CN2026;official annual concordance,2026-06,EXPORTER_DISPATCH_INTRA_EU_ONLY,true,INCLUDE_HEADLINE_SOWING_SCOPE,Group trade is not allocated to constituent species.,"{""classification_url"":""https://www.ksh.hu/docs/osztalyozasok/kn/kn2026_structure.xlsx"",""classification_sha256"":""083d065994fd2b41037aae21dc26087300a3a013e948e1884117abdd9d87ac56"",""trade_request_pattern"":""Preserved requests for all 27 reporters in COMEXT_REQUEST_MANIFEST.json""}","{""identity"":""COMEXT:M:IT:FR:12092980:2:2026-06"",""reporter"":""IT"",""partner"":""FR"",""kg"":431979.0,""eur"":894129.0,""source_file"":""IT-12092980.json"",""source_url"":""https://ec.europa.eu/eurostat/api/comext/dissemination/statistics/1.0/data/DS-045409?lang=EN&freq=M&reporter=IT&product=12092980&sinceTimePeriod=2024-01&untilTimePeriod=2026-06""}",[],CORE_SEED_TRADE,Explicit seed-for-sowing customs scope is safe in a CN-defined headline. Botanical precision is a separate dimension and is disclosed; no species completeness claim.,GROUP_LEVEL,GROUP_LEVEL,CN-12092980,[],UNALLOCATED_COMMERCIAL_SCOPE,NONE_FOR_GROUPS,"{""original_audit"":""CN_AUDIT_40.json"",""original_audit_version"":""r2"",""classification_evidence"":{""classification_url"":""https://www.ksh.hu/docs/osztalyozasok/kn/kn2026_structure.xlsx"",""classification_sha256"":""083d065994fd2b41037aae21dc26087300a3a013e948e1884117abdd9d87ac56"",""trade_request_pattern"":""Preserved requests for all 27 reporters in COMEXT_REQUEST_MANIFEST.json""},""period"":""2026-06"",""source"":""Eurostat COMEXT DS-045409;KSH official CN2026;official annual concordance""}",RECOMMENDATION_ONLY_NOT_APPLIED,null,null,null,null,Cross-category customs group or commercial beet crop type does not safely resolve to one approved primary category. Keep in headline and explicit unallocated category reconciliation bucket.
12099130,"Salad beet seed or beetroot seed ""Beta vulgaris var. conditiva"", for sowing",CN-12099130,[],"[{""id"":""beet-chard"",""botanical"":""Beta vulgaris""}]","[""vegetable-seeds""]",vegetable-seeds,NEW_CN,CONFIRMED_SOWING_SPECIFIC,true,PARTIAL,PARTIAL,27228.0,27.228,304542.0,122,0.010847,0.076052,0.012372,0.083493,Eurostat COMEXT DS-045409;KSH official CN2026;official annual concordance,2026-06,EXPORTER_DISPATCH_INTRA_EU_ONLY,true,INCLUDE_HEADLINE_SOWING_SCOPE,Partial botanical/crop-type scope is not full species coverage.,"{""classification_url"":""https://www.ksh.hu/docs/osztalyozasok/kn/kn2026_structure.xlsx"",""classification_sha256"":""083d065994fd2b41037aae21dc26087300a3a013e948e1884117abdd9d87ac56"",""trade_request_pattern"":""Preserved requests for all 27 reporters in COMEXT_REQUEST_MANIFEST.json""}","{""identity"":""COMEXT:M:FR:IT:12099130:2:2026-06"",""reporter"":""FR"",""partner"":""IT"",""kg"":11902.0,""eur"":101809.0,""source_file"":""FR-12099130.json"",""source_url"":""https://ec.europa.eu/eurostat/api/comext/dissemination/statistics/1.0/data/DS-045409?lang=EN&freq=M&reporter=FR&product=12099130&sinceTimePeriod=2024-01&untilTimePeriod=2026-06""}",[],CORE_SEED_TRADE,Explicit seed-for-sowing customs scope is safe in a CN-defined headline. Botanical precision is a separate dimension and is disclosed; no species completeness claim.,PARTIAL,MARKET_ENTITY_SPECIFIC,CN-12099130,[],ALLOCATED_CN_CATEGORY,NONE_FOR_GROUPS,"{""original_audit"":""CN_AUDIT_40.json"",""original_audit_version"":""r2"",""classification_evidence"":{""classification_url"":""https://www.ksh.hu/docs/osztalyozasok/kn/kn2026_structure.xlsx"",""classification_sha256"":""083d065994fd2b41037aae21dc26087300a3a013e948e1884117abdd9d87ac56"",""trade_request_pattern"":""Preserved requests for all 27 reporters in COMEXT_REQUEST_MANIFEST.json""},""period"":""2026-06"",""source"":""Eurostat COMEXT DS-045409;KSH official CN2026;official annual concordance""}",RECOMMENDATION_ONLY_NOT_APPLIED,null,null,null,null,null
12099180,"Vegetable seeds for sowing (excl. salad beet or beetroot ""Beta vulgaris var. conditiva"")",CN-12099180,[],"[{""id"":""onion"",""botanical"":""Allium cepa""},{""id"":""bunching-onion"",""botanical"":""Allium fistulosum""},{""id"":""leek"",""botanical"":""Allium porrum""},{""id"":""chives"",""botanical"":""Allium schoenoprasum""},{""id"":""chervil"",""botanical"":""Anthriscus cerefolium""},{""id"":""celery"",""botanical"":""Apium graveolens""},{""id"":""asparagus"",""botanical"":""Asparagus officinalis""},{""id"":""cabbage"",""botanical"":""Brassica oleracea""},{""id"":""pepper"",""botanical"":""Capsicum annuum""},{""id"":""endive"",""botanical"":""Cichorium endivia""},{""id"":""chicory"",""botanical"":""Cichorium intybus""},{""id"":""cucumber"",""botanical"":""Cucumis sativus""},{""id"":""artichoke"",""botanical"":""Cynara cardunculus""},{""id"":""carrot"",""botanical"":""Daucus carota""},{""id"":""lettuce"",""botanical"":""Lactuca sativa""},{""id"":""garden-cress"",""botanical"":""Lepidium sativum""},{""id"":""parsley"",""botanical"":""Petroselinum crispum""},{""id"":""cultivated-radish"",""botanical"":""Raphanus raphanistrum subsp. sativus""},{""id"":""rhubarb"",""botanical"":""Rheum rhabarbarum""},{""id"":""black-salsify"",""botanical"":""Scorzonera hispanica""},{""id"":""tomato"",""botanical"":""Solanum lycopersicum""},{""id"":""aubergine"",""botanical"":""Solanum melongena""},{""id"":""spinach"",""botanical"":""Spinacia oleracea""},{""id"":""lambs-lettuce"",""botanical"":""Valerianella locusta""}]","[""brassica-seeds"",""vegetable-seeds""]",null,NEW_CN,CONFIRMED_SOWING_SPECIFIC,true,GROUP_LEVEL,GROUP_LEVEL,2701406.0,2701.406,162886710.0,294,1.076193,40.677103,1.227449,44.656727,Eurostat COMEXT DS-045409;KSH official CN2026;official annual concordance,2026-06,EXPORTER_DISPATCH_INTRA_EU_ONLY,true,INCLUDE_HEADLINE_SOWING_SCOPE,Group trade is not allocated to constituent species.,"{""classification_url"":""https://www.ksh.hu/docs/osztalyozasok/kn/kn2026_structure.xlsx"",""classification_sha256"":""083d065994fd2b41037aae21dc26087300a3a013e948e1884117abdd9d87ac56"",""trade_request_pattern"":""Preserved requests for all 27 reporters in COMEXT_REQUEST_MANIFEST.json""}","{""identity"":""COMEXT:M:DK:DE:12099180:2:2026-06"",""reporter"":""DK"",""partner"":""DE"",""kg"":500084.0,""eur"":5994009.0,""source_file"":""DK-12099180.json"",""source_url"":""https://ec.europa.eu/eurostat/api/comext/dissemination/statistics/1.0/data/DS-045409?lang=EN&freq=M&reporter=DK&product=12099180&sinceTimePeriod=2024-01&untilTimePeriod=2026-06""}","[""NEW_CODE_VALUE_SHARE_AT_LEAST_25_PERCENT""]",CORE_SEED_TRADE,Explicit seed-for-sowing customs scope is safe in a CN-defined headline. Botanical precision is a separate dimension and is disclosed; no species completeness claim.,GROUP_LEVEL,GROUP_LEVEL,CN-12099180,[],UNALLOCATED_COMMERCIAL_SCOPE,NONE_FOR_GROUPS,"{""original_audit"":""CN_AUDIT_40.json"",""original_audit_version"":""r2"",""classification_evidence"":{""classification_url"":""https://www.ksh.hu/docs/osztalyozasok/kn/kn2026_structure.xlsx"",""classification_sha256"":""083d065994fd2b41037aae21dc26087300a3a013e948e1884117abdd9d87ac56"",""trade_request_pattern"":""Preserved requests for all 27 reporters in COMEXT_REQUEST_MANIFEST.json""},""period"":""2026-06"",""source"":""Eurostat COMEXT DS-045409;KSH official CN2026;official annual concordance""}",RECOMMENDATION_ONLY_NOT_APPLIED,null,null,null,null,Cross-category customs group or commercial beet crop type does not safely resolve to one approved primary category. Keep in headline and explicit unallocated category reconciliation bucket.
