species_id,name,botanical,coverage,exact_cn_codes,partial_cn_codes,group_cn_scope_candidates,pending_existing_entity_relink,group_volume_allocated,production_available_unchanged,coverage_reporting_bucket,direct_scope,species_precision_disclosure
browntop,Brown top / common bent,Agrostis capillaris,GROUP_LEVEL_ONLY,[],[],"[""12092945""]",false,false,true,GROUP_LEVEL_TRADE_EVIDENCE,null,Direct partial scope is not total species trade; group evidence has no measured constituent value.
onion,Onion / shallot,Allium cepa,GROUP_LEVEL_ONLY,[],[],"[""12099180""]",false,false,false,GROUP_LEVEL_TRADE_EVIDENCE,null,Direct partial scope is not total species trade; group evidence has no measured constituent value.
bunching-onion,Bunching onion,Allium fistulosum,GROUP_LEVEL_ONLY,[],[],"[""12099180""]",false,false,false,GROUP_LEVEL_TRADE_EVIDENCE,null,Direct partial scope is not total species trade; group evidence has no measured constituent value.
leek,Leek,Allium porrum,GROUP_LEVEL_ONLY,[],[],"[""12099180""]",false,false,false,GROUP_LEVEL_TRADE_EVIDENCE,null,Direct partial scope is not total species trade; group evidence has no measured constituent value.
chives,Chives,Allium schoenoprasum,GROUP_LEVEL_ONLY,[],[],"[""12099180""]",false,false,false,GROUP_LEVEL_TRADE_EVIDENCE,null,Direct partial scope is not total species trade; group evidence has no measured constituent value.
meadow-foxtail,Meadow foxtail,Alopecurus pratensis,GROUP_LEVEL_ONLY,[],[],"[""12092980""]",false,false,true,GROUP_LEVEL_TRADE_EVIDENCE,null,Direct partial scope is not total species trade; group evidence has no measured constituent value.
dill,Dill,Anethum graveolens,NO_COMPATIBLE_TRADE_DATA,[],[],[],false,false,false,NO_TRADE_EVIDENCE,null,Direct partial scope is not total species trade; group evidence has no measured constituent value.
chervil,Chervil,Anthriscus cerefolium,GROUP_LEVEL_ONLY,[],[],"[""12099180""]",false,false,false,GROUP_LEVEL_TRADE_EVIDENCE,null,Direct partial scope is not total species trade; group evidence has no measured constituent value.
celery,Celery / celeriac,Apium graveolens,GROUP_LEVEL_ONLY,[],[],"[""12099180""]",false,false,false,GROUP_LEVEL_TRADE_EVIDENCE,null,Direct partial scope is not total species trade; group evidence has no measured constituent value.
tall-oatgrass,Tall oatgrass,Arrhenatherum elatius,GROUP_LEVEL_ONLY,[],[],"[""12092980""]",false,false,true,GROUP_LEVEL_TRADE_EVIDENCE,null,Direct partial scope is not total species trade; group evidence has no measured constituent value.
asparagus,Asparagus,Asparagus officinalis,GROUP_LEVEL_ONLY,[],[],"[""12099180""]",false,false,false,GROUP_LEVEL_TRADE_EVIDENCE,null,Direct partial scope is not total species trade; group evidence has no measured constituent value.
naked-oat,Naked oat,Avena nuda,GROUP_LEVEL_ONLY,[],[],"[""10041000""]",false,false,true,GROUP_LEVEL_TRADE_EVIDENCE,null,Direct partial scope is not total species trade; group evidence has no measured constituent value.
oat,Oat,Avena sativa,GROUP_LEVEL_ONLY,[],[],"[""10041000""]",false,false,true,GROUP_LEVEL_TRADE_EVIDENCE,null,Direct partial scope is not total species trade; group evidence has no measured constituent value.
black-oat,Bristle / black oat,Avena strigosa,GROUP_LEVEL_ONLY,[],[],"[""10041000""]",false,false,true,GROUP_LEVEL_TRADE_EVIDENCE,null,Direct partial scope is not total species trade; group evidence has no measured constituent value.
beet-chard,Beet / chard; source crop types separate,Beta vulgaris,PARTIAL_SPECIES_SCOPE,[],"[""12091000"",""12092960"",""12099130""]",[],false,false,true,DIRECT_TRADE_DATA,LIMITED_CROP_TYPE_OR_INFRASPECIFIC_SCOPE,Direct partial scope is not total species trade; group evidence has no measured constituent value.
biserrula,Biserrula,Biserrula pelecinus,GROUP_LEVEL_ONLY,[],[],"[""12092980""]",false,false,true,GROUP_LEVEL_TRADE_EVIDENCE,null,Direct partial scope is not total species trade; group evidence has no measured constituent value.
borage,Borage,Borago officinalis,NO_COMPATIBLE_TRADE_DATA,[],[],[],false,false,false,NO_TRADE_EVIDENCE,null,Direct partial scope is not total species trade; group evidence has no measured constituent value.
ethiopian-mustard,Ethiopian mustard,Brassica carinata,NO_COMPATIBLE_TRADE_DATA,[],[],[],false,false,false,NO_TRADE_EVIDENCE,null,Direct partial scope is not total species trade; group evidence has no measured constituent value.
brown-mustard,Brown mustard,Brassica juncea,GROUP_LEVEL_ONLY,[],[],"[""12075010""]",false,false,false,GROUP_LEVEL_TRADE_EVIDENCE,null,Direct partial scope is not total species trade; group evidence has no measured constituent value.
rapeseed,Rapeseed / oilseed rape,Brassica napus,GROUP_LEVEL_ONLY,[],[],"[""12051010""]",false,false,true,GROUP_LEVEL_TRADE_EVIDENCE,null,Direct partial scope is not total species trade; group evidence has no measured constituent value.
black-mustard,Black mustard,Brassica nigra,GROUP_LEVEL_ONLY,[],[],"[""12075010""]",false,false,false,GROUP_LEVEL_TRADE_EVIDENCE,null,Direct partial scope is not total species trade; group evidence has no measured constituent value.
cabbage,Cabbage / kale / broccoli crop types,Brassica oleracea,GROUP_LEVEL_ONLY,[],[],"[""12099180""]",false,false,false,GROUP_LEVEL_TRADE_EVIDENCE,null,Direct partial scope is not total species trade; group evidence has no measured constituent value.
turnip-rape,Turnip rape; source-reported scope,Brassica rapa,GROUP_LEVEL_ONLY,[],[],"[""12051010""]",false,false,true,GROUP_LEVEL_TRADE_EVIDENCE,null,Direct partial scope is not total species trade; group evidence has no measured constituent value.
camelina,Camelina,Camelina sativa,GROUP_LEVEL_ONLY,[],[],"[""12079920""]",false,false,true,GROUP_LEVEL_TRADE_EVIDENCE,null,Direct partial scope is not total species trade; group evidence has no measured constituent value.
hemp,Hemp,Cannabis sativa,GROUP_LEVEL_ONLY,[],[],"[""12079920""]",false,false,true,GROUP_LEVEL_TRADE_EVIDENCE,null,Direct partial scope is not total species trade; group evidence has no measured constituent value.
pepper,Pepper,Capsicum annuum,GROUP_LEVEL_ONLY,[],[],"[""12099180""]",false,false,true,GROUP_LEVEL_TRADE_EVIDENCE,null,Direct partial scope is not total species trade; group evidence has no measured constituent value.
safflower,Safflower,Carthamus tinctorius,NO_COMPATIBLE_TRADE_DATA,[],[],[],false,false,true,NO_TRADE_EVIDENCE,null,Direct partial scope is not total species trade; group evidence has no measured constituent value.
caraway,Caraway,Carum carvi,NO_COMPATIBLE_TRADE_DATA,[],[],[],false,false,true,NO_TRADE_EVIDENCE,null,Direct partial scope is not total species trade; group evidence has no measured constituent value.
quinoa,Quinoa,Chenopodium quinoa,NO_COMPATIBLE_TRADE_DATA,[],[],[],false,false,false,NO_TRADE_EVIDENCE,null,Direct partial scope is not total species trade; group evidence has no measured constituent value.
chickpea,Chickpea,Cicer arietinum,NO_COMPATIBLE_TRADE_DATA,[],[],[],false,false,true,NO_TRADE_EVIDENCE,null,Direct partial scope is not total species trade; group evidence has no measured constituent value.
endive,Endive,Cichorium endivia,GROUP_LEVEL_ONLY,[],[],"[""12099180""]",false,false,false,GROUP_LEVEL_TRADE_EVIDENCE,null,Direct partial scope is not total species trade; group evidence has no measured constituent value.
chicory,Chicory,Cichorium intybus,GROUP_LEVEL_ONLY,[],[],"[""12099180""]",false,false,false,GROUP_LEVEL_TRADE_EVIDENCE,null,Direct partial scope is not total species trade; group evidence has no measured constituent value.
watermelon,Watermelon,Citrullus lanatus,NO_COMPATIBLE_TRADE_DATA,[],[],[],false,false,false,NO_TRADE_EVIDENCE,null,Direct partial scope is not total species trade; group evidence has no measured constituent value.
coriander,Coriander,Coriandrum sativum,NO_COMPATIBLE_TRADE_DATA,[],[],[],false,false,false,NO_TRADE_EVIDENCE,null,Direct partial scope is not total species trade; group evidence has no measured constituent value.
sunn-hemp,Sunn hemp,Crotalaria juncea,NO_COMPATIBLE_TRADE_DATA,[],[],[],false,false,false,NO_TRADE_EVIDENCE,null,Direct partial scope is not total species trade; group evidence has no measured constituent value.
melon,Melon,Cucumis melo,NO_COMPATIBLE_TRADE_DATA,[],[],[],false,false,false,NO_TRADE_EVIDENCE,null,Direct partial scope is not total species trade; group evidence has no measured constituent value.
cucumber,Cucumber / gherkin,Cucumis sativus,GROUP_LEVEL_ONLY,[],[],"[""12099180""]",false,false,false,GROUP_LEVEL_TRADE_EVIDENCE,null,Direct partial scope is not total species trade; group evidence has no measured constituent value.
winter-squash,Winter squash,Cucurbita maxima,NO_COMPATIBLE_TRADE_DATA,[],[],[],false,false,false,NO_TRADE_EVIDENCE,null,Direct partial scope is not total species trade; group evidence has no measured constituent value.
courgette,Courgette / pumpkin,Cucurbita pepo,NO_COMPATIBLE_TRADE_DATA,[],[],[],false,false,false,NO_TRADE_EVIDENCE,null,Direct partial scope is not total species trade; group evidence has no measured constituent value.
artichoke,Globe artichoke / cardoon,Cynara cardunculus,GROUP_LEVEL_ONLY,[],[],"[""12099180""]",false,false,false,GROUP_LEVEL_TRADE_EVIDENCE,null,Direct partial scope is not total species trade; group evidence has no measured constituent value.
cocksfoot,Cocksfoot / orchard grass,Dactylis glomerata,GROUP_LEVEL_ONLY,[],[],"[""12092945""]",false,false,true,GROUP_LEVEL_TRADE_EVIDENCE,null,Direct partial scope is not total species trade; group evidence has no measured constituent value.
carrot,Carrot,Daucus carota,GROUP_LEVEL_ONLY,[],[],"[""12099180""]",false,false,true,GROUP_LEVEL_TRADE_EVIDENCE,null,Direct partial scope is not total species trade; group evidence has no measured constituent value.
buckwheat,Buckwheat,Fagopyrum esculentum,NO_COMPATIBLE_TRADE_DATA,[],[],[],false,false,true,NO_TRADE_EVIDENCE,null,Direct partial scope is not total species trade; group evidence has no measured constituent value.
tall-fescue,Tall fescue,Festuca arundinacea,GROUP_LEVEL_ONLY,[],[],"[""12092380""]",false,false,true,GROUP_LEVEL_TRADE_EVIDENCE,null,Direct partial scope is not total species trade; group evidence has no measured constituent value.
meadow-fescue,Meadow fescue,Festuca pratensis,SPECIES_SPECIFIC,"[""12092311""]",[],[],false,false,true,DIRECT_TRADE_DATA,FULL_BOTANICAL_SCOPE,Direct partial scope is not total species trade; group evidence has no measured constituent value.
red-fescue,Red fescue,Festuca rubra,SPECIES_SPECIFIC,"[""12092315""]",[],[],false,false,true,DIRECT_TRADE_DATA,FULL_BOTANICAL_SCOPE,Direct partial scope is not total species trade; group evidence has no measured constituent value.
fennel,Fennel,Foeniculum vulgare,NO_COMPATIBLE_TRADE_DATA,[],[],[],false,false,false,NO_TRADE_EVIDENCE,null,Direct partial scope is not total species trade; group evidence has no measured constituent value.
fodder-galega,Fodder galega,Galega orientalis,GROUP_LEVEL_ONLY,[],[],"[""12092980""]",false,false,true,GROUP_LEVEL_TRADE_EVIDENCE,null,Direct partial scope is not total species trade; group evidence has no measured constituent value.
soybean,Soybeans,Glycine max,SPECIES_SPECIFIC,"[""12011000""]",[],[],false,false,true,DIRECT_TRADE_DATA,FULL_BOTANICAL_SCOPE,Direct partial scope is not total species trade; group evidence has no measured constituent value.
niger,Niger,Guizotia abyssinica,GROUP_LEVEL_ONLY,[],[],"[""12079920""]",false,false,false,GROUP_LEVEL_TRADE_EVIDENCE,null,Direct partial scope is not total species trade; group evidence has no measured constituent value.
sunflower,Sunflower,Helianthus annuus,SPECIES_SPECIFIC,"[""12060010""]",[],[],false,false,true,DIRECT_TRADE_DATA,FULL_BOTANICAL_SCOPE,Direct partial scope is not total species trade; group evidence has no measured constituent value.
barley,Barley,Hordeum vulgare,SPECIES_SPECIFIC,"[""10031000""]",[],[],false,false,true,DIRECT_TRADE_DATA,FULL_BOTANICAL_SCOPE,Direct partial scope is not total species trade; group evidence has no measured constituent value.
lettuce,Lettuce,Lactuca sativa,GROUP_LEVEL_ONLY,[],[],"[""12099180""]",false,false,false,GROUP_LEVEL_TRADE_EVIDENCE,null,Direct partial scope is not total species trade; group evidence has no measured constituent value.
red-pea,Red pea,Lathyrus cicera,GROUP_LEVEL_ONLY,[],[],"[""12092980""]",false,false,true,GROUP_LEVEL_TRADE_EVIDENCE,null,Direct partial scope is not total species trade; group evidence has no measured constituent value.
lentil,Lentil,Lens culinaris,NO_COMPATIBLE_TRADE_DATA,[],[],[],false,false,true,NO_TRADE_EVIDENCE,null,Direct partial scope is not total species trade; group evidence has no measured constituent value.
garden-cress,Garden cress,Lepidium sativum,GROUP_LEVEL_ONLY,[],[],"[""12099180""]",false,false,false,GROUP_LEVEL_TRADE_EVIDENCE,null,Direct partial scope is not total species trade; group evidence has no measured constituent value.
flax,Flax,Linum usitatissimum,SPECIES_SPECIFIC,"[""12040010""]",[],[],false,false,true,DIRECT_TRADE_DATA,FULL_BOTANICAL_SCOPE,Direct partial scope is not total species trade; group evidence has no measured constituent value.
italian-ryegrass,Italian ryegrass,Lolium multiflorum,SPECIES_SPECIFIC,"[""12092510""]",[],[],false,false,true,DIRECT_TRADE_DATA,FULL_BOTANICAL_SCOPE,Direct partial scope is not total species trade; group evidence has no measured constituent value.
perennial-ryegrass,Perennial ryegrass,Lolium perenne,SPECIES_SPECIFIC,"[""12092590""]",[],[],false,false,true,DIRECT_TRADE_DATA,FULL_BOTANICAL_SCOPE,Direct partial scope is not total species trade; group evidence has no measured constituent value.
hybrid-ryegrass,Hybrid ryegrass,Lolium × hybridum,NO_COMPATIBLE_TRADE_DATA,[],[],[],false,false,true,NO_TRADE_EVIDENCE,null,Direct partial scope is not total species trade; group evidence has no measured constituent value.
birdsfoot-trefoil,Birdsfoot trefoil,Lotus corniculatus,GROUP_LEVEL_ONLY,[],[],"[""12092980""]",false,false,true,GROUP_LEVEL_TRADE_EVIDENCE,null,Direct partial scope is not total species trade; group evidence has no measured constituent value.
white-lupin,White lupin,Lupinus albus,GROUP_LEVEL_ONLY,[],[],"[""12092950""]",false,false,true,GROUP_LEVEL_TRADE_EVIDENCE,null,Direct partial scope is not total species trade; group evidence has no measured constituent value.
narrow-leaved-lupin,Narrow-leaved lupin,Lupinus angustifolius,GROUP_LEVEL_ONLY,[],[],"[""12092950""]",false,false,true,GROUP_LEVEL_TRADE_EVIDENCE,null,Direct partial scope is not total species trade; group evidence has no measured constituent value.
yellow-lupin,Yellow lupin,Lupinus luteus,GROUP_LEVEL_ONLY,[],[],"[""12092950""]",false,false,false,GROUP_LEVEL_TRADE_EVIDENCE,null,Direct partial scope is not total species trade; group evidence has no measured constituent value.
black-medick,Black medick,Medicago lupulina,GROUP_LEVEL_ONLY,[],[],"[""12092980""]",false,false,true,GROUP_LEVEL_TRADE_EVIDENCE,null,Direct partial scope is not total species trade; group evidence has no measured constituent value.
bur-medick,Bur medick,Medicago polymorpha,GROUP_LEVEL_ONLY,[],[],"[""12092980""]",false,false,true,GROUP_LEVEL_TRADE_EVIDENCE,null,Direct partial scope is not total species trade; group evidence has no measured constituent value.
alfalfa,Alfalfa / lucerne,Medicago sativa,SPECIES_SPECIFIC,"[""12092100""]",[],[],false,false,true,DIRECT_TRADE_DATA,FULL_BOTANICAL_SCOPE,Direct partial scope is not total species trade; group evidence has no measured constituent value.
hybrid-lucerne,Hybrid lucerne,Medicago × varia,NO_COMPATIBLE_TRADE_DATA,[],[],[],false,false,true,NO_TRADE_EVIDENCE,null,Direct partial scope is not total species trade; group evidence has no measured constituent value.
white-sweetclover,White sweetclover,Melilotus albus,GROUP_LEVEL_ONLY,[],[],"[""12092980""]",false,false,false,GROUP_LEVEL_TRADE_EVIDENCE,null,Direct partial scope is not total species trade; group evidence has no measured constituent value.
yellow-sweetclover,Yellow sweetclover,Melilotus officinalis,GROUP_LEVEL_ONLY,[],[],"[""12092980""]",false,false,false,GROUP_LEVEL_TRADE_EVIDENCE,null,Direct partial scope is not total species trade; group evidence has no measured constituent value.
sainfoin,Sainfoin,Onobrychis viciifolia,GROUP_LEVEL_ONLY,[],[],"[""12092980""]",false,false,true,GROUP_LEVEL_TRADE_EVIDENCE,null,Direct partial scope is not total species trade; group evidence has no measured constituent value.
yellow-serradella,Yellow serradella,Ornithopus compressus,GROUP_LEVEL_ONLY,[],[],"[""12092980""]",false,false,true,GROUP_LEVEL_TRADE_EVIDENCE,null,Direct partial scope is not total species trade; group evidence has no measured constituent value.
serradella,Serradella,Ornithopus sativus,GROUP_LEVEL_ONLY,[],[],"[""12092980""]",false,false,true,GROUP_LEVEL_TRADE_EVIDENCE,null,Direct partial scope is not total species trade; group evidence has no measured constituent value.
rice,Rice,Oryza sativa,GROUP_LEVEL_ONLY,[],[],"[""10061010""]",false,false,true,GROUP_LEVEL_TRADE_EVIDENCE,null,Direct partial scope is not total species trade; group evidence has no measured constituent value.
proso-millet,Proso millet,Panicum miliaceum,GROUP_LEVEL_ONLY,[],[],"[""10082100""]",false,false,true,GROUP_LEVEL_TRADE_EVIDENCE,null,Direct partial scope is not total species trade; group evidence has no measured constituent value.
poppy,Opium / seed poppy,Papaver somniferum,SPECIES_SPECIFIC,"[""12079110""]",[],[],false,false,true,DIRECT_TRADE_DATA,FULL_BOTANICAL_SCOPE,Direct partial scope is not total species trade; group evidence has no measured constituent value.
parsley,Parsley,Petroselinum crispum,GROUP_LEVEL_ONLY,[],[],"[""12099180""]",false,false,true,GROUP_LEVEL_TRADE_EVIDENCE,null,Direct partial scope is not total species trade; group evidence has no measured constituent value.
phacelia,Phacelia,Phacelia tanacetifolia,NO_COMPATIBLE_TRADE_DATA,[],[],[],false,false,true,NO_TRADE_EVIDENCE,null,Direct partial scope is not total species trade; group evidence has no measured constituent value.
canary-grass,Canary grass,Phalaris canariensis,NO_COMPATIBLE_TRADE_DATA,[],[],[],false,false,true,NO_TRADE_EVIDENCE,null,Direct partial scope is not total species trade; group evidence has no measured constituent value.
runner-bean,Runner bean,Phaseolus coccineus,NO_COMPATIBLE_TRADE_DATA,[],[],[],false,false,false,NO_TRADE_EVIDENCE,null,Direct partial scope is not total species trade; group evidence has no measured constituent value.
common-bean,Common bean,Phaseolus vulgaris,SPECIES_SPECIFIC,"[""07133310""]",[],[],false,false,true,DIRECT_TRADE_DATA,FULL_BOTANICAL_SCOPE,Direct partial scope is not total species trade; group evidence has no measured constituent value.
timothy,Timothy,Phleum pratense,GROUP_LEVEL_ONLY,[],[],"[""12092945""]",false,false,true,GROUP_LEVEL_TRADE_EVIDENCE,null,Direct partial scope is not total species trade; group evidence has no measured constituent value.
field-pea,Field peas,Pisum sativum,SPECIES_SPECIFIC,"[""07131010""]",[],[],false,false,true,DIRECT_TRADE_DATA,FULL_BOTANICAL_SCOPE,Direct partial scope is not total species trade; group evidence has no measured constituent value.
ribwort-plantain,Ribwort plantain,Plantago lanceolata,GROUP_LEVEL_ONLY,[],[],"[""12092980""]",false,false,true,GROUP_LEVEL_TRADE_EVIDENCE,null,Direct partial scope is not total species trade; group evidence has no measured constituent value.
wood-meadowgrass,Wood meadowgrass,Poa nemoralis,GROUP_LEVEL_ONLY,[],[],"[""12092980""]",false,false,true,GROUP_LEVEL_TRADE_EVIDENCE,null,Direct partial scope is not total species trade; group evidence has no measured constituent value.
kentucky-bluegrass,Kentucky bluegrass,Poa pratensis,SPECIES_SPECIFIC,"[""12092400""]",[],[],false,false,true,DIRECT_TRADE_DATA,FULL_BOTANICAL_SCOPE,Direct partial scope is not total species trade; group evidence has no measured constituent value.
cultivated-radish,Cultivated radish,Raphanus raphanistrum subsp. sativus,GROUP_LEVEL_ONLY,[],[],"[""12099180""]",false,false,true,GROUP_LEVEL_TRADE_EVIDENCE,null,Direct partial scope is not total species trade; group evidence has no measured constituent value.
rhubarb,Rhubarb,Rheum rhabarbarum,GROUP_LEVEL_ONLY,[],[],"[""12099180""]",false,false,false,GROUP_LEVEL_TRADE_EVIDENCE,null,Direct partial scope is not total species trade; group evidence has no measured constituent value.
black-salsify,Black salsify,Scorzonera hispanica,GROUP_LEVEL_ONLY,[],[],"[""12099180""]",false,false,false,GROUP_LEVEL_TRADE_EVIDENCE,null,Direct partial scope is not total species trade; group evidence has no measured constituent value.
rye,Rye,Secale cereale,SPECIES_SPECIFIC,"[""10021000""]",[],[],false,false,true,DIRECT_TRADE_DATA,FULL_BOTANICAL_SCOPE,Direct partial scope is not total species trade; group evidence has no measured constituent value.
foxtail-millet,Foxtail millet,Setaria italica,GROUP_LEVEL_ONLY,[],[],"[""10082100""]",false,false,true,GROUP_LEVEL_TRADE_EVIDENCE,null,Direct partial scope is not total species trade; group evidence has no measured constituent value.
white-mustard,White mustard,Sinapis alba,GROUP_LEVEL_ONLY,[],[],"[""12075010""]",false,false,true,GROUP_LEVEL_TRADE_EVIDENCE,null,Direct partial scope is not total species trade; group evidence has no measured constituent value.
tomato,Tomato,Solanum lycopersicum,GROUP_LEVEL_ONLY,[],[],"[""12099180""]",false,false,false,GROUP_LEVEL_TRADE_EVIDENCE,null,Direct partial scope is not total species trade; group evidence has no measured constituent value.
aubergine,Aubergine,Solanum melongena,GROUP_LEVEL_ONLY,[],[],"[""12099180""]",false,false,false,GROUP_LEVEL_TRADE_EVIDENCE,null,Direct partial scope is not total species trade; group evidence has no measured constituent value.
sorghum,Sorghum,Sorghum bicolor,PARTIAL_SPECIES_SCOPE,[],"[""10071010"",""10071090""]",[],false,false,true,DIRECT_TRADE_DATA,LIMITED_CROP_TYPE_OR_INFRASPECIFIC_SCOPE,Direct partial scope is not total species trade; group evidence has no measured constituent value.
spinach,Spinach,Spinacia oleracea,GROUP_LEVEL_ONLY,[],[],"[""12099180""]",false,false,true,GROUP_LEVEL_TRADE_EVIDENCE,null,Direct partial scope is not total species trade; group evidence has no measured constituent value.
berseem-clover,Berseem / Egyptian clover,Trifolium alexandrinum,GROUP_LEVEL_ONLY,[],[],"[""12092280""]",false,false,true,GROUP_LEVEL_TRADE_EVIDENCE,null,Direct partial scope is not total species trade; group evidence has no measured constituent value.
glandular-clover,Glandular clover,Trifolium glanduliferum,GROUP_LEVEL_ONLY,[],[],"[""12092280""]",false,false,true,GROUP_LEVEL_TRADE_EVIDENCE,null,Direct partial scope is not total species trade; group evidence has no measured constituent value.
rose-clover,Rose clover,Trifolium hirtum,GROUP_LEVEL_ONLY,[],[],"[""12092280""]",false,false,true,GROUP_LEVEL_TRADE_EVIDENCE,null,Direct partial scope is not total species trade; group evidence has no measured constituent value.
alsike-clover,Alsike clover,Trifolium hybridum,GROUP_LEVEL_ONLY,[],[],"[""12092280""]",false,false,true,GROUP_LEVEL_TRADE_EVIDENCE,null,Direct partial scope is not total species trade; group evidence has no measured constituent value.
crimson-clover,Crimson clover,Trifolium incarnatum,GROUP_LEVEL_ONLY,[],[],"[""12092280""]",false,false,true,GROUP_LEVEL_TRADE_EVIDENCE,null,Direct partial scope is not total species trade; group evidence has no measured constituent value.
trifolium-isthmocarpum,Clover,Trifolium isthmocarpum,GROUP_LEVEL_ONLY,[],[],"[""12092280""]",false,false,true,GROUP_LEVEL_TRADE_EVIDENCE,null,Direct partial scope is not total species trade; group evidence has no measured constituent value.
balansa-clover,Balansa clover,Trifolium michelianum,GROUP_LEVEL_ONLY,[],[],"[""12092280""]",false,false,true,GROUP_LEVEL_TRADE_EVIDENCE,null,Direct partial scope is not total species trade; group evidence has no measured constituent value.
red-clover,Red clover,Trifolium pratense,SPECIES_SPECIFIC,"[""12092210""]",[],[],false,false,true,DIRECT_TRADE_DATA,FULL_BOTANICAL_SCOPE,Direct partial scope is not total species trade; group evidence has no measured constituent value.
white-clover,White clover,Trifolium repens,GROUP_LEVEL_ONLY,[],[],"[""12092280""]",false,false,true,GROUP_LEVEL_TRADE_EVIDENCE,null,Direct partial scope is not total species trade; group evidence has no measured constituent value.
persian-clover,Persian clover,Trifolium resupinatum,GROUP_LEVEL_ONLY,[],[],"[""12092280""]",false,false,true,GROUP_LEVEL_TRADE_EVIDENCE,null,Direct partial scope is not total species trade; group evidence has no measured constituent value.
trifolium-squarrosum,Clover,Trifolium squarrosum,GROUP_LEVEL_ONLY,[],[],"[""12092280""]",false,false,true,GROUP_LEVEL_TRADE_EVIDENCE,null,Direct partial scope is not total species trade; group evidence has no measured constituent value.
subterranean-clover,Subterranean clover,Trifolium subterraneum,GROUP_LEVEL_ONLY,[],[],"[""12092280""]",false,false,false,GROUP_LEVEL_TRADE_EVIDENCE,null,Direct partial scope is not total species trade; group evidence has no measured constituent value.
arrowleaf-clover,Arrowleaf clover,Trifolium vesiculosum,GROUP_LEVEL_ONLY,[],[],"[""12092280""]",false,false,true,GROUP_LEVEL_TRADE_EVIDENCE,null,Direct partial scope is not total species trade; group evidence has no measured constituent value.
fenugreek,Fenugreek,Trigonella foenum-graecum,NO_COMPATIBLE_TRADE_DATA,[],[],[],false,false,false,NO_TRADE_EVIDENCE,null,Direct partial scope is not total species trade; group evidence has no measured constituent value.
golden-oatgrass,Golden oatgrass,Trisetum flavescens,GROUP_LEVEL_ONLY,[],[],"[""12092980""]",false,false,true,GROUP_LEVEL_TRADE_EVIDENCE,null,Direct partial scope is not total species trade; group evidence has no measured constituent value.
common-wheat,Common wheat; seasons retained,Triticum aestivum,PARTIAL_SPECIES_SCOPE,[],"[""10019110""]","[""10019120""]",false,false,true,DIRECT_TRADE_DATA,LIMITED_CROP_TYPE_OR_INFRASPECIFIC_SCOPE,Direct partial scope is not total species trade; group evidence has no measured constituent value.
durum-wheat,Durum wheat,Triticum turgidum subsp. durum,SPECIES_SPECIFIC,"[""10011100""]",[],[],false,false,true,DIRECT_TRADE_DATA,FULL_BOTANICAL_SCOPE,Direct partial scope is not total species trade; group evidence has no measured constituent value.
lambs-lettuce,Lamb's lettuce,Valerianella locusta,GROUP_LEVEL_ONLY,[],[],"[""12099180""]",false,false,false,GROUP_LEVEL_TRADE_EVIDENCE,null,Direct partial scope is not total species trade; group evidence has no measured constituent value.
purple-vetch,Purple / Bengal vetch,Vicia benghalensis,GROUP_LEVEL_ONLY,[],[],"[""12092945""]",false,false,true,GROUP_LEVEL_TRADE_EVIDENCE,null,Direct partial scope is not total species trade; group evidence has no measured constituent value.
bitter-vetch,Bitter vetch,Vicia ervilia,GROUP_LEVEL_ONLY,[],[],"[""12092945""]",false,false,true,GROUP_LEVEL_TRADE_EVIDENCE,null,Direct partial scope is not total species trade; group evidence has no measured constituent value.
faba-bean,Faba beans,Vicia faba,NO_COMPATIBLE_TRADE_DATA,[],[],[],false,false,true,NO_TRADE_EVIDENCE,null,Direct partial scope is not total species trade; group evidence has no measured constituent value.
hungarian-vetch,Hungarian vetch,Vicia pannonica,GROUP_LEVEL_ONLY,[],[],"[""12092945""]",false,false,true,GROUP_LEVEL_TRADE_EVIDENCE,null,Direct partial scope is not total species trade; group evidence has no measured constituent value.
common-vetch,Common vetch,Vicia sativa,GROUP_LEVEL_ONLY,[],[],"[""12092945""]",false,false,true,GROUP_LEVEL_TRADE_EVIDENCE,null,Direct partial scope is not total species trade; group evidence has no measured constituent value.
winter-vetch,Winter vetch,Vicia villosa Roth,GROUP_LEVEL_ONLY,[],[],"[""12092945""]",false,false,true,GROUP_LEVEL_TRADE_EVIDENCE,null,Direct partial scope is not total species trade; group evidence has no measured constituent value.
maize,Maize,Zea mays,PARTIAL_SPECIES_SCOPE,[],"[""07129011"",""10051013"",""10051015"",""10051018"",""10051090""]",[],false,false,true,DIRECT_TRADE_DATA,LIMITED_CROP_TYPE_OR_INFRASPECIFIC_SCOPE,Direct partial scope is not total species trade; group evidence has no measured constituent value.
