category_id,category_name,volume_tonnes,trade_value_eur,total_volume_share_percent,total_value_share_percent,cn_count,cn_codes,linked_canonical_entities,linked_true_seed_species,linked_species_are_contributors,note
cereals-pseudocereals,Cereals and pseudocereals,185721.887,89147327.0,73.988332,22.262436,15,"[""07129011"",""10011100"",""10019110"",""10019120"",""10021000"",""10031000"",""10041000"",""10051013"",""10051015"",""10051018"",""10051090"",""10061010"",""10071010"",""10071090"",""10082100""]",12,12,false,"Supported single-category customs totals only; excludes cross-category groups and unresolved beet crop types. Missing category coverage is absent, not zero."
grain-legumes,Grain legumes and protein crops,15999.439,7261629.0,6.373895,1.81342,3,"[""07131010"",""12011000"",""12092950""]",5,5,false,"Supported single-category customs totals only; excludes cross-category groups and unresolved beet crop types. Missing category coverage is absent, not zero."
forage-legumes,Forage legumes,3583.73,11426084.0,1.427695,2.853394,3,"[""12092100"",""12092210"",""12092280""]",14,14,false,"Supported single-category customs totals only; excludes cross-category groups and unresolved beet crop types. Missing category coverage is absent, not zero."
grass-seeds,Grass seeds,12488.184,21728189.0,4.975073,5.426101,6,"[""12092311"",""12092315"",""12092380"",""12092400"",""12092510"",""12092590""]",6,6,false,"Supported single-category customs totals only; excludes cross-category groups and unresolved beet crop types. Missing category coverage is absent, not zero."
oil-fibre-seeds,Oilseed and fibre crops,16653.404,59269178.0,6.634423,14.801075,5,"[""12040010"",""12051010"",""12060010"",""12079110"",""12079920""]",8,8,false,"Supported single-category customs totals only; excludes cross-category groups and unresolved beet crop types. Missing category coverage is absent, not zero."
brassica-seeds,Mustard and radish seeds,3048.162,4128117.0,1.214334,1.0309,1,"[""12075010""]",3,3,false,"Supported single-category customs totals only; excludes cross-category groups and unresolved beet crop types. Missing category coverage is absent, not zero."
vegetable-seeds,Vegetable seeds,1703.625,8092589.0,0.678694,2.020933,2,"[""07133310"",""12099130""]",2,2,false,"Supported single-category customs totals only; excludes cross-category groups and unresolved beet crop types. Missing category coverage is absent, not zero."
herbs-specialty,Herbs and specialty flowering crops,null,null,null,null,0,[],0,0,false,"Supported single-category customs totals only; excludes cross-category groups and unresolved beet crop types. Missing category coverage is absent, not zero."
seed-potatoes,Seed potatoes,null,null,null,null,0,[],0,0,false,"Supported single-category customs totals only; excludes cross-category groups and unresolved beet crop types. Missing category coverage is absent, not zero."
other-propagation,Other propagation material,null,null,null,null,0,[],0,0,false,"Supported single-category customs totals only; excludes cross-category groups and unresolved beet crop types. Missing category coverage is absent, not zero."
