cn8,official_cn_description,market_entity,linked_botanical_species_measured,linked_scope_candidates_only,canonical_categories,allocated_category,baseline_status,sowing_specificity,sowing_use_confirmed,original_granularity,audited_granularity,volume_kg,volume_tonnes,trade_value_eur,observations,total_volume_share_percent,total_value_share_percent,expansion_volume_share_percent,expansion_value_share_percent,source,source_period,flow,public_safe,inclusion_recommendation,methodological_note,source_evidence,dominant_country_grain,concentration_flags
12099180,"Vegetable seeds for sowing (excl. salad beet or beetroot ""Beta vulgaris var. conditiva"")",CN-12099180,[],"[{""id"":""onion"",""botanical"":""Allium cepa""},{""id"":""bunching-onion"",""botanical"":""Allium fistulosum""},{""id"":""leek"",""botanical"":""Allium porrum""},{""id"":""chives"",""botanical"":""Allium schoenoprasum""},{""id"":""chervil"",""botanical"":""Anthriscus cerefolium""},{""id"":""celery"",""botanical"":""Apium graveolens""},{""id"":""asparagus"",""botanical"":""Asparagus officinalis""},{""id"":""cabbage"",""botanical"":""Brassica oleracea""},{""id"":""pepper"",""botanical"":""Capsicum annuum""},{""id"":""endive"",""botanical"":""Cichorium endivia""},{""id"":""chicory"",""botanical"":""Cichorium intybus""},{""id"":""cucumber"",""botanical"":""Cucumis sativus""},{""id"":""artichoke"",""botanical"":""Cynara cardunculus""},{""id"":""carrot"",""botanical"":""Daucus carota""},{""id"":""lettuce"",""botanical"":""Lactuca sativa""},{""id"":""garden-cress"",""botanical"":""Lepidium sativum""},{""id"":""parsley"",""botanical"":""Petroselinum crispum""},{""id"":""cultivated-radish"",""botanical"":""Raphanus raphanistrum subsp. sativus""},{""id"":""rhubarb"",""botanical"":""Rheum rhabarbarum""},{""id"":""black-salsify"",""botanical"":""Scorzonera hispanica""},{""id"":""tomato"",""botanical"":""Solanum lycopersicum""},{""id"":""aubergine"",""botanical"":""Solanum melongena""},{""id"":""spinach"",""botanical"":""Spinacia oleracea""},{""id"":""lambs-lettuce"",""botanical"":""Valerianella locusta""}]","[""brassica-seeds"",""vegetable-seeds""]",null,NEW_CN,GROUP_LEVEL,true,GROUP_LEVEL,GROUP_LEVEL,2701406.0,2701.406,162886710.0,294,1.076193,40.677103,1.227449,44.656727,Eurostat COMEXT DS-045409;KSH official CN2026;official annual concordance,2026-06,EXPORTER_DISPATCH_INTRA_EU_ONLY,true,INCLUDE_HEADLINE_SOWING_SCOPE,Group trade is not allocated to constituent species.,"{""classification_url"":""https://www.ksh.hu/docs/osztalyozasok/kn/kn2026_structure.xlsx"",""classification_sha256"":""083d065994fd2b41037aae21dc26087300a3a013e948e1884117abdd9d87ac56"",""trade_request_pattern"":""Preserved requests for all 27 reporters in COMEXT_REQUEST_MANIFEST.json""}","{""identity"":""COMEXT:M:DK:DE:12099180:2:2026-06"",""reporter"":""DK"",""partner"":""DE"",""kg"":500084.0,""eur"":5994009.0,""source_file"":""DK-12099180.json"",""source_url"":""https://ec.europa.eu/eurostat/api/comext/dissemination/statistics/1.0/data/DS-045409?lang=EN&freq=M&reporter=DK&product=12099180&sinceTimePeriod=2024-01&untilTimePeriod=2026-06""}","[""NEW_CODE_VALUE_SHARE_AT_LEAST_25_PERCENT""]"
12051010,"Low erucic acid rape or colza seeds ""yielding a fixed oil which has an erucic acid content of < 2% and yielding a solid component of glucosinolates of < 30 micromoles/g"", for sowing",CN-12051010,[],"[{""id"":""rapeseed"",""botanical"":""Brassica napus""},{""id"":""turnip-rape"",""botanical"":""Brassica rapa""}]","[""oil-fibre-seeds""]",oil-fibre-seeds,NEW_CN,GROUP_LEVEL,true,GROUP_LEVEL,GROUP_LEVEL,10692473.0,10692.473,40375382.0,88,4.259693,10.082797,4.858381,11.069242,Eurostat COMEXT DS-045409;KSH official CN2026;official annual concordance,2026-06,EXPORTER_DISPATCH_INTRA_EU_ONLY,true,INCLUDE_HEADLINE_SOWING_SCOPE,Group trade is not allocated to constituent species.,"{""classification_url"":""https://www.ksh.hu/docs/osztalyozasok/kn/kn2026_structure.xlsx"",""classification_sha256"":""083d065994fd2b41037aae21dc26087300a3a013e948e1884117abdd9d87ac56"",""trade_request_pattern"":""Preserved requests for all 27 reporters in COMEXT_REQUEST_MANIFEST.json""}","{""identity"":""COMEXT:M:EE:FI:12051010:2:2026-06"",""reporter"":""EE"",""partner"":""FI"",""kg"":3074260.0,""eur"":1684368.0,""source_file"":""EE-12051010.json"",""source_url"":""https://ec.europa.eu/eurostat/api/comext/dissemination/statistics/1.0/data/DS-045409?lang=EN&freq=M&reporter=EE&product=12051010&sinceTimePeriod=2024-01&untilTimePeriod=2026-06""}",[]
10051015,Simple hybrid maize seed for sowing,CN-10051015,[],"[{""id"":""maize"",""botanical"":""Zea mays""}]","[""cereals-pseudocereals""]",cereals-pseudocereals,NEW_CN,PARTIAL,true,PARTIAL,PARTIAL,13272188.0,13272.188,35559173.0,97,5.287406,8.880062,6.030537,9.748839,Eurostat COMEXT DS-045409;KSH official CN2026;official annual concordance,2026-06,EXPORTER_DISPATCH_INTRA_EU_ONLY,true,INCLUDE_HEADLINE_SOWING_SCOPE,Partial botanical/crop-type scope is not full species coverage.,"{""classification_url"":""https://www.ksh.hu/docs/osztalyozasok/kn/kn2026_structure.xlsx"",""classification_sha256"":""083d065994fd2b41037aae21dc26087300a3a013e948e1884117abdd9d87ac56"",""trade_request_pattern"":""Preserved requests for all 27 reporters in COMEXT_REQUEST_MANIFEST.json""}","{""identity"":""COMEXT:M:FR:ES:10051015:2:2026-06"",""reporter"":""FR"",""partner"":""ES"",""kg"":6049213.0,""eur"":1596281.0,""source_file"":""FR-10051015.json"",""source_url"":""https://ec.europa.eu/eurostat/api/comext/dissemination/statistics/1.0/data/DS-045409?lang=EN&freq=M&reporter=FR&product=10051015&sinceTimePeriod=2024-01&untilTimePeriod=2026-06""}",[]
10051090,Maize seed for sowing (excl. hybrid),CN-10051090,[],"[{""id"":""maize"",""botanical"":""Zea mays""}]","[""cereals-pseudocereals""]",cereals-pseudocereals,NEW_CN,PARTIAL,true,PARTIAL,PARTIAL,61812981.0,61812.981,19215270.0,69,24.625204,4.798559,28.08621,5.268024,Eurostat COMEXT DS-045409;KSH official CN2026;official annual concordance,2026-06,EXPORTER_DISPATCH_INTRA_EU_ONLY,true,INCLUDE_HEADLINE_SOWING_SCOPE,Partial botanical/crop-type scope is not full species coverage.,"{""classification_url"":""https://www.ksh.hu/docs/osztalyozasok/kn/kn2026_structure.xlsx"",""classification_sha256"":""083d065994fd2b41037aae21dc26087300a3a013e948e1884117abdd9d87ac56"",""trade_request_pattern"":""Preserved requests for all 27 reporters in COMEXT_REQUEST_MANIFEST.json""}","{""identity"":""COMEXT:M:PL:PT:10051090:2:2026-06"",""reporter"":""PL"",""partner"":""PT"",""kg"":27000000.0,""eur"":6831858.0,""source_file"":""PL-10051090.json"",""source_url"":""https://ec.europa.eu/eurostat/api/comext/dissemination/statistics/1.0/data/DS-045409?lang=EN&freq=M&reporter=PL&product=10051090&sinceTimePeriod=2024-01&untilTimePeriod=2026-06""}","[""NEW_CODE_VOLUME_SHARE_AT_LEAST_25_PERCENT""]"
12091000,"Sugar beet seed, for sowing",CN-12091000,[],"[{""id"":""beet-chard"",""botanical"":""Beta vulgaris""}]","[""vegetable-seeds""]",null,NEW_CN,PARTIAL,true,PARTIAL,PARTIAL,921317.0,921.317,17575120.0,51,0.367036,4.38897,0.418622,4.818363,Eurostat COMEXT DS-045409;KSH official CN2026;official annual concordance,2026-06,EXPORTER_DISPATCH_INTRA_EU_ONLY,true,INCLUDE_HEADLINE_SOWING_SCOPE;REPAIR_ATTRIBUTION_BEFORE_RELEASE,Sugar-beet seed is a crop-type subset of Beta vulgaris. Whole sugar-beet trade must not automatically become vegetable-category trade merely through a beet/chard canonical label. Category allocation withheld pending explicit commercial-scope decision.,"{""classification_url"":""https://www.ksh.hu/docs/osztalyozasok/kn/kn2026_structure.xlsx"",""classification_sha256"":""083d065994fd2b41037aae21dc26087300a3a013e948e1884117abdd9d87ac56"",""trade_request_pattern"":""Preserved requests for all 27 reporters in COMEXT_REQUEST_MANIFEST.json""}","{""identity"":""COMEXT:M:BE:DE:12091000:2:2026-06"",""reporter"":""BE"",""partner"":""DE"",""kg"":215812.0,""eur"":1312552.0,""source_file"":""BE-12091000.json"",""source_url"":""https://ec.europa.eu/eurostat/api/comext/dissemination/statistics/1.0/data/DS-045409?lang=EN&freq=M&reporter=BE&product=12091000&sinceTimePeriod=2024-01&untilTimePeriod=2026-06""}",[]
12092980,"Seeds of forage plants, for sowing (excl. cereals and fodder beet seed ""Beta vulgaris var. alba"", sugar beet seed, lucerne seed, clover ""Trifolium spp."" seed, fesque seed, Kentucky blue grass ""Poa pratensis L."" seed, ryegrass ""Lolium multiflorum lam., Lolium perenne L."" seed, Timothy grass seed, vetch seed, seeds of the genus Poa palustris L and Poa trivialis L., cocksfoot grass ""Dactylis glomerata L."" seed, bent grass ""Agrostis"" seed and lupine seed)",CN-12092980,[],"[{""id"":""meadow-foxtail"",""botanical"":""Alopecurus pratensis""},{""id"":""tall-oatgrass"",""botanical"":""Arrhenatherum elatius""},{""id"":""biserrula"",""botanical"":""Biserrula pelecinus""},{""id"":""fodder-galega"",""botanical"":""Galega orientalis""},{""id"":""red-pea"",""botanical"":""Lathyrus cicera""},{""id"":""birdsfoot-trefoil"",""botanical"":""Lotus corniculatus""},{""id"":""black-medick"",""botanical"":""Medicago lupulina""},{""id"":""bur-medick"",""botanical"":""Medicago polymorpha""},{""id"":""white-sweetclover"",""botanical"":""Melilotus albus""},{""id"":""yellow-sweetclover"",""botanical"":""Melilotus officinalis""},{""id"":""sainfoin"",""botanical"":""Onobrychis viciifolia""},{""id"":""yellow-serradella"",""botanical"":""Ornithopus compressus""},{""id"":""serradella"",""botanical"":""Ornithopus sativus""},{""id"":""ribwort-plantain"",""botanical"":""Plantago lanceolata""},{""id"":""wood-meadowgrass"",""botanical"":""Poa nemoralis""},{""id"":""golden-oatgrass"",""botanical"":""Trisetum flavescens""}]","[""forage-legumes"",""grain-legumes"",""grass-seeds"",""herbs-specialty""]",null,NEW_CN,GROUP_LEVEL,true,GROUP_LEVEL,GROUP_LEVEL,6168684.0,6168.684,15939499.0,209,2.457495,3.980513,2.802889,4.369944,Eurostat COMEXT DS-045409;KSH official CN2026;official annual concordance,2026-06,EXPORTER_DISPATCH_INTRA_EU_ONLY,true,INCLUDE_HEADLINE_SOWING_SCOPE,Group trade is not allocated to constituent species.,"{""classification_url"":""https://www.ksh.hu/docs/osztalyozasok/kn/kn2026_structure.xlsx"",""classification_sha256"":""083d065994fd2b41037aae21dc26087300a3a013e948e1884117abdd9d87ac56"",""trade_request_pattern"":""Preserved requests for all 27 reporters in COMEXT_REQUEST_MANIFEST.json""}","{""identity"":""COMEXT:M:IT:FR:12092980:2:2026-06"",""reporter"":""IT"",""partner"":""FR"",""kg"":431979.0,""eur"":894129.0,""source_file"":""IT-12092980.json"",""source_url"":""https://ec.europa.eu/eurostat/api/comext/dissemination/statistics/1.0/data/DS-045409?lang=EN&freq=M&reporter=IT&product=12092980&sinceTimePeriod=2024-01&untilTimePeriod=2026-06""}",[]
10019120,"Seed of common wheat or meslin, for sowing",CN-10019120,[],"[{""id"":""common-wheat"",""botanical"":""Triticum aestivum""}]","[""cereals-pseudocereals""]",cereals-pseudocereals,NEW_CN,GROUP_LEVEL,true,PARTIAL,GROUP_LEVEL,61878779.0,61878.779,13126731.0,72,24.651417,3.278091,28.116107,3.598801,Eurostat COMEXT DS-045409;KSH official CN2026;official annual concordance,2026-06,EXPORTER_DISPATCH_INTRA_EU_ONLY,true,INCLUDE_HEADLINE_SOWING_SCOPE;REPAIR_ATTRIBUTION_BEFORE_RELEASE,Common wheat OR meslin is a combined customs scope. Never interpret its entire volume as Triticum aestivum alone; relabel GROUP_LEVEL and retain common-wheat only as scope candidate.,"{""classification_url"":""https://www.ksh.hu/docs/osztalyozasok/kn/kn2026_structure.xlsx"",""classification_sha256"":""083d065994fd2b41037aae21dc26087300a3a013e948e1884117abdd9d87ac56"",""trade_request_pattern"":""Preserved requests for all 27 reporters in COMEXT_REQUEST_MANIFEST.json""}","{""identity"":""COMEXT:M:BE:IE:10019120:2:2026-06"",""reporter"":""BE"",""partner"":""IE"",""kg"":21693804.0,""eur"":4642913.0,""source_file"":""BE-10019120.json"",""source_url"":""https://ec.europa.eu/eurostat/api/comext/dissemination/statistics/1.0/data/DS-045409?lang=EN&freq=M&reporter=BE&product=10019120&sinceTimePeriod=2024-01&untilTimePeriod=2026-06""}","[""NEW_CODE_VOLUME_SHARE_AT_LEAST_25_PERCENT""]"
12060010,Sunflower seeds for sowing,CN-12060010,"[{""id"":""sunflower"",""name"":""Sunflower"",""botanical"":""Helianthus annuus""}]",[],"[""oil-fibre-seeds""]",oil-fibre-seeds,NEW_CN,CONFIRMED_SOWING_SPECIFIC,true,SPECIES_SPECIFIC,SPECIES_SPECIFIC,2599542.0,2599.542,13089806.0,156,1.035612,3.268869,1.181164,3.588678,Eurostat COMEXT DS-045409;KSH official CN2026;official annual concordance,2026-06,EXPORTER_DISPATCH_INTRA_EU_ONLY,true,INCLUDE_HEADLINE_SOWING_SCOPE,Sowing use and single botanical scope confirmed.,"{""classification_url"":""https://www.ksh.hu/docs/osztalyozasok/kn/kn2026_structure.xlsx"",""classification_sha256"":""083d065994fd2b41037aae21dc26087300a3a013e948e1884117abdd9d87ac56"",""trade_request_pattern"":""Preserved requests for all 27 reporters in COMEXT_REQUEST_MANIFEST.json""}","{""identity"":""COMEXT:M:CZ:DE:12060010:2:2026-06"",""reporter"":""CZ"",""partner"":""DE"",""kg"":621650.0,""eur"":338371.0,""source_file"":""CZ-12060010.json"",""source_url"":""https://ec.europa.eu/eurostat/api/comext/dissemination/statistics/1.0/data/DS-045409?lang=EN&freq=M&reporter=CZ&product=12060010&sinceTimePeriod=2024-01&untilTimePeriod=2026-06""}",[]
07133310,"Dried, shelled kidney beans ""Phaseolus vulgaris"", for sowing",CN-07133310,"[{""id"":""common-bean"",""name"":""Common bean"",""botanical"":""Phaseolus vulgaris""}]",[],"[""vegetable-seeds""]",vegetable-seeds,NEW_CN,CONFIRMED_SOWING_SPECIFIC,true,SPECIES_SPECIFIC,SPECIES_SPECIFIC,1676397.0,1676.397,7788047.0,155,0.667847,1.944881,0.761711,2.135157,Eurostat COMEXT DS-045409;KSH official CN2026;official annual concordance,2026-06,EXPORTER_DISPATCH_INTRA_EU_ONLY,true,INCLUDE_HEADLINE_SOWING_SCOPE,Sowing use and single botanical scope confirmed.,"{""classification_url"":""https://www.ksh.hu/docs/osztalyozasok/kn/kn2026_structure.xlsx"",""classification_sha256"":""083d065994fd2b41037aae21dc26087300a3a013e948e1884117abdd9d87ac56"",""trade_request_pattern"":""Preserved requests for all 27 reporters in COMEXT_REQUEST_MANIFEST.json""}","{""identity"":""COMEXT:M:NL:FR:07133310:2:2026-06"",""reporter"":""NL"",""partner"":""FR"",""kg"":265370.0,""eur"":1816620.0,""source_file"":""NL-07133310.json"",""source_url"":""https://ec.europa.eu/eurostat/api/comext/dissemination/statistics/1.0/data/DS-045409?lang=EN&freq=M&reporter=NL&product=07133310&sinceTimePeriod=2024-01&untilTimePeriod=2026-06""}",[]
12092280,"Clover ""Trifolium spp."" seed for sowing (excl. red clover [Trifolium pratense L.])",CN-12092280,[],"[{""id"":""berseem-clover"",""botanical"":""Trifolium alexandrinum""},{""id"":""glandular-clover"",""botanical"":""Trifolium glanduliferum""},{""id"":""rose-clover"",""botanical"":""Trifolium hirtum""},{""id"":""alsike-clover"",""botanical"":""Trifolium hybridum""},{""id"":""crimson-clover"",""botanical"":""Trifolium incarnatum""},{""id"":""trifolium-isthmocarpum"",""botanical"":""Trifolium isthmocarpum""},{""id"":""balansa-clover"",""botanical"":""Trifolium michelianum""},{""id"":""white-clover"",""botanical"":""Trifolium repens""},{""id"":""persian-clover"",""botanical"":""Trifolium resupinatum""},{""id"":""trifolium-squarrosum"",""botanical"":""Trifolium squarrosum""},{""id"":""subterranean-clover"",""botanical"":""Trifolium subterraneum""},{""id"":""arrowleaf-clover"",""botanical"":""Trifolium vesiculosum""}]","[""forage-legumes""]",forage-legumes,NEW_CN,GROUP_LEVEL,true,GROUP_LEVEL,GROUP_LEVEL,2203134.0,2203.134,6311866.0,108,0.87769,1.576239,1.001047,1.73045,Eurostat COMEXT DS-045409;KSH official CN2026;official annual concordance,2026-06,EXPORTER_DISPATCH_INTRA_EU_ONLY,true,INCLUDE_HEADLINE_SOWING_SCOPE,Group trade is not allocated to constituent species.,"{""classification_url"":""https://www.ksh.hu/docs/osztalyozasok/kn/kn2026_structure.xlsx"",""classification_sha256"":""083d065994fd2b41037aae21dc26087300a3a013e948e1884117abdd9d87ac56"",""trade_request_pattern"":""Preserved requests for all 27 reporters in COMEXT_REQUEST_MANIFEST.json""}","{""identity"":""COMEXT:M:IT:FR:12092280:2:2026-06"",""reporter"":""IT"",""partner"":""FR"",""kg"":371283.0,""eur"":1016647.0,""source_file"":""IT-12092280.json"",""source_url"":""https://ec.europa.eu/eurostat/api/comext/dissemination/statistics/1.0/data/DS-045409?lang=EN&freq=M&reporter=IT&product=12092280&sinceTimePeriod=2024-01&untilTimePeriod=2026-06""}",[]
