prior_index,source_label,canonical_id,botanical_name,recovery_status,identity_status,catch_use_status,cover_use_status,import_only_status,scope
1,Sinapis alba,white-mustard,Sinapis alba,RECOVERED_DISCOVERY_LABEL,VERIFIED_BOUNDED_IDENTITY,CONFIRMED_USE,CONFIRMED_USE,INSUFFICIENT_EVIDENCE,"Prior 65 labels contain duplicates, crop types and hybrids; not 65 distinct biological species. Unsupported prior use/import claims not activated."
2,Brassica juncea,brown-mustard,Brassica juncea,RECOVERED_DISCOVERY_LABEL,VERIFIED_BOUNDED_IDENTITY,CONFIRMED_USE,CONFIRMED_USE,INSUFFICIENT_EVIDENCE,"Prior 65 labels contain duplicates, crop types and hybrids; not 65 distinct biological species. Unsupported prior use/import claims not activated."
3,Brassica nigra,black-mustard,Brassica nigra,RECOVERED_DISCOVERY_LABEL,VERIFIED_BOUNDED_IDENTITY,CONFIRMED_USE,CONFIRMED_USE,INSUFFICIENT_EVIDENCE,"Prior 65 labels contain duplicates, crop types and hybrids; not 65 distinct biological species. Unsupported prior use/import claims not activated."
4,Raphanus sativus var. oleiformis,cultivated-radish,Raphanus raphanistrum subsp. sativus,RECOVERED_DISCOVERY_LABEL,VERIFIED_BOUNDED_IDENTITY,CONFIRMED_USE,CONFIRMED_USE,INSUFFICIENT_EVIDENCE,"Prior 65 labels contain duplicates, crop types and hybrids; not 65 distinct biological species. Unsupported prior use/import claims not activated."
5,Brassica napus,swede-seed-group,Brassica napus,RECOVERED_DISCOVERY_LABEL,VERIFIED_BOUNDED_IDENTITY,NOT_CONFIRMED,NOT_CONFIRMED,INSUFFICIENT_EVIDENCE,"Prior 65 labels contain duplicates, crop types and hybrids; not 65 distinct biological species. Unsupported prior use/import claims not activated."
6,Brassica rapa,turnip-rape,Brassica rapa,RECOVERED_DISCOVERY_LABEL,VERIFIED_BOUNDED_IDENTITY,CONFIRMED_USE,CONFIRMED_USE,INSUFFICIENT_EVIDENCE,"Prior 65 labels contain duplicates, crop types and hybrids; not 65 distinct biological species. Unsupported prior use/import claims not activated."
7,Brassica oleracea var. viridis / acephala,cabbage,Brassica oleracea,RECOVERED_DISCOVERY_LABEL,VERIFIED_BOUNDED_IDENTITY,NOT_CONFIRMED,CONFIRMED_USE,INSUFFICIENT_EVIDENCE,"Prior 65 labels contain duplicates, crop types and hybrids; not 65 distinct biological species. Unsupported prior use/import claims not activated."
8,Brassica rapa subsp. rapa,turnip-rape,Brassica rapa,RECOVERED_DISCOVERY_LABEL,VERIFIED_BOUNDED_IDENTITY,CONFIRMED_USE,CONFIRMED_USE,INSUFFICIENT_EVIDENCE,"Prior 65 labels contain duplicates, crop types and hybrids; not 65 distinct biological species. Unsupported prior use/import claims not activated."
9,Phacelia tanacetifolia,phacelia,Phacelia tanacetifolia,RECOVERED_DISCOVERY_LABEL,VERIFIED_BOUNDED_IDENTITY,CONFIRMED_USE,CONFIRMED_USE,INSUFFICIENT_EVIDENCE,"Prior 65 labels contain duplicates, crop types and hybrids; not 65 distinct biological species. Unsupported prior use/import claims not activated."
10,Helianthus annuus,sunflower,Helianthus annuus,RECOVERED_DISCOVERY_LABEL,VERIFIED_BOUNDED_IDENTITY,CONFIRMED_USE,CONFIRMED_USE,INSUFFICIENT_EVIDENCE,"Prior 65 labels contain duplicates, crop types and hybrids; not 65 distinct biological species. Unsupported prior use/import claims not activated."
11,Fagopyrum esculentum,buckwheat,Fagopyrum esculentum,RECOVERED_DISCOVERY_LABEL,VERIFIED_BOUNDED_IDENTITY,NOT_CONFIRMED,CONFIRMED_USE,INSUFFICIENT_EVIDENCE,"Prior 65 labels contain duplicates, crop types and hybrids; not 65 distinct biological species. Unsupported prior use/import claims not activated."
12,Avena sativa,oat,Avena sativa,RECOVERED_DISCOVERY_LABEL,VERIFIED_BOUNDED_IDENTITY,NOT_CONFIRMED,NOT_CONFIRMED,INSUFFICIENT_EVIDENCE,"Prior 65 labels contain duplicates, crop types and hybrids; not 65 distinct biological species. Unsupported prior use/import claims not activated."
13,Avena strigosa,black-oat,Avena strigosa,RECOVERED_DISCOVERY_LABEL,VERIFIED_BOUNDED_IDENTITY,CONFIRMED_USE,CONFIRMED_USE,INSUFFICIENT_EVIDENCE,"Prior 65 labels contain duplicates, crop types and hybrids; not 65 distinct biological species. Unsupported prior use/import claims not activated."
14,Secale cereale,rye,Secale cereale,RECOVERED_DISCOVERY_LABEL,VERIFIED_BOUNDED_IDENTITY,NOT_CONFIRMED,CONFIRMED_USE,INSUFFICIENT_EVIDENCE,"Prior 65 labels contain duplicates, crop types and hybrids; not 65 distinct biological species. Unsupported prior use/import claims not activated."
15,Hordeum vulgare,barley,Hordeum vulgare,RECOVERED_DISCOVERY_LABEL,VERIFIED_BOUNDED_IDENTITY,NOT_CONFIRMED,CONFIRMED_USE,INSUFFICIENT_EVIDENCE,"Prior 65 labels contain duplicates, crop types and hybrids; not 65 distinct biological species. Unsupported prior use/import claims not activated."
16,Triticum aestivum,common-wheat,Triticum aestivum,RECOVERED_DISCOVERY_LABEL,VERIFIED_BOUNDED_IDENTITY,NOT_CONFIRMED,NOT_CONFIRMED,INSUFFICIENT_EVIDENCE,"Prior 65 labels contain duplicates, crop types and hybrids; not 65 distinct biological species. Unsupported prior use/import claims not activated."
17,× Triticosecale,triticale-group,× Triticosecale,RECOVERED_DISCOVERY_LABEL,VERIFIED_BOUNDED_IDENTITY,NOT_CONFIRMED,CONFIRMED_USE,INSUFFICIENT_EVIDENCE,"Prior 65 labels contain duplicates, crop types and hybrids; not 65 distinct biological species. Unsupported prior use/import claims not activated."
18,Panicum miliaceum,proso-millet,Panicum miliaceum,RECOVERED_DISCOVERY_LABEL,VERIFIED_BOUNDED_IDENTITY,NOT_CONFIRMED,NOT_CONFIRMED,INSUFFICIENT_EVIDENCE,"Prior 65 labels contain duplicates, crop types and hybrids; not 65 distinct biological species. Unsupported prior use/import claims not activated."
19,Sorghum bicolor,sorghum,Sorghum bicolor,RECOVERED_DISCOVERY_LABEL,VERIFIED_BOUNDED_IDENTITY,CONFIRMED_USE,CONFIRMED_USE,INSUFFICIENT_EVIDENCE,"Prior 65 labels contain duplicates, crop types and hybrids; not 65 distinct biological species. Unsupported prior use/import claims not activated."
20,Sorghum bicolor subsp. drummondii,sudan-grass,Sorghum sudanense,RECOVERED_DISCOVERY_LABEL,REVIEW_REQUIRED,CONFIRMED_USE,CONFIRMED_USE,INSUFFICIENT_EVIDENCE,"Prior 65 labels contain duplicates, crop types and hybrids; not 65 distinct biological species. Unsupported prior use/import claims not activated."
21,Sorghum bicolor × Sorghum bicolor subsp. drummondii,sorghum-sudan-hybrid-group,Sorghum bicolor × Sorghum sudanense,RECOVERED_DISCOVERY_LABEL,VERIFIED_BOUNDED_IDENTITY,CONFIRMED_USE,CONFIRMED_USE,INSUFFICIENT_EVIDENCE,"Prior 65 labels contain duplicates, crop types and hybrids; not 65 distinct biological species. Unsupported prior use/import claims not activated."
22,Lolium multiflorum,annual-ryegrass,Lolium multiflorum,RECOVERED_DISCOVERY_LABEL,VERIFIED_BOUNDED_IDENTITY,CONFIRMED_USE,CONFIRMED_USE,INSUFFICIENT_EVIDENCE,"Prior 65 labels contain duplicates, crop types and hybrids; not 65 distinct biological species. Unsupported prior use/import claims not activated."
23,Lolium perenne,perennial-ryegrass,Lolium perenne,RECOVERED_DISCOVERY_LABEL,VERIFIED_BOUNDED_IDENTITY,CONFIRMED_USE,CONFIRMED_USE,INSUFFICIENT_EVIDENCE,"Prior 65 labels contain duplicates, crop types and hybrids; not 65 distinct biological species. Unsupported prior use/import claims not activated."
24,Lolium × hybridum,hybrid-ryegrass,Lolium × hybridum,RECOVERED_DISCOVERY_LABEL,VERIFIED_BOUNDED_IDENTITY,CONFIRMED_USE,CONFIRMED_USE,INSUFFICIENT_EVIDENCE,"Prior 65 labels contain duplicates, crop types and hybrids; not 65 distinct biological species. Unsupported prior use/import claims not activated."
25,Lolium multiflorum var. westerwoldicum,annual-ryegrass,Lolium multiflorum,RECOVERED_DISCOVERY_LABEL,VERIFIED_BOUNDED_IDENTITY,CONFIRMED_USE,CONFIRMED_USE,INSUFFICIENT_EVIDENCE,"Prior 65 labels contain duplicates, crop types and hybrids; not 65 distinct biological species. Unsupported prior use/import claims not activated."
26,× Festulolium,festulolium-group,× Festulolium,RECOVERED_DISCOVERY_LABEL,VERIFIED_BOUNDED_IDENTITY,CONFIRMED_USE,CONFIRMED_USE,INSUFFICIENT_EVIDENCE,"Prior 65 labels contain duplicates, crop types and hybrids; not 65 distinct biological species. Unsupported prior use/import claims not activated."
27,Festuca pratensis,meadow-fescue,Festuca pratensis,RECOVERED_DISCOVERY_LABEL,VERIFIED_BOUNDED_IDENTITY,NOT_CONFIRMED,NOT_CONFIRMED,INSUFFICIENT_EVIDENCE,"Prior 65 labels contain duplicates, crop types and hybrids; not 65 distinct biological species. Unsupported prior use/import claims not activated."
28,Festuca arundinacea,tall-fescue,Festuca arundinacea,RECOVERED_DISCOVERY_LABEL,VERIFIED_BOUNDED_IDENTITY,NOT_CONFIRMED,NOT_CONFIRMED,INSUFFICIENT_EVIDENCE,"Prior 65 labels contain duplicates, crop types and hybrids; not 65 distinct biological species. Unsupported prior use/import claims not activated."
29,Dactylis glomerata,cocksfoot,Dactylis glomerata,RECOVERED_DISCOVERY_LABEL,VERIFIED_BOUNDED_IDENTITY,CONFIRMED_USE,CONFIRMED_USE,INSUFFICIENT_EVIDENCE,"Prior 65 labels contain duplicates, crop types and hybrids; not 65 distinct biological species. Unsupported prior use/import claims not activated."
30,Vicia sativa,common-vetch,Vicia sativa,RECOVERED_DISCOVERY_LABEL,VERIFIED_BOUNDED_IDENTITY,CONFIRMED_USE,CONFIRMED_USE,INSUFFICIENT_EVIDENCE,"Prior 65 labels contain duplicates, crop types and hybrids; not 65 distinct biological species. Unsupported prior use/import claims not activated."
31,Vicia villosa,winter-vetch,Vicia villosa Roth,RECOVERED_DISCOVERY_LABEL,VERIFIED_BOUNDED_IDENTITY,CONFIRMED_USE,CONFIRMED_USE,INSUFFICIENT_EVIDENCE,"Prior 65 labels contain duplicates, crop types and hybrids; not 65 distinct biological species. Unsupported prior use/import claims not activated."
32,Vicia pannonica,hungarian-vetch,Vicia pannonica,RECOVERED_DISCOVERY_LABEL,VERIFIED_BOUNDED_IDENTITY,CONFIRMED_USE,CONFIRMED_USE,INSUFFICIENT_EVIDENCE,"Prior 65 labels contain duplicates, crop types and hybrids; not 65 distinct biological species. Unsupported prior use/import claims not activated."
33,Vicia benghalensis,purple-vetch,Vicia benghalensis,RECOVERED_DISCOVERY_LABEL,VERIFIED_BOUNDED_IDENTITY,NOT_CONFIRMED,NOT_CONFIRMED,INSUFFICIENT_EVIDENCE,"Prior 65 labels contain duplicates, crop types and hybrids; not 65 distinct biological species. Unsupported prior use/import claims not activated."
34,Pisum sativum,field-pea,Pisum sativum,RECOVERED_DISCOVERY_LABEL,VERIFIED_BOUNDED_IDENTITY,CONFIRMED_USE,CONFIRMED_USE,INSUFFICIENT_EVIDENCE,"Prior 65 labels contain duplicates, crop types and hybrids; not 65 distinct biological species. Unsupported prior use/import claims not activated."
35,Vicia faba,faba-bean,Vicia faba,RECOVERED_DISCOVERY_LABEL,VERIFIED_BOUNDED_IDENTITY,CONFIRMED_USE,CONFIRMED_USE,INSUFFICIENT_EVIDENCE,"Prior 65 labels contain duplicates, crop types and hybrids; not 65 distinct biological species. Unsupported prior use/import claims not activated."
36,Lupinus angustifolius,narrow-leaved-lupin,Lupinus angustifolius,RECOVERED_DISCOVERY_LABEL,VERIFIED_BOUNDED_IDENTITY,CONFIRMED_USE,CONFIRMED_USE,INSUFFICIENT_EVIDENCE,"Prior 65 labels contain duplicates, crop types and hybrids; not 65 distinct biological species. Unsupported prior use/import claims not activated."
37,Lupinus luteus,yellow-lupin,Lupinus luteus,RECOVERED_DISCOVERY_LABEL,VERIFIED_BOUNDED_IDENTITY,CONFIRMED_USE,CONFIRMED_USE,INSUFFICIENT_EVIDENCE,"Prior 65 labels contain duplicates, crop types and hybrids; not 65 distinct biological species. Unsupported prior use/import claims not activated."
38,Lupinus albus,white-lupin,Lupinus albus,RECOVERED_DISCOVERY_LABEL,VERIFIED_BOUNDED_IDENTITY,CONFIRMED_USE,CONFIRMED_USE,INSUFFICIENT_EVIDENCE,"Prior 65 labels contain duplicates, crop types and hybrids; not 65 distinct biological species. Unsupported prior use/import claims not activated."
39,Trifolium pratense,red-clover,Trifolium pratense,RECOVERED_DISCOVERY_LABEL,VERIFIED_BOUNDED_IDENTITY,NOT_CONFIRMED,CONFIRMED_USE,INSUFFICIENT_EVIDENCE,"Prior 65 labels contain duplicates, crop types and hybrids; not 65 distinct biological species. Unsupported prior use/import claims not activated."
40,Trifolium repens,white-clover,Trifolium repens,RECOVERED_DISCOVERY_LABEL,VERIFIED_BOUNDED_IDENTITY,CONFIRMED_USE,CONFIRMED_USE,INSUFFICIENT_EVIDENCE,"Prior 65 labels contain duplicates, crop types and hybrids; not 65 distinct biological species. Unsupported prior use/import claims not activated."
41,Trifolium resupinatum,persian-clover,Trifolium resupinatum,RECOVERED_DISCOVERY_LABEL,VERIFIED_BOUNDED_IDENTITY,CONFIRMED_USE,CONFIRMED_USE,INSUFFICIENT_EVIDENCE,"Prior 65 labels contain duplicates, crop types and hybrids; not 65 distinct biological species. Unsupported prior use/import claims not activated."
42,Trifolium alexandrinum,berseem-clover,Trifolium alexandrinum,RECOVERED_DISCOVERY_LABEL,VERIFIED_BOUNDED_IDENTITY,CONFIRMED_USE,CONFIRMED_USE,INSUFFICIENT_EVIDENCE,"Prior 65 labels contain duplicates, crop types and hybrids; not 65 distinct biological species. Unsupported prior use/import claims not activated."
43,Trifolium incarnatum,crimson-clover,Trifolium incarnatum,RECOVERED_DISCOVERY_LABEL,VERIFIED_BOUNDED_IDENTITY,CONFIRMED_USE,CONFIRMED_USE,INSUFFICIENT_EVIDENCE,"Prior 65 labels contain duplicates, crop types and hybrids; not 65 distinct biological species. Unsupported prior use/import claims not activated."
44,Trifolium michelianum,balansa-clover,Trifolium michelianum,RECOVERED_DISCOVERY_LABEL,VERIFIED_BOUNDED_IDENTITY,CONFIRMED_USE,CONFIRMED_USE,INSUFFICIENT_EVIDENCE,"Prior 65 labels contain duplicates, crop types and hybrids; not 65 distinct biological species. Unsupported prior use/import claims not activated."
45,Trifolium hybridum,alsike-clover,Trifolium hybridum,RECOVERED_DISCOVERY_LABEL,VERIFIED_BOUNDED_IDENTITY,CONFIRMED_USE,CONFIRMED_USE,INSUFFICIENT_EVIDENCE,"Prior 65 labels contain duplicates, crop types and hybrids; not 65 distinct biological species. Unsupported prior use/import claims not activated."
46,Trifolium subterraneum,subterranean-clover,Trifolium subterraneum,RECOVERED_DISCOVERY_LABEL,VERIFIED_BOUNDED_IDENTITY,CONFIRMED_USE,CONFIRMED_USE,INSUFFICIENT_EVIDENCE,"Prior 65 labels contain duplicates, crop types and hybrids; not 65 distinct biological species. Unsupported prior use/import claims not activated."
47,Medicago sativa,alfalfa,Medicago sativa,RECOVERED_DISCOVERY_LABEL,VERIFIED_BOUNDED_IDENTITY,CONFIRMED_USE,CONFIRMED_USE,INSUFFICIENT_EVIDENCE,"Prior 65 labels contain duplicates, crop types and hybrids; not 65 distinct biological species. Unsupported prior use/import claims not activated."
48,Medicago lupulina,black-medick,Medicago lupulina,RECOVERED_DISCOVERY_LABEL,VERIFIED_BOUNDED_IDENTITY,CONFIRMED_USE,CONFIRMED_USE,INSUFFICIENT_EVIDENCE,"Prior 65 labels contain duplicates, crop types and hybrids; not 65 distinct biological species. Unsupported prior use/import claims not activated."
49,Melilotus officinalis,yellow-sweetclover,Melilotus officinalis,RECOVERED_DISCOVERY_LABEL,VERIFIED_BOUNDED_IDENTITY,NOT_CONFIRMED,CONFIRMED_USE,INSUFFICIENT_EVIDENCE,"Prior 65 labels contain duplicates, crop types and hybrids; not 65 distinct biological species. Unsupported prior use/import claims not activated."
50,Melilotus albus,white-sweetclover,Melilotus albus,RECOVERED_DISCOVERY_LABEL,VERIFIED_BOUNDED_IDENTITY,NOT_CONFIRMED,CONFIRMED_USE,INSUFFICIENT_EVIDENCE,"Prior 65 labels contain duplicates, crop types and hybrids; not 65 distinct biological species. Unsupported prior use/import claims not activated."
51,Lotus corniculatus,birdsfoot-trefoil,Lotus corniculatus,RECOVERED_DISCOVERY_LABEL,VERIFIED_BOUNDED_IDENTITY,CONFIRMED_USE,CONFIRMED_USE,INSUFFICIENT_EVIDENCE,"Prior 65 labels contain duplicates, crop types and hybrids; not 65 distinct biological species. Unsupported prior use/import claims not activated."
52,Onobrychis viciifolia,sainfoin,Onobrychis viciifolia,RECOVERED_DISCOVERY_LABEL,VERIFIED_BOUNDED_IDENTITY,NOT_CONFIRMED,NOT_CONFIRMED,INSUFFICIENT_EVIDENCE,"Prior 65 labels contain duplicates, crop types and hybrids; not 65 distinct biological species. Unsupported prior use/import claims not activated."
53,Glycine max,soybean,Glycine max,RECOVERED_DISCOVERY_LABEL,VERIFIED_BOUNDED_IDENTITY,CONFIRMED_USE,CONFIRMED_USE,INSUFFICIENT_EVIDENCE,"Prior 65 labels contain duplicates, crop types and hybrids; not 65 distinct biological species. Unsupported prior use/import claims not activated."
54,Cicer arietinum,chickpea,Cicer arietinum,RECOVERED_DISCOVERY_LABEL,VERIFIED_BOUNDED_IDENTITY,NOT_CONFIRMED,NOT_CONFIRMED,INSUFFICIENT_EVIDENCE,"Prior 65 labels contain duplicates, crop types and hybrids; not 65 distinct biological species. Unsupported prior use/import claims not activated."
55,Linum usitatissimum,flax,Linum usitatissimum,RECOVERED_DISCOVERY_LABEL,VERIFIED_BOUNDED_IDENTITY,CONFIRMED_USE,CONFIRMED_USE,INSUFFICIENT_EVIDENCE,"Prior 65 labels contain duplicates, crop types and hybrids; not 65 distinct biological species. Unsupported prior use/import claims not activated."
56,Cannabis sativa,hemp,Cannabis sativa,RECOVERED_DISCOVERY_LABEL,VERIFIED_BOUNDED_IDENTITY,NOT_CONFIRMED,NOT_CONFIRMED,INSUFFICIENT_EVIDENCE,"Prior 65 labels contain duplicates, crop types and hybrids; not 65 distinct biological species. Unsupported prior use/import claims not activated."
57,Carthamus tinctorius,safflower,Carthamus tinctorius,RECOVERED_DISCOVERY_LABEL,VERIFIED_BOUNDED_IDENTITY,CONFIRMED_USE,CONFIRMED_USE,INSUFFICIENT_EVIDENCE,"Prior 65 labels contain duplicates, crop types and hybrids; not 65 distinct biological species. Unsupported prior use/import claims not activated."
58,Coriandrum sativum,coriander,Coriandrum sativum,RECOVERED_DISCOVERY_LABEL,VERIFIED_BOUNDED_IDENTITY,CONFIRMED_USE,CONFIRMED_USE,INSUFFICIENT_EVIDENCE,"Prior 65 labels contain duplicates, crop types and hybrids; not 65 distinct biological species. Unsupported prior use/import claims not activated."
59,Carum carvi,caraway,Carum carvi,RECOVERED_DISCOVERY_LABEL,VERIFIED_BOUNDED_IDENTITY,CONFIRMED_USE,CONFIRMED_USE,INSUFFICIENT_EVIDENCE,"Prior 65 labels contain duplicates, crop types and hybrids; not 65 distinct biological species. Unsupported prior use/import claims not activated."
60,Anethum graveolens,dill,Anethum graveolens,RECOVERED_DISCOVERY_LABEL,VERIFIED_BOUNDED_IDENTITY,CONFIRMED_USE,CONFIRMED_USE,INSUFFICIENT_EVIDENCE,"Prior 65 labels contain duplicates, crop types and hybrids; not 65 distinct biological species. Unsupported prior use/import claims not activated."
61,Camelina sativa,camelina,Camelina sativa,RECOVERED_DISCOVERY_LABEL,VERIFIED_BOUNDED_IDENTITY,CONFIRMED_USE,CONFIRMED_USE,INSUFFICIENT_EVIDENCE,"Prior 65 labels contain duplicates, crop types and hybrids; not 65 distinct biological species. Unsupported prior use/import claims not activated."
62,Guizotia abyssinica,niger,Guizotia abyssinica,RECOVERED_DISCOVERY_LABEL,VERIFIED_BOUNDED_IDENTITY,CONFIRMED_USE,CONFIRMED_USE,INSUFFICIENT_EVIDENCE,"Prior 65 labels contain duplicates, crop types and hybrids; not 65 distinct biological species. Unsupported prior use/import claims not activated."
63,Chenopodium quinoa,quinoa,Chenopodium quinoa,RECOVERED_DISCOVERY_LABEL,VERIFIED_BOUNDED_IDENTITY,NOT_CONFIRMED,CONFIRMED_USE,INSUFFICIENT_EVIDENCE,"Prior 65 labels contain duplicates, crop types and hybrids; not 65 distinct biological species. Unsupported prior use/import claims not activated."
64,Beta vulgaris,beet-chard,Beta vulgaris,RECOVERED_DISCOVERY_LABEL,VERIFIED_BOUNDED_IDENTITY,CONFIRMED_USE,CONFIRMED_USE,INSUFFICIENT_EVIDENCE,"Prior 65 labels contain duplicates, crop types and hybrids; not 65 distinct biological species. Unsupported prior use/import claims not activated."
65,Cichorium intybus,chicory,Cichorium intybus,RECOVERED_DISCOVERY_LABEL,VERIFIED_BOUNDED_IDENTITY,NOT_CONFIRMED,CONFIRMED_USE,INSUFFICIENT_EVIDENCE,"Prior 65 labels contain duplicates, crop types and hybrids; not 65 distinct biological species. Unsupported prior use/import claims not activated."
