id,botanical_name,canonical_species_id,mapping_status,nomenclature_year,cn4,cn6,cn8,hs6,hs6_scope,sowing_seed,non_sowing_commodity,official_descriptions,source_url,source_organisation,retrieval_date,notes,historical_year_eligibility
alfalfa,Medicago sativa,alfalfa,CN_MAPPING_CONFIRMED,2026,"[""1209""]","[""120921""]","[""12092100""]","[""120921""]",Six-digit hierarchy only; not proof of species-specific or sowing-specific classification,"{""usage"":""SOWING_SEED"",""verified_cn8"":[""12092100""],""limitation"":null}","{""usage"":""NON_SOWING_COMMODITY"",""codes"":[],""recovered_note"":null,""note_semantics"":""Historical non_sowing field often describes grouped classification, not an actual commodity code""}","[{""cn8"":""12092100"",""description"":""Alfalfa seed for sowing"",""worksheet_row"":1488}]",https://www.ksh.hu/docs/osztalyozasok/kn/kn2026_structure.xlsx,Hungarian Central Statistical Office,2026-10-02,[],REVIEW_REQUIRED; no 2021–2025 concordance inferred
field-pea,Pisum sativum,field-pea,CN_MAPPING_CONFIRMED,2026,"[""0713""]","[""071310""]","[""07131010""]","[""071310""]",Six-digit hierarchy only; not proof of species-specific or sowing-specific classification,"{""usage"":""SOWING_SEED"",""verified_cn8"":[""07131010""],""limitation"":null}","{""usage"":""NON_SOWING_COMMODITY"",""codes"":[],""recovered_note"":""Dry peas and seed may share headings"",""note_semantics"":""Historical non_sowing field often describes grouped classification, not an actual commodity code""}","[{""cn8"":""07131010"",""description"":""Peas, \""Pisum sativum\"", dried and shelled, for sowing"",""worksheet_row"":1120}]",https://www.ksh.hu/docs/osztalyozasok/kn/kn2026_structure.xlsx,Hungarian Central Statistical Office,2026-10-02,[],REVIEW_REQUIRED; no 2021–2025 concordance inferred
flax,Linum usitatissimum,flax,CN_MAPPING_CONFIRMED,2026,"[""1204""]","[""120400""]","[""12040010""]","[""120400""]",Six-digit hierarchy only; not proof of species-specific or sowing-specific classification,"{""usage"":""SOWING_SEED"",""verified_cn8"":[""12040010""],""limitation"":null}","{""usage"":""NON_SOWING_COMMODITY"",""codes"":[],""recovered_note"":""HS6 includes non-sowing linseed"",""note_semantics"":""Historical non_sowing field often describes grouped classification, not an actual commodity code""}","[{""cn8"":""12040010"",""description"":""Linseed for sowing"",""worksheet_row"":1462}]",https://www.ksh.hu/docs/osztalyozasok/kn/kn2026_structure.xlsx,Hungarian Central Statistical Office,2026-10-02,[],REVIEW_REQUIRED; no 2021–2025 concordance inferred
italian-ryegrass,Lolium multiflorum,italian-ryegrass,CN_MAPPING_CONFIRMED,2026,"[""1209""]","[""120925""]","[""12092510""]","[""120925""]",Six-digit hierarchy only; not proof of species-specific or sowing-specific classification,"{""usage"":""SOWING_SEED"",""verified_cn8"":[""12092510""],""limitation"":null}","{""usage"":""NON_SOWING_COMMODITY"",""codes"":[],""recovered_note"":null,""note_semantics"":""Historical non_sowing field often describes grouped classification, not an actual commodity code""}","[{""cn8"":""12092510"",""description"":""Italian ryegrass, incl. westerwolds \""Lolium multiflorum L.\"", seed for sowing"",""worksheet_row"":1495}]",https://www.ksh.hu/docs/osztalyozasok/kn/kn2026_structure.xlsx,Hungarian Central Statistical Office,2026-10-02,[],REVIEW_REQUIRED; no 2021–2025 concordance inferred
kentucky-bluegrass,Poa pratensis,kentucky-bluegrass,CN_MAPPING_CONFIRMED,2026,"[""1209""]","[""120924""]","[""12092400""]","[""120924""]",Six-digit hierarchy only; not proof of species-specific or sowing-specific classification,"{""usage"":""SOWING_SEED"",""verified_cn8"":[""12092400""],""limitation"":null}","{""usage"":""NON_SOWING_COMMODITY"",""codes"":[],""recovered_note"":null,""note_semantics"":""Historical non_sowing field often describes grouped classification, not an actual commodity code""}","[{""cn8"":""12092400"",""description"":""Kentucky blue grass \""Poa pratensis L.\"" seed for sowing"",""worksheet_row"":1494}]",https://www.ksh.hu/docs/osztalyozasok/kn/kn2026_structure.xlsx,Hungarian Central Statistical Office,2026-10-02,[],REVIEW_REQUIRED; no 2021–2025 concordance inferred
lupins,Lupinus spp.,lupins,CN_MAPPING_NOT_SPECIES_SPECIFIC,2026,"[""1209""]","[""120929""]","[""12092950""]","[""120929""]",Six-digit hierarchy only; not proof of species-specific or sowing-specific classification,"{""usage"":""SOWING_SEED"",""verified_cn8"":[""12092950""],""limitation"":null}","{""usage"":""NON_SOWING_COMMODITY"",""codes"":[],""recovered_note"":""Other forage seed may be grouped"",""note_semantics"":""Historical non_sowing field often describes grouped classification, not an actual commodity code""}","[{""cn8"":""12092950"",""description"":""Lupine seed for sowing"",""worksheet_row"":1498}]",https://www.ksh.hu/docs/osztalyozasok/kn/kn2026_structure.xlsx,Hungarian Central Statistical Office,2026-10-02,[],REVIEW_REQUIRED; no 2021–2025 concordance inferred
meadow-fescue,Festuca pratensis,meadow-fescue,CN_MAPPING_CONFIRMED,2026,"[""1209""]","[""120923""]","[""12092311""]","[""120923""]",Six-digit hierarchy only; not proof of species-specific or sowing-specific classification,"{""usage"":""SOWING_SEED"",""verified_cn8"":[""12092311""],""limitation"":null}","{""usage"":""NON_SOWING_COMMODITY"",""codes"":[],""recovered_note"":null,""note_semantics"":""Historical non_sowing field often describes grouped classification, not an actual commodity code""}","[{""cn8"":""12092311"",""description"":""Meadow fescue seed for sowing"",""worksheet_row"":1491}]",https://www.ksh.hu/docs/osztalyozasok/kn/kn2026_structure.xlsx,Hungarian Central Statistical Office,2026-10-02,[],REVIEW_REQUIRED; no 2021–2025 concordance inferred
mustard-seed,null,mustard-seed,CN_MAPPING_NOT_SPECIES_SPECIFIC,2026,"[""1207""]","[""120750""]","[""12075010""]","[""120750""]",Six-digit hierarchy only; not proof of species-specific or sowing-specific classification,"{""usage"":""SOWING_SEED"",""verified_cn8"":[""12075010""],""limitation"":null}","{""usage"":""NON_SOWING_COMMODITY"",""codes"":[],""recovered_note"":""Mustard for oil/food may share heading"",""note_semantics"":""Historical non_sowing field often describes grouped classification, not an actual commodity code""}","[{""cn8"":""12075010"",""description"":""Mustard seeds for sowing"",""worksheet_row"":1476}]",https://www.ksh.hu/docs/osztalyozasok/kn/kn2026_structure.xlsx,Hungarian Central Statistical Office,2026-10-02,[],REVIEW_REQUIRED; no 2021–2025 concordance inferred
perennial-ryegrass,Lolium perenne,perennial-ryegrass,CN_MAPPING_CONFIRMED,2026,"[""1209""]","[""120925""]","[""12092590""]","[""120925""]",Six-digit hierarchy only; not proof of species-specific or sowing-specific classification,"{""usage"":""SOWING_SEED"",""verified_cn8"":[""12092590""],""limitation"":null}","{""usage"":""NON_SOWING_COMMODITY"",""codes"":[],""recovered_note"":null,""note_semantics"":""Historical non_sowing field often describes grouped classification, not an actual commodity code""}","[{""cn8"":""12092590"",""description"":""Perennial ryegrass \""Lolium perenne L.\"", seed for sowing"",""worksheet_row"":1496}]",https://www.ksh.hu/docs/osztalyozasok/kn/kn2026_structure.xlsx,Hungarian Central Statistical Office,2026-10-02,[],REVIEW_REQUIRED; no 2021–2025 concordance inferred
red-clover,Trifolium pratense,red-clover,CN_MAPPING_CONFIRMED,2026,"[""1209""]","[""120922""]","[""12092210""]","[""120922""]",Six-digit hierarchy only; not proof of species-specific or sowing-specific classification,"{""usage"":""SOWING_SEED"",""verified_cn8"":[""12092210""],""limitation"":null}","{""usage"":""NON_SOWING_COMMODITY"",""codes"":[],""recovered_note"":null,""note_semantics"":""Historical non_sowing field often describes grouped classification, not an actual commodity code""}","[{""cn8"":""12092210"",""description"":""Red clover \""Trifolium pratense L.\"" seed for sowing"",""worksheet_row"":1489}]",https://www.ksh.hu/docs/osztalyozasok/kn/kn2026_structure.xlsx,Hungarian Central Statistical Office,2026-10-02,[],REVIEW_REQUIRED; no 2021–2025 concordance inferred
red-fescue,Festuca rubra,red-fescue,CN_MAPPING_CONFIRMED,2026,"[""1209""]","[""120923""]","[""12092315""]","[""120923""]",Six-digit hierarchy only; not proof of species-specific or sowing-specific classification,"{""usage"":""SOWING_SEED"",""verified_cn8"":[""12092315""],""limitation"":null}","{""usage"":""NON_SOWING_COMMODITY"",""codes"":[],""recovered_note"":null,""note_semantics"":""Historical non_sowing field often describes grouped classification, not an actual commodity code""}","[{""cn8"":""12092315"",""description"":""Red fescue seed \""Festuca rubra L.\"" for sowing"",""worksheet_row"":1492}]",https://www.ksh.hu/docs/osztalyozasok/kn/kn2026_structure.xlsx,Hungarian Central Statistical Office,2026-10-02,[],REVIEW_REQUIRED; no 2021–2025 concordance inferred
common-vetch,Vicia sativa,common-vetch,CN_MAPPING_NOT_SPECIES_SPECIFIC,2026,"[""1209""]","[""120929""]","[""12092945""]","[""120929""]",Six-digit hierarchy only; not proof of species-specific or sowing-specific classification,"{""usage"":""SOWING_SEED"",""verified_cn8"":[""12092945""],""limitation"":null}","{""usage"":""NON_SOWING_COMMODITY"",""codes"":[],""recovered_note"":""Parent includes other forage seed"",""note_semantics"":""Historical non_sowing field often describes grouped classification, not an actual commodity code""}","[{""cn8"":""12092945"",""description"":""Timothy grass seed, vetch seed, seeds of the genus Poa palustris L. and Poa trivialis L., seeds of cocksfoot grass \""Dactylis glomerata L.\"", and seeds of bent grass \""Agrostis\"", for sowing"",""worksheet_row"":1497}]",https://www.ksh.hu/docs/osztalyozasok/kn/kn2026_structure.xlsx,Hungarian Central Statistical Office,2026-10-02,[],REVIEW_REQUIRED; no 2021–2025 concordance inferred
winter-vetch,Vicia villosa Roth,winter-vetch,CN_MAPPING_NOT_SPECIES_SPECIFIC,2026,"[""1209""]","[""120929""]","[""12092945""]","[""120929""]",Six-digit hierarchy only; not proof of species-specific or sowing-specific classification,"{""usage"":""SOWING_SEED"",""verified_cn8"":[""12092945""],""limitation"":null}","{""usage"":""NON_SOWING_COMMODITY"",""codes"":[],""recovered_note"":""Parent includes other forage seed"",""note_semantics"":""Historical non_sowing field often describes grouped classification, not an actual commodity code""}","[{""cn8"":""12092945"",""description"":""Timothy grass seed, vetch seed, seeds of the genus Poa palustris L. and Poa trivialis L., seeds of cocksfoot grass \""Dactylis glomerata L.\"", and seeds of bent grass \""Agrostis\"", for sowing"",""worksheet_row"":1497}]",https://www.ksh.hu/docs/osztalyozasok/kn/kn2026_structure.xlsx,Hungarian Central Statistical Office,2026-10-02,[],REVIEW_REQUIRED; no 2021–2025 concordance inferred
caraway,Carum carvi,caraway,CN_MAPPING_PARTIAL,2026,"[""0909""]","[""090961""]",[],"[""090961""]",Six-digit hierarchy only; not proof of species-specific or sowing-specific classification,"{""usage"":""SOWING_SEED"",""verified_cn8"":[],""limitation"":""No confirmed sowing-specific CN8""}","{""usage"":""NON_SOWING_COMMODITY"",""codes"":[],""recovered_note"":""Spice seed and sowing seed require separation"",""note_semantics"":""Historical non_sowing field often describes grouped classification, not an actual commodity code""}",[],https://www.ksh.hu/docs/osztalyozasok/kn/kn2026_structure.xlsx,Hungarian Central Statistical Office,2026-10-02,"[""09096100 includes caraway among several spices without sowing-use separation; not a confirmed sowing code.""]",REVIEW_REQUIRED; no 2021–2025 concordance inferred
winter-wheat,Triticum aestivum,winter-wheat,CN_MAPPING_NOT_AVAILABLE,2026,[],[],[],[],Six-digit hierarchy only; not proof of species-specific or sowing-specific classification,"{""usage"":""SOWING_SEED"",""verified_cn8"":[],""limitation"":""No confirmed sowing-specific CN8""}","{""usage"":""NON_SOWING_COMMODITY"",""codes"":[],""recovered_note"":null,""note_semantics"":""Historical non_sowing field often describes grouped classification, not an actual commodity code""}",[],https://www.ksh.hu/docs/osztalyozasok/kn/kn2026_structure.xlsx,Hungarian Central Statistical Office,2026-10-02,[],REVIEW_REQUIRED; no 2021–2025 concordance inferred
potato,Solanum tuberosum,potato,CN_MAPPING_NOT_AVAILABLE,2026,[],[],[],[],Six-digit hierarchy only; not proof of species-specific or sowing-specific classification,"{""usage"":""SOWING_SEED"",""verified_cn8"":[],""limitation"":""No confirmed sowing-specific CN8""}","{""usage"":""NON_SOWING_COMMODITY"",""codes"":[],""recovered_note"":null,""note_semantics"":""Historical non_sowing field often describes grouped classification, not an actual commodity code""}",[],https://www.ksh.hu/docs/osztalyozasok/kn/kn2026_structure.xlsx,Hungarian Central Statistical Office,2026-10-02,[],REVIEW_REQUIRED; no 2021–2025 concordance inferred
maize,Zea mays,maize,CN_MAPPING_NOT_AVAILABLE,2026,[],[],[],[],Six-digit hierarchy only; not proof of species-specific or sowing-specific classification,"{""usage"":""SOWING_SEED"",""verified_cn8"":[],""limitation"":""No confirmed sowing-specific CN8""}","{""usage"":""NON_SOWING_COMMODITY"",""codes"":[],""recovered_note"":null,""note_semantics"":""Historical non_sowing field often describes grouped classification, not an actual commodity code""}",[],https://www.ksh.hu/docs/osztalyozasok/kn/kn2026_structure.xlsx,Hungarian Central Statistical Office,2026-10-02,[],REVIEW_REQUIRED; no 2021–2025 concordance inferred
white-clover,Trifolium repens,white-clover,CN_MAPPING_NOT_SPECIES_SPECIFIC,2026,"[""1209""]","[""120922""]","[""12092280""]","[""120922""]",Six-digit hierarchy only; not proof of species-specific or sowing-specific classification,"{""usage"":""SOWING_SEED"",""verified_cn8"":[""12092280""],""limitation"":null}","{""usage"":""NON_SOWING_COMMODITY"",""codes"":[],""recovered_note"":""Other clovers may be grouped"",""note_semantics"":""Historical non_sowing field often describes grouped classification, not an actual commodity code""}","[{""cn8"":""12092280"",""description"":""Clover \""Trifolium spp.\"" seed for sowing (excl. red clover [Trifolium pratense L.])"",""worksheet_row"":1490}]",https://www.ksh.hu/docs/osztalyozasok/kn/kn2026_structure.xlsx,Hungarian Central Statistical Office,2026-10-02,[],REVIEW_REQUIRED; no 2021–2025 concordance inferred
crimson-clover,Trifolium incarnatum,crimson-clover,CN_MAPPING_NOT_SPECIES_SPECIFIC,2026,"[""1209""]","[""120922""]","[""12092280""]","[""120922""]",Six-digit hierarchy only; not proof of species-specific or sowing-specific classification,"{""usage"":""SOWING_SEED"",""verified_cn8"":[""12092280""],""limitation"":null}","{""usage"":""NON_SOWING_COMMODITY"",""codes"":[],""recovered_note"":null,""note_semantics"":""Historical non_sowing field often describes grouped classification, not an actual commodity code""}","[{""cn8"":""12092280"",""description"":""Clover \""Trifolium spp.\"" seed for sowing (excl. red clover [Trifolium pratense L.])"",""worksheet_row"":1490}]",https://www.ksh.hu/docs/osztalyozasok/kn/kn2026_structure.xlsx,Hungarian Central Statistical Office,2026-10-02,[],REVIEW_REQUIRED; no 2021–2025 concordance inferred
alsike-clover,Trifolium hybridum,alsike-clover,CN_MAPPING_NOT_SPECIES_SPECIFIC,2026,"[""1209""]","[""120922""]","[""12092280""]","[""120922""]",Six-digit hierarchy only; not proof of species-specific or sowing-specific classification,"{""usage"":""SOWING_SEED"",""verified_cn8"":[""12092280""],""limitation"":null}","{""usage"":""NON_SOWING_COMMODITY"",""codes"":[],""recovered_note"":null,""note_semantics"":""Historical non_sowing field often describes grouped classification, not an actual commodity code""}","[{""cn8"":""12092280"",""description"":""Clover \""Trifolium spp.\"" seed for sowing (excl. red clover [Trifolium pratense L.])"",""worksheet_row"":1490}]",https://www.ksh.hu/docs/osztalyozasok/kn/kn2026_structure.xlsx,Hungarian Central Statistical Office,2026-10-02,[],REVIEW_REQUIRED; no 2021–2025 concordance inferred
faba-bean,Vicia faba,faba-bean,CN_MAPPING_PARTIAL,2026,"[""0713""]","[""071350""]",[],"[""071350""]",Six-digit hierarchy only; not proof of species-specific or sowing-specific classification,"{""usage"":""SOWING_SEED"",""verified_cn8"":[],""limitation"":""No confirmed sowing-specific CN8""}","{""usage"":""NON_SOWING_COMMODITY"",""codes"":[],""recovered_note"":""Dry broad beans may share heading"",""note_semantics"":""Historical non_sowing field often describes grouped classification, not an actual commodity code""}",[],https://www.ksh.hu/docs/osztalyozasok/kn/kn2026_structure.xlsx,Hungarian Central Statistical Office,2026-10-02,"[""Current CN heading does not separate sowing and non-sowing use; product evidence required.""]",REVIEW_REQUIRED; no 2021–2025 concordance inferred
soybean,Glycine max,soybean,CN_MAPPING_CONFIRMED,2026,"[""1201""]","[""120110""]","[""12011000""]","[""120110""]",Six-digit hierarchy only; not proof of species-specific or sowing-specific classification,"{""usage"":""SOWING_SEED"",""verified_cn8"":[""12011000""],""limitation"":null}","{""usage"":""NON_SOWING_COMMODITY"",""codes"":[""12019000""],""recovered_note"":""Oilseed and sowing use require separation"",""note_semantics"":""Historical non_sowing field often describes grouped classification, not an actual commodity code""}","[{""cn8"":""12011000"",""description"":""Soya bean seed, for sowing"",""worksheet_row"":1456}]",https://www.ksh.hu/docs/osztalyozasok/kn/kn2026_structure.xlsx,Hungarian Central Statistical Office,2026-10-02,"[""Recovered parent classification conflicts with official 2026 CN; raw record preserved, derived override shown explicitly.""]",REVIEW_REQUIRED; no 2021–2025 concordance inferred
phacelia,Phacelia tanacetifolia,phacelia,CN_MAPPING_REVIEW_REQUIRED,2026,"[""1209""]","[""120999""]",[],"[""120999""]",Six-digit hierarchy only; not proof of species-specific or sowing-specific classification,"{""usage"":""SOWING_SEED"",""verified_cn8"":[],""limitation"":""No confirmed sowing-specific CN8""}","{""usage"":""NON_SOWING_COMMODITY"",""codes"":[],""recovered_note"":null,""note_semantics"":""Historical non_sowing field often describes grouped classification, not an actual commodity code""}",[],https://www.ksh.hu/docs/osztalyozasok/kn/kn2026_structure.xlsx,Hungarian Central Statistical Office,2026-10-02,"[""Recovered 120999 parent is insufficient to adjudicate forage/other-use classification; no forced CN8.""]",REVIEW_REQUIRED; no 2021–2025 concordance inferred
buckwheat,Fagopyrum esculentum,buckwheat,CN_MAPPING_PARTIAL,2026,"[""1008""]","[""100810""]",[],"[""100810""]",Six-digit hierarchy only; not proof of species-specific or sowing-specific classification,"{""usage"":""SOWING_SEED"",""verified_cn8"":[],""limitation"":""No confirmed sowing-specific CN8""}","{""usage"":""NON_SOWING_COMMODITY"",""codes"":[],""recovered_note"":""Grain and seed use require separation"",""note_semantics"":""Historical non_sowing field often describes grouped classification, not an actual commodity code""}",[],https://www.ksh.hu/docs/osztalyozasok/kn/kn2026_structure.xlsx,Hungarian Central Statistical Office,2026-10-02,"[""Current CN heading does not separate sowing and non-sowing use; product evidence required.""]",REVIEW_REQUIRED; no 2021–2025 concordance inferred
hemp,Cannabis sativa,hemp,CN_MAPPING_NOT_SPECIES_SPECIFIC,2026,"[""1207""]","[""120799""]","[""12079920""]","[""120799""]",Six-digit hierarchy only; not proof of species-specific or sowing-specific classification,"{""usage"":""SOWING_SEED"",""verified_cn8"":[""12079920""],""limitation"":null}","{""usage"":""NON_SOWING_COMMODITY"",""codes"":[""12079991""],""recovered_note"":""Food/oil hemp seed may share heading"",""note_semantics"":""Historical non_sowing field often describes grouped classification, not an actual commodity code""}","[{""cn8"":""12079920"",""description"":""Oil seeds and oleaginous fruits, for sowing (excl. edible nuts, olives, soya beans, groundnuts, copra, linseed, rape or colza seeds, sunflower seeds, palm nuts and kernels, cotton, castor oil, sesamum, mustard, safflower, melon and poppy seeds)"",""worksheet_row"":1482}]",https://www.ksh.hu/docs/osztalyozasok/kn/kn2026_structure.xlsx,Hungarian Central Statistical Office,2026-10-02,"[""12079920 is a multi-species residual sowing category; not hemp-specific.""]",REVIEW_REQUIRED; no 2021–2025 concordance inferred
timothy,Phleum pratense,timothy,CN_MAPPING_NOT_SPECIES_SPECIFIC,2026,"[""1209""]","[""120929""]","[""12092945""]","[""120929""]",Six-digit hierarchy only; not proof of species-specific or sowing-specific classification,"{""usage"":""SOWING_SEED"",""verified_cn8"":[""12092945""],""limitation"":null}","{""usage"":""NON_SOWING_COMMODITY"",""codes"":[],""recovered_note"":null,""note_semantics"":""Historical non_sowing field often describes grouped classification, not an actual commodity code""}","[{""cn8"":""12092945"",""description"":""Timothy grass seed, vetch seed, seeds of the genus Poa palustris L. and Poa trivialis L., seeds of cocksfoot grass \""Dactylis glomerata L.\"", and seeds of bent grass \""Agrostis\"", for sowing"",""worksheet_row"":1497}]",https://www.ksh.hu/docs/osztalyozasok/kn/kn2026_structure.xlsx,Hungarian Central Statistical Office,2026-10-02,"[""Recovered parent classification conflicts with official 2026 CN; raw record preserved, derived override shown explicitly.""]",REVIEW_REQUIRED; no 2021–2025 concordance inferred
annual-ryegrass,Lolium multiflorum,annual-ryegrass,CN_MAPPING_NOT_SPECIES_SPECIFIC,2026,"[""1209""]","[""120925""]","[""12092510""]","[""120925""]",Six-digit hierarchy only; not proof of species-specific or sowing-specific classification,"{""usage"":""SOWING_SEED"",""verified_cn8"":[""12092510""],""limitation"":null}","{""usage"":""NON_SOWING_COMMODITY"",""codes"":[],""recovered_note"":null,""note_semantics"":""Historical non_sowing field often describes grouped classification, not an actual commodity code""}","[{""cn8"":""12092510"",""description"":""Italian ryegrass, incl. westerwolds \""Lolium multiflorum L.\"", seed for sowing"",""worksheet_row"":1495}]",https://www.ksh.hu/docs/osztalyozasok/kn/kn2026_structure.xlsx,Hungarian Central Statistical Office,2026-10-02,"[""CN8 combines annual and other Lolium multiflorum types; not annual-type resolving.""]",REVIEW_REQUIRED; no 2021–2025 concordance inferred
fescues,Festuca spp.,fescues,CN_MAPPING_NOT_SPECIES_SPECIFIC,2026,"[""1209""]","[""120923""]","[""12092311"",""12092315"",""12092380""]","[""120923""]",Six-digit hierarchy only; not proof of species-specific or sowing-specific classification,"{""usage"":""SOWING_SEED"",""verified_cn8"":[""12092311"",""12092315"",""12092380""],""limitation"":null}","{""usage"":""NON_SOWING_COMMODITY"",""codes"":[],""recovered_note"":null,""note_semantics"":""Historical non_sowing field often describes grouped classification, not an actual commodity code""}","[{""cn8"":""12092311"",""description"":""Meadow fescue seed for sowing"",""worksheet_row"":1491},{""cn8"":""12092315"",""description"":""Red fescue seed \""Festuca rubra L.\"" for sowing"",""worksheet_row"":1492},{""cn8"":""12092380"",""description"":""Fescue seed, for sowing (excl. meadow fescue \""Festuca pratensis Huds\"" seed and red fescue \""Festuca rubra L.\"" seed)"",""worksheet_row"":1493}]",https://www.ksh.hu/docs/osztalyozasok/kn/kn2026_structure.xlsx,Hungarian Central Statistical Office,2026-10-02,"[""Multiple canonical fescue species and residual fescues; no single species identity inferred."",""Recovered parent classification conflicts with official 2026 CN; raw record preserved, derived override shown explicitly.""]",REVIEW_REQUIRED; no 2021–2025 concordance inferred
browntop,Agrostis capillaris,browntop,CN_MAPPING_NOT_SPECIES_SPECIFIC,2026,"[""1209""]","[""120929""]","[""12092945""]","[""120929""]",Hierarchy only; no species/sowing proof,"{""usage"":""SOWING_SEED"",""verified_cn8"":[""12092945""],""limitation"":""Product type/use must fit the official description; not an observation-level trade-flow linkage""}","{""usage"":""NON_SOWING_COMMODITY"",""codes"":[]}","[{""cn8"":""12092945"",""description"":""Timothy grass seed, vetch seed, seeds of the genus Poa palustris L. and Poa trivialis L., seeds of cocksfoot grass \""Dactylis glomerata L.\"", and seeds of bent grass \""Agrostis\"", for sowing"",""worksheet_row"":1497}]",https://www.ksh.hu/docs/osztalyozasok/kn/kn2026_structure.xlsx,Hungarian Central Statistical Office,2026-10-02,[],REVIEW_REQUIRED; no 2021–2025 tariff concordance inferred
meadow-foxtail,Alopecurus pratensis,meadow-foxtail,CN_MAPPING_NOT_SPECIES_SPECIFIC,2026,"[""1209""]","[""120929""]","[""12092980""]","[""120929""]",Hierarchy only; no species/sowing proof,"{""usage"":""SOWING_SEED"",""verified_cn8"":[""12092980""],""limitation"":""Product type/use must fit the official description; not an observation-level trade-flow linkage""}","{""usage"":""NON_SOWING_COMMODITY"",""codes"":[]}","[{""cn8"":""12092980"",""description"":""Seeds of forage plants, for sowing (excl. cereals and fodder beet seed \""Beta vulgaris var. alba\"", sugar beet seed, lucerne seed, clover \""Trifolium spp.\"" seed, fesque seed, Kentucky blue grass \""Poa pratensis L.\"" seed, ryegrass \""Lolium multiflorum lam., Lolium perenne L.\"" seed, Timothy grass seed, vetch seed, seeds of the genus Poa palustris L and Poa trivialis L., cocksfoot grass \""Dactylis glomerata L.\"" seed, bent grass \""Agrostis\"" seed and lupine seed)"",""worksheet_row"":1500}]",https://www.ksh.hu/docs/osztalyozasok/kn/kn2026_structure.xlsx,Hungarian Central Statistical Office,2026-10-02,"[""Residual forage-plant heading supported by original official forage seed classification; product use must be confirmed. Not a species-specific tariff classification ruling.""]",REVIEW_REQUIRED; no 2021–2025 tariff concordance inferred
tall-oatgrass,Arrhenatherum elatius,tall-oatgrass,CN_MAPPING_NOT_SPECIES_SPECIFIC,2026,"[""1209""]","[""120929""]","[""12092980""]","[""120929""]",Hierarchy only; no species/sowing proof,"{""usage"":""SOWING_SEED"",""verified_cn8"":[""12092980""],""limitation"":""Product type/use must fit the official description; not an observation-level trade-flow linkage""}","{""usage"":""NON_SOWING_COMMODITY"",""codes"":[]}","[{""cn8"":""12092980"",""description"":""Seeds of forage plants, for sowing (excl. cereals and fodder beet seed \""Beta vulgaris var. alba\"", sugar beet seed, lucerne seed, clover \""Trifolium spp.\"" seed, fesque seed, Kentucky blue grass \""Poa pratensis L.\"" seed, ryegrass \""Lolium multiflorum lam., Lolium perenne L.\"" seed, Timothy grass seed, vetch seed, seeds of the genus Poa palustris L and Poa trivialis L., cocksfoot grass \""Dactylis glomerata L.\"" seed, bent grass \""Agrostis\"" seed and lupine seed)"",""worksheet_row"":1500}]",https://www.ksh.hu/docs/osztalyozasok/kn/kn2026_structure.xlsx,Hungarian Central Statistical Office,2026-10-02,"[""Residual forage-plant heading supported by original official forage seed classification; product use must be confirmed. Not a species-specific tariff classification ruling.""]",REVIEW_REQUIRED; no 2021–2025 tariff concordance inferred
naked-oat,Avena nuda,naked-oat,CN_MAPPING_NOT_SPECIES_SPECIFIC,2026,"[""1004""]","[""100410""]","[""10041000""]","[""100410""]",Hierarchy only; no species/sowing proof,"{""usage"":""SOWING_SEED"",""verified_cn8"":[""10041000""],""limitation"":""Product type/use must fit the official description; not an observation-level trade-flow linkage""}","{""usage"":""NON_SOWING_COMMODITY"",""codes"":[""10049000""]}","[{""cn8"":""10041000"",""description"":""Oats seed for sowing"",""worksheet_row"":1330},{""cn8"":""10049000"",""description"":""Oats (excl. seed for sowing)"",""worksheet_row"":1331}]",https://www.ksh.hu/docs/osztalyozasok/kn/kn2026_structure.xlsx,Hungarian Central Statistical Office,2026-10-02,[],REVIEW_REQUIRED; no 2021–2025 tariff concordance inferred
oat,Avena sativa,oat,CN_MAPPING_NOT_SPECIES_SPECIFIC,2026,"[""1004""]","[""100410""]","[""10041000""]","[""100410""]",Hierarchy only; no species/sowing proof,"{""usage"":""SOWING_SEED"",""verified_cn8"":[""10041000""],""limitation"":""Product type/use must fit the official description; not an observation-level trade-flow linkage""}","{""usage"":""NON_SOWING_COMMODITY"",""codes"":[""10049000""]}","[{""cn8"":""10041000"",""description"":""Oats seed for sowing"",""worksheet_row"":1330},{""cn8"":""10049000"",""description"":""Oats (excl. seed for sowing)"",""worksheet_row"":1331}]",https://www.ksh.hu/docs/osztalyozasok/kn/kn2026_structure.xlsx,Hungarian Central Statistical Office,2026-10-02,[],REVIEW_REQUIRED; no 2021–2025 tariff concordance inferred
black-oat,Avena strigosa,black-oat,CN_MAPPING_NOT_SPECIES_SPECIFIC,2026,"[""1004""]","[""100410""]","[""10041000""]","[""100410""]",Hierarchy only; no species/sowing proof,"{""usage"":""SOWING_SEED"",""verified_cn8"":[""10041000""],""limitation"":""Product type/use must fit the official description; not an observation-level trade-flow linkage""}","{""usage"":""NON_SOWING_COMMODITY"",""codes"":[""10049000""]}","[{""cn8"":""10041000"",""description"":""Oats seed for sowing"",""worksheet_row"":1330},{""cn8"":""10049000"",""description"":""Oats (excl. seed for sowing)"",""worksheet_row"":1331}]",https://www.ksh.hu/docs/osztalyozasok/kn/kn2026_structure.xlsx,Hungarian Central Statistical Office,2026-10-02,[],REVIEW_REQUIRED; no 2021–2025 tariff concordance inferred
beet-chard,Beta vulgaris,beet-chard,CN_MAPPING_REVIEW_REQUIRED,2026,[],[],[],[],Hierarchy only; no species/sowing proof,"{""usage"":""SOWING_SEED"",""verified_cn8"":[],""limitation"":""No confirmed sowing-specific code""}","{""usage"":""NON_SOWING_COMMODITY"",""codes"":[]}",[],https://www.ksh.hu/docs/osztalyozasok/kn/kn2026_structure.xlsx,Hungarian Central Statistical Office,2026-10-02,"[""Taxonomy alone does not establish this hybrid/crop-use/product-form customs classification; no residual code forced.""]",REVIEW_REQUIRED; no 2021–2025 tariff concordance inferred
biserrula,Biserrula pelecinus,biserrula,CN_MAPPING_NOT_SPECIES_SPECIFIC,2026,"[""1209""]","[""120929""]","[""12092980""]","[""120929""]",Hierarchy only; no species/sowing proof,"{""usage"":""SOWING_SEED"",""verified_cn8"":[""12092980""],""limitation"":""Product type/use must fit the official description; not an observation-level trade-flow linkage""}","{""usage"":""NON_SOWING_COMMODITY"",""codes"":[]}","[{""cn8"":""12092980"",""description"":""Seeds of forage plants, for sowing (excl. cereals and fodder beet seed \""Beta vulgaris var. alba\"", sugar beet seed, lucerne seed, clover \""Trifolium spp.\"" seed, fesque seed, Kentucky blue grass \""Poa pratensis L.\"" seed, ryegrass \""Lolium multiflorum lam., Lolium perenne L.\"" seed, Timothy grass seed, vetch seed, seeds of the genus Poa palustris L and Poa trivialis L., cocksfoot grass \""Dactylis glomerata L.\"" seed, bent grass \""Agrostis\"" seed and lupine seed)"",""worksheet_row"":1500}]",https://www.ksh.hu/docs/osztalyozasok/kn/kn2026_structure.xlsx,Hungarian Central Statistical Office,2026-10-02,"[""Residual forage-plant heading supported by original official forage seed classification; product use must be confirmed. Not a species-specific tariff classification ruling.""]",REVIEW_REQUIRED; no 2021–2025 tariff concordance inferred
rapeseed,Brassica napus,rapeseed,CN_MAPPING_PARTIAL,2026,"[""1205""]","[""120510""]","[""12051010""]","[""120510""]",Hierarchy only; no species/sowing proof,"{""usage"":""SOWING_SEED"",""verified_cn8"":[""12051010""],""limitation"":""Product type/use must fit the official description; not an observation-level trade-flow linkage""}","{""usage"":""NON_SOWING_COMMODITY"",""codes"":[""12051090""]}","[{""cn8"":""12051010"",""description"":""Low erucic acid rape or colza seeds \""yielding a fixed oil which has an erucic acid content of < 2% and yielding a solid component of glucosinolates of < 30 micromoles/g\"", for sowing"",""worksheet_row"":1464},{""cn8"":""12051090"",""description"":""Low erucic rape or colza seeds \""yielding a fixed oil which has an erucic acid content of < 2% and yielding a solid component of glucosinolates of < 30 micromoles/g\"", whether or not broken (excl. for sowing)"",""worksheet_row"":1465}]",https://www.ksh.hu/docs/osztalyozasok/kn/kn2026_structure.xlsx,Hungarian Central Statistical Office,2026-10-02,"[""Only the explicitly low-erucic sowing branch is represented; no erucic type inferred for any production observation. High-erucic mixed-use branch is not assigned.""]",REVIEW_REQUIRED; no 2021–2025 tariff concordance inferred
swede-seed-group,Brassica napus,swede-seed-group,CN_MAPPING_REVIEW_REQUIRED,2026,[],[],[],[],Hierarchy only; no species/sowing proof,"{""usage"":""SOWING_SEED"",""verified_cn8"":[],""limitation"":""No confirmed sowing-specific code""}","{""usage"":""NON_SOWING_COMMODITY"",""codes"":[]}",[],https://www.ksh.hu/docs/osztalyozasok/kn/kn2026_structure.xlsx,Hungarian Central Statistical Office,2026-10-02,"[""Taxonomy alone does not establish this hybrid/crop-use/product-form customs classification; no residual code forced.""]",REVIEW_REQUIRED; no 2021–2025 tariff concordance inferred
turnip-rape,Brassica rapa,turnip-rape,CN_MAPPING_PARTIAL,2026,"[""1205""]","[""120510""]","[""12051010""]","[""120510""]",Hierarchy only; no species/sowing proof,"{""usage"":""SOWING_SEED"",""verified_cn8"":[""12051010""],""limitation"":""Product type/use must fit the official description; not an observation-level trade-flow linkage""}","{""usage"":""NON_SOWING_COMMODITY"",""codes"":[""12051090""]}","[{""cn8"":""12051010"",""description"":""Low erucic acid rape or colza seeds \""yielding a fixed oil which has an erucic acid content of < 2% and yielding a solid component of glucosinolates of < 30 micromoles/g\"", for sowing"",""worksheet_row"":1464},{""cn8"":""12051090"",""description"":""Low erucic rape or colza seeds \""yielding a fixed oil which has an erucic acid content of < 2% and yielding a solid component of glucosinolates of < 30 micromoles/g\"", whether or not broken (excl. for sowing)"",""worksheet_row"":1465}]",https://www.ksh.hu/docs/osztalyozasok/kn/kn2026_structure.xlsx,Hungarian Central Statistical Office,2026-10-02,"[""Only the explicitly low-erucic sowing branch is represented; no erucic type inferred for any production observation. High-erucic mixed-use branch is not assigned.""]",REVIEW_REQUIRED; no 2021–2025 tariff concordance inferred
camelina,Camelina sativa,camelina,CN_MAPPING_REVIEW_REQUIRED,2026,[],[],[],[],Hierarchy only; no species/sowing proof,"{""usage"":""SOWING_SEED"",""verified_cn8"":[],""limitation"":""No confirmed sowing-specific code""}","{""usage"":""NON_SOWING_COMMODITY"",""codes"":[]}",[],https://www.ksh.hu/docs/osztalyozasok/kn/kn2026_structure.xlsx,Hungarian Central Statistical Office,2026-10-02,"[""Taxonomy alone does not establish this hybrid/crop-use/product-form customs classification; no residual code forced.""]",REVIEW_REQUIRED; no 2021–2025 tariff concordance inferred
pepper,Capsicum annuum,pepper,CN_MAPPING_NOT_SPECIES_SPECIFIC,2026,"[""1209""]","[""120991""]","[""12099180""]","[""120991""]",Hierarchy only; no species/sowing proof,"{""usage"":""SOWING_SEED"",""verified_cn8"":[""12099180""],""limitation"":""Product type/use must fit the official description; not an observation-level trade-flow linkage""}","{""usage"":""NON_SOWING_COMMODITY"",""codes"":[]}","[{""cn8"":""12099180"",""description"":""Vegetable seeds for sowing (excl. salad beet or beetroot \""Beta vulgaris var. conditiva\"")"",""worksheet_row"":1503}]",https://www.ksh.hu/docs/osztalyozasok/kn/kn2026_structure.xlsx,Hungarian Central Statistical Office,2026-10-02,[],REVIEW_REQUIRED; no 2021–2025 tariff concordance inferred
safflower,Carthamus tinctorius,safflower,CN_MAPPING_PARTIAL,2026,"[""1207""]","[""120760""]","[""12076000""]","[""120760""]",Hierarchy only; no species/sowing proof,"{""usage"":""SOWING_SEED"",""verified_cn8"":[],""limitation"":""No confirmed sowing-specific code""}","{""usage"":""NON_SOWING_COMMODITY"",""codes"":[]}","[{""cn8"":""12076000"",""description"":""Safflower \""Carthamus tinctorius\"" seeds"",""worksheet_row"":1478}]",https://www.ksh.hu/docs/osztalyozasok/kn/kn2026_structure.xlsx,Hungarian Central Statistical Office,2026-10-02,"[""Named product heading does not distinguish sowing from other uses; mixed-use codes never appear as verified sowing or non-sowing codes.""]",REVIEW_REQUIRED; no 2021–2025 tariff concordance inferred
chickpea,Cicer arietinum,chickpea,CN_MAPPING_PARTIAL,2026,"[""0713""]","[""071320""]","[""07132000""]","[""071320""]",Hierarchy only; no species/sowing proof,"{""usage"":""SOWING_SEED"",""verified_cn8"":[],""limitation"":""No confirmed sowing-specific code""}","{""usage"":""NON_SOWING_COMMODITY"",""codes"":[]}","[{""cn8"":""07132000"",""description"":""Dried, shelled chickpeas \""garbanzos\"", whether or not skinned or split"",""worksheet_row"":1122}]",https://www.ksh.hu/docs/osztalyozasok/kn/kn2026_structure.xlsx,Hungarian Central Statistical Office,2026-10-02,"[""Named product heading does not distinguish sowing from other uses; mixed-use codes never appear as verified sowing or non-sowing codes.""]",REVIEW_REQUIRED; no 2021–2025 tariff concordance inferred
cocksfoot,Dactylis glomerata,cocksfoot,CN_MAPPING_NOT_SPECIES_SPECIFIC,2026,"[""1209""]","[""120929""]","[""12092945""]","[""120929""]",Hierarchy only; no species/sowing proof,"{""usage"":""SOWING_SEED"",""verified_cn8"":[""12092945""],""limitation"":""Product type/use must fit the official description; not an observation-level trade-flow linkage""}","{""usage"":""NON_SOWING_COMMODITY"",""codes"":[]}","[{""cn8"":""12092945"",""description"":""Timothy grass seed, vetch seed, seeds of the genus Poa palustris L. and Poa trivialis L., seeds of cocksfoot grass \""Dactylis glomerata L.\"", and seeds of bent grass \""Agrostis\"", for sowing"",""worksheet_row"":1497}]",https://www.ksh.hu/docs/osztalyozasok/kn/kn2026_structure.xlsx,Hungarian Central Statistical Office,2026-10-02,[],REVIEW_REQUIRED; no 2021–2025 tariff concordance inferred
fodder-galega,Galega orientalis,fodder-galega,CN_MAPPING_NOT_SPECIES_SPECIFIC,2026,"[""1209""]","[""120929""]","[""12092980""]","[""120929""]",Hierarchy only; no species/sowing proof,"{""usage"":""SOWING_SEED"",""verified_cn8"":[""12092980""],""limitation"":""Product type/use must fit the official description; not an observation-level trade-flow linkage""}","{""usage"":""NON_SOWING_COMMODITY"",""codes"":[]}","[{""cn8"":""12092980"",""description"":""Seeds of forage plants, for sowing (excl. cereals and fodder beet seed \""Beta vulgaris var. alba\"", sugar beet seed, lucerne seed, clover \""Trifolium spp.\"" seed, fesque seed, Kentucky blue grass \""Poa pratensis L.\"" seed, ryegrass \""Lolium multiflorum lam., Lolium perenne L.\"" seed, Timothy grass seed, vetch seed, seeds of the genus Poa palustris L and Poa trivialis L., cocksfoot grass \""Dactylis glomerata L.\"" seed, bent grass \""Agrostis\"" seed and lupine seed)"",""worksheet_row"":1500}]",https://www.ksh.hu/docs/osztalyozasok/kn/kn2026_structure.xlsx,Hungarian Central Statistical Office,2026-10-02,"[""Residual forage-plant heading supported by original official forage seed classification; product use must be confirmed. Not a species-specific tariff classification ruling.""]",REVIEW_REQUIRED; no 2021–2025 tariff concordance inferred
sunflower,Helianthus annuus,sunflower,CN_MAPPING_CONFIRMED,2026,"[""1206""]","[""120600""]","[""12060010""]","[""120600""]",Hierarchy only; no species/sowing proof,"{""usage"":""SOWING_SEED"",""verified_cn8"":[""12060010""],""limitation"":""Product type/use must fit the official description; not an observation-level trade-flow linkage""}","{""usage"":""NON_SOWING_COMMODITY"",""codes"":[""12060091"",""12060099""]}","[{""cn8"":""12060010"",""description"":""Sunflower seeds for sowing"",""worksheet_row"":1467},{""cn8"":""12060091"",""description"":""Sunflower seeds, whether or not broken, shelled or in grey and white striped shell (excl. for sowing)"",""worksheet_row"":1468},{""cn8"":""12060099"",""description"":""Sunflower seeds, whether or not broken (excl. for sowing, shelled and in grey and white striped shell)"",""worksheet_row"":1469}]",https://www.ksh.hu/docs/osztalyozasok/kn/kn2026_structure.xlsx,Hungarian Central Statistical Office,2026-10-02,[],REVIEW_REQUIRED; no 2021–2025 tariff concordance inferred
barley,Hordeum vulgare,barley,CN_MAPPING_CONFIRMED,2026,"[""1003""]","[""100310""]","[""10031000""]","[""100310""]",Hierarchy only; no species/sowing proof,"{""usage"":""SOWING_SEED"",""verified_cn8"":[""10031000""],""limitation"":""Product type/use must fit the official description; not an observation-level trade-flow linkage""}","{""usage"":""NON_SOWING_COMMODITY"",""codes"":[""10039000""]}","[{""cn8"":""10031000"",""description"":""Barley seed for sowing"",""worksheet_row"":1328},{""cn8"":""10039000"",""description"":""Barley (excl. seed for sowing)"",""worksheet_row"":1329}]",https://www.ksh.hu/docs/osztalyozasok/kn/kn2026_structure.xlsx,Hungarian Central Statistical Office,2026-10-02,[],REVIEW_REQUIRED; no 2021–2025 tariff concordance inferred
red-pea,Lathyrus cicera,red-pea,CN_MAPPING_NOT_SPECIES_SPECIFIC,2026,"[""1209""]","[""120929""]","[""12092980""]","[""120929""]",Hierarchy only; no species/sowing proof,"{""usage"":""SOWING_SEED"",""verified_cn8"":[""12092980""],""limitation"":""Product type/use must fit the official description; not an observation-level trade-flow linkage""}","{""usage"":""NON_SOWING_COMMODITY"",""codes"":[]}","[{""cn8"":""12092980"",""description"":""Seeds of forage plants, for sowing (excl. cereals and fodder beet seed \""Beta vulgaris var. alba\"", sugar beet seed, lucerne seed, clover \""Trifolium spp.\"" seed, fesque seed, Kentucky blue grass \""Poa pratensis L.\"" seed, ryegrass \""Lolium multiflorum lam., Lolium perenne L.\"" seed, Timothy grass seed, vetch seed, seeds of the genus Poa palustris L and Poa trivialis L., cocksfoot grass \""Dactylis glomerata L.\"" seed, bent grass \""Agrostis\"" seed and lupine seed)"",""worksheet_row"":1500}]",https://www.ksh.hu/docs/osztalyozasok/kn/kn2026_structure.xlsx,Hungarian Central Statistical Office,2026-10-02,"[""Residual forage-plant heading supported by original official forage seed classification; product use must be confirmed. Not a species-specific tariff classification ruling.""]",REVIEW_REQUIRED; no 2021–2025 tariff concordance inferred
lentil,Lens culinaris,lentil,CN_MAPPING_PARTIAL,2026,"[""0713""]","[""071340""]","[""07134000""]","[""071340""]",Hierarchy only; no species/sowing proof,"{""usage"":""SOWING_SEED"",""verified_cn8"":[],""limitation"":""No confirmed sowing-specific code""}","{""usage"":""NON_SOWING_COMMODITY"",""codes"":[]}","[{""cn8"":""07134000"",""description"":""Dried, shelled lentils, whether or not skinned or split"",""worksheet_row"":1130}]",https://www.ksh.hu/docs/osztalyozasok/kn/kn2026_structure.xlsx,Hungarian Central Statistical Office,2026-10-02,"[""Named product heading does not distinguish sowing from other uses; mixed-use codes never appear as verified sowing or non-sowing codes.""]",REVIEW_REQUIRED; no 2021–2025 tariff concordance inferred
hybrid-ryegrass,Lolium × hybridum,hybrid-ryegrass,CN_MAPPING_REVIEW_REQUIRED,2026,[],[],[],[],Hierarchy only; no species/sowing proof,"{""usage"":""SOWING_SEED"",""verified_cn8"":[],""limitation"":""No confirmed sowing-specific code""}","{""usage"":""NON_SOWING_COMMODITY"",""codes"":[]}",[],https://www.ksh.hu/docs/osztalyozasok/kn/kn2026_structure.xlsx,Hungarian Central Statistical Office,2026-10-02,"[""Taxonomy alone does not establish this hybrid/crop-use/product-form customs classification; no residual code forced.""]",REVIEW_REQUIRED; no 2021–2025 tariff concordance inferred
birdsfoot-trefoil,Lotus corniculatus,birdsfoot-trefoil,CN_MAPPING_NOT_SPECIES_SPECIFIC,2026,"[""1209""]","[""120929""]","[""12092980""]","[""120929""]",Hierarchy only; no species/sowing proof,"{""usage"":""SOWING_SEED"",""verified_cn8"":[""12092980""],""limitation"":""Product type/use must fit the official description; not an observation-level trade-flow linkage""}","{""usage"":""NON_SOWING_COMMODITY"",""codes"":[]}","[{""cn8"":""12092980"",""description"":""Seeds of forage plants, for sowing (excl. cereals and fodder beet seed \""Beta vulgaris var. alba\"", sugar beet seed, lucerne seed, clover \""Trifolium spp.\"" seed, fesque seed, Kentucky blue grass \""Poa pratensis L.\"" seed, ryegrass \""Lolium multiflorum lam., Lolium perenne L.\"" seed, Timothy grass seed, vetch seed, seeds of the genus Poa palustris L and Poa trivialis L., cocksfoot grass \""Dactylis glomerata L.\"" seed, bent grass \""Agrostis\"" seed and lupine seed)"",""worksheet_row"":1500}]",https://www.ksh.hu/docs/osztalyozasok/kn/kn2026_structure.xlsx,Hungarian Central Statistical Office,2026-10-02,"[""Residual forage-plant heading supported by original official forage seed classification; product use must be confirmed. Not a species-specific tariff classification ruling.""]",REVIEW_REQUIRED; no 2021–2025 tariff concordance inferred
black-medick,Medicago lupulina,black-medick,CN_MAPPING_NOT_SPECIES_SPECIFIC,2026,"[""1209""]","[""120929""]","[""12092980""]","[""120929""]",Hierarchy only; no species/sowing proof,"{""usage"":""SOWING_SEED"",""verified_cn8"":[""12092980""],""limitation"":""Product type/use must fit the official description; not an observation-level trade-flow linkage""}","{""usage"":""NON_SOWING_COMMODITY"",""codes"":[]}","[{""cn8"":""12092980"",""description"":""Seeds of forage plants, for sowing (excl. cereals and fodder beet seed \""Beta vulgaris var. alba\"", sugar beet seed, lucerne seed, clover \""Trifolium spp.\"" seed, fesque seed, Kentucky blue grass \""Poa pratensis L.\"" seed, ryegrass \""Lolium multiflorum lam., Lolium perenne L.\"" seed, Timothy grass seed, vetch seed, seeds of the genus Poa palustris L and Poa trivialis L., cocksfoot grass \""Dactylis glomerata L.\"" seed, bent grass \""Agrostis\"" seed and lupine seed)"",""worksheet_row"":1500}]",https://www.ksh.hu/docs/osztalyozasok/kn/kn2026_structure.xlsx,Hungarian Central Statistical Office,2026-10-02,"[""Residual forage-plant heading supported by original official forage seed classification; product use must be confirmed. Not a species-specific tariff classification ruling.""]",REVIEW_REQUIRED; no 2021–2025 tariff concordance inferred
bur-medick,Medicago polymorpha,bur-medick,CN_MAPPING_NOT_SPECIES_SPECIFIC,2026,"[""1209""]","[""120929""]","[""12092980""]","[""120929""]",Hierarchy only; no species/sowing proof,"{""usage"":""SOWING_SEED"",""verified_cn8"":[""12092980""],""limitation"":""Product type/use must fit the official description; not an observation-level trade-flow linkage""}","{""usage"":""NON_SOWING_COMMODITY"",""codes"":[]}","[{""cn8"":""12092980"",""description"":""Seeds of forage plants, for sowing (excl. cereals and fodder beet seed \""Beta vulgaris var. alba\"", sugar beet seed, lucerne seed, clover \""Trifolium spp.\"" seed, fesque seed, Kentucky blue grass \""Poa pratensis L.\"" seed, ryegrass \""Lolium multiflorum lam., Lolium perenne L.\"" seed, Timothy grass seed, vetch seed, seeds of the genus Poa palustris L and Poa trivialis L., cocksfoot grass \""Dactylis glomerata L.\"" seed, bent grass \""Agrostis\"" seed and lupine seed)"",""worksheet_row"":1500}]",https://www.ksh.hu/docs/osztalyozasok/kn/kn2026_structure.xlsx,Hungarian Central Statistical Office,2026-10-02,"[""Residual forage-plant heading supported by original official forage seed classification; product use must be confirmed. Not a species-specific tariff classification ruling.""]",REVIEW_REQUIRED; no 2021–2025 tariff concordance inferred
hybrid-lucerne,Medicago × varia,hybrid-lucerne,CN_MAPPING_REVIEW_REQUIRED,2026,[],[],[],[],Hierarchy only; no species/sowing proof,"{""usage"":""SOWING_SEED"",""verified_cn8"":[],""limitation"":""No confirmed sowing-specific code""}","{""usage"":""NON_SOWING_COMMODITY"",""codes"":[]}",[],https://www.ksh.hu/docs/osztalyozasok/kn/kn2026_structure.xlsx,Hungarian Central Statistical Office,2026-10-02,"[""Taxonomy alone does not establish this hybrid/crop-use/product-form customs classification; no residual code forced.""]",REVIEW_REQUIRED; no 2021–2025 tariff concordance inferred
sainfoin,Onobrychis viciifolia,sainfoin,CN_MAPPING_NOT_SPECIES_SPECIFIC,2026,"[""1209""]","[""120929""]","[""12092980""]","[""120929""]",Hierarchy only; no species/sowing proof,"{""usage"":""SOWING_SEED"",""verified_cn8"":[""12092980""],""limitation"":""Product type/use must fit the official description; not an observation-level trade-flow linkage""}","{""usage"":""NON_SOWING_COMMODITY"",""codes"":[]}","[{""cn8"":""12092980"",""description"":""Seeds of forage plants, for sowing (excl. cereals and fodder beet seed \""Beta vulgaris var. alba\"", sugar beet seed, lucerne seed, clover \""Trifolium spp.\"" seed, fesque seed, Kentucky blue grass \""Poa pratensis L.\"" seed, ryegrass \""Lolium multiflorum lam., Lolium perenne L.\"" seed, Timothy grass seed, vetch seed, seeds of the genus Poa palustris L and Poa trivialis L., cocksfoot grass \""Dactylis glomerata L.\"" seed, bent grass \""Agrostis\"" seed and lupine seed)"",""worksheet_row"":1500}]",https://www.ksh.hu/docs/osztalyozasok/kn/kn2026_structure.xlsx,Hungarian Central Statistical Office,2026-10-02,"[""Residual forage-plant heading supported by original official forage seed classification; product use must be confirmed. Not a species-specific tariff classification ruling.""]",REVIEW_REQUIRED; no 2021–2025 tariff concordance inferred
yellow-serradella,Ornithopus compressus,yellow-serradella,CN_MAPPING_NOT_SPECIES_SPECIFIC,2026,"[""1209""]","[""120929""]","[""12092980""]","[""120929""]",Hierarchy only; no species/sowing proof,"{""usage"":""SOWING_SEED"",""verified_cn8"":[""12092980""],""limitation"":""Product type/use must fit the official description; not an observation-level trade-flow linkage""}","{""usage"":""NON_SOWING_COMMODITY"",""codes"":[]}","[{""cn8"":""12092980"",""description"":""Seeds of forage plants, for sowing (excl. cereals and fodder beet seed \""Beta vulgaris var. alba\"", sugar beet seed, lucerne seed, clover \""Trifolium spp.\"" seed, fesque seed, Kentucky blue grass \""Poa pratensis L.\"" seed, ryegrass \""Lolium multiflorum lam., Lolium perenne L.\"" seed, Timothy grass seed, vetch seed, seeds of the genus Poa palustris L and Poa trivialis L., cocksfoot grass \""Dactylis glomerata L.\"" seed, bent grass \""Agrostis\"" seed and lupine seed)"",""worksheet_row"":1500}]",https://www.ksh.hu/docs/osztalyozasok/kn/kn2026_structure.xlsx,Hungarian Central Statistical Office,2026-10-02,"[""Residual forage-plant heading supported by original official forage seed classification; product use must be confirmed. Not a species-specific tariff classification ruling.""]",REVIEW_REQUIRED; no 2021–2025 tariff concordance inferred
serradella,Ornithopus sativus,serradella,CN_MAPPING_NOT_SPECIES_SPECIFIC,2026,"[""1209""]","[""120929""]","[""12092980""]","[""120929""]",Hierarchy only; no species/sowing proof,"{""usage"":""SOWING_SEED"",""verified_cn8"":[""12092980""],""limitation"":""Product type/use must fit the official description; not an observation-level trade-flow linkage""}","{""usage"":""NON_SOWING_COMMODITY"",""codes"":[]}","[{""cn8"":""12092980"",""description"":""Seeds of forage plants, for sowing (excl. cereals and fodder beet seed \""Beta vulgaris var. alba\"", sugar beet seed, lucerne seed, clover \""Trifolium spp.\"" seed, fesque seed, Kentucky blue grass \""Poa pratensis L.\"" seed, ryegrass \""Lolium multiflorum lam., Lolium perenne L.\"" seed, Timothy grass seed, vetch seed, seeds of the genus Poa palustris L and Poa trivialis L., cocksfoot grass \""Dactylis glomerata L.\"" seed, bent grass \""Agrostis\"" seed and lupine seed)"",""worksheet_row"":1500}]",https://www.ksh.hu/docs/osztalyozasok/kn/kn2026_structure.xlsx,Hungarian Central Statistical Office,2026-10-02,"[""Residual forage-plant heading supported by original official forage seed classification; product use must be confirmed. Not a species-specific tariff classification ruling.""]",REVIEW_REQUIRED; no 2021–2025 tariff concordance inferred
rice,Oryza sativa,rice,CN_MAPPING_CONFIRMED,2026,"[""1006""]","[""100610""]","[""10061010""]","[""100610""]",Hierarchy only; no species/sowing proof,"{""usage"":""SOWING_SEED"",""verified_cn8"":[""10061010""],""limitation"":""Product type/use must fit the official description; not an observation-level trade-flow linkage""}","{""usage"":""NON_SOWING_COMMODITY"",""codes"":[]}","[{""cn8"":""10061010"",""description"":""Rice in husk for sowing"",""worksheet_row"":1337}]",https://www.ksh.hu/docs/osztalyozasok/kn/kn2026_structure.xlsx,Hungarian Central Statistical Office,2026-10-02,[],REVIEW_REQUIRED; no 2021–2025 tariff concordance inferred
proso-millet,Panicum miliaceum,proso-millet,CN_MAPPING_NOT_SPECIES_SPECIFIC,2026,"[""1008""]","[""100821""]","[""10082100""]","[""100821""]",Hierarchy only; no species/sowing proof,"{""usage"":""SOWING_SEED"",""verified_cn8"":[""10082100""],""limitation"":""Product type/use must fit the official description; not an observation-level trade-flow linkage""}","{""usage"":""NON_SOWING_COMMODITY"",""codes"":[""10082900""]}","[{""cn8"":""10082100"",""description"":""Millet seed for sowing (excl. grain sorghum)"",""worksheet_row"":1378},{""cn8"":""10082900"",""description"":""Millet (excl. grain sorghum, and seed for sowing)"",""worksheet_row"":1379}]",https://www.ksh.hu/docs/osztalyozasok/kn/kn2026_structure.xlsx,Hungarian Central Statistical Office,2026-10-02,[],REVIEW_REQUIRED; no 2021–2025 tariff concordance inferred
poppy,Papaver somniferum,poppy,CN_MAPPING_CONFIRMED,2026,"[""1207""]","[""120791""]","[""12079110""]","[""120791""]",Hierarchy only; no species/sowing proof,"{""usage"":""SOWING_SEED"",""verified_cn8"":[""12079110""],""limitation"":""Product type/use must fit the official description; not an observation-level trade-flow linkage""}","{""usage"":""NON_SOWING_COMMODITY"",""codes"":[""12079190""]}","[{""cn8"":""12079110"",""description"":""Poppy seeds for sowing"",""worksheet_row"":1480},{""cn8"":""12079190"",""description"":""Poppy seeds, whether or not broken (excl. for sowing)"",""worksheet_row"":1481}]",https://www.ksh.hu/docs/osztalyozasok/kn/kn2026_structure.xlsx,Hungarian Central Statistical Office,2026-10-02,[],REVIEW_REQUIRED; no 2021–2025 tariff concordance inferred
canary-grass,Phalaris canariensis,canary-grass,CN_MAPPING_PARTIAL,2026,"[""1008""]","[""100830""]","[""10083000""]","[""100830""]",Hierarchy only; no species/sowing proof,"{""usage"":""SOWING_SEED"",""verified_cn8"":[],""limitation"":""No confirmed sowing-specific code""}","{""usage"":""NON_SOWING_COMMODITY"",""codes"":[]}","[{""cn8"":""10083000"",""description"":""Canary seed"",""worksheet_row"":1380}]",https://www.ksh.hu/docs/osztalyozasok/kn/kn2026_structure.xlsx,Hungarian Central Statistical Office,2026-10-02,"[""Named product heading does not distinguish sowing from other uses; mixed-use codes never appear as verified sowing or non-sowing codes.""]",REVIEW_REQUIRED; no 2021–2025 tariff concordance inferred
common-bean,Phaseolus vulgaris,common-bean,CN_MAPPING_CONFIRMED,2026,"[""0713""]","[""071333""]","[""07133310""]","[""071333""]",Hierarchy only; no species/sowing proof,"{""usage"":""SOWING_SEED"",""verified_cn8"":[""07133310""],""limitation"":""Product type/use must fit the official description; not an observation-level trade-flow linkage""}","{""usage"":""NON_SOWING_COMMODITY"",""codes"":[""07133390""]}","[{""cn8"":""07133310"",""description"":""Dried, shelled kidney beans \""Phaseolus vulgaris\"", for sowing"",""worksheet_row"":1125},{""cn8"":""07133390"",""description"":""Dried, shelled kidney beans \""Phaseolus vulgaris\"", whether or not skinned or split (excl. for sowing)"",""worksheet_row"":1126}]",https://www.ksh.hu/docs/osztalyozasok/kn/kn2026_structure.xlsx,Hungarian Central Statistical Office,2026-10-02,[],REVIEW_REQUIRED; no 2021–2025 tariff concordance inferred
ribwort-plantain,Plantago lanceolata,ribwort-plantain,CN_MAPPING_NOT_SPECIES_SPECIFIC,2026,"[""1209""]","[""120929""]","[""12092980""]","[""120929""]",Hierarchy only; no species/sowing proof,"{""usage"":""SOWING_SEED"",""verified_cn8"":[""12092980""],""limitation"":""Product type/use must fit the official description; not an observation-level trade-flow linkage""}","{""usage"":""NON_SOWING_COMMODITY"",""codes"":[]}","[{""cn8"":""12092980"",""description"":""Seeds of forage plants, for sowing (excl. cereals and fodder beet seed \""Beta vulgaris var. alba\"", sugar beet seed, lucerne seed, clover \""Trifolium spp.\"" seed, fesque seed, Kentucky blue grass \""Poa pratensis L.\"" seed, ryegrass \""Lolium multiflorum lam., Lolium perenne L.\"" seed, Timothy grass seed, vetch seed, seeds of the genus Poa palustris L and Poa trivialis L., cocksfoot grass \""Dactylis glomerata L.\"" seed, bent grass \""Agrostis\"" seed and lupine seed)"",""worksheet_row"":1500}]",https://www.ksh.hu/docs/osztalyozasok/kn/kn2026_structure.xlsx,Hungarian Central Statistical Office,2026-10-02,"[""Residual forage-plant heading supported by original official forage seed classification; product use must be confirmed. Not a species-specific tariff classification ruling.""]",REVIEW_REQUIRED; no 2021–2025 tariff concordance inferred
wood-meadowgrass,Poa nemoralis,wood-meadowgrass,CN_MAPPING_NOT_SPECIES_SPECIFIC,2026,"[""1209""]","[""120929""]","[""12092980""]","[""120929""]",Hierarchy only; no species/sowing proof,"{""usage"":""SOWING_SEED"",""verified_cn8"":[""12092980""],""limitation"":""Product type/use must fit the official description; not an observation-level trade-flow linkage""}","{""usage"":""NON_SOWING_COMMODITY"",""codes"":[]}","[{""cn8"":""12092980"",""description"":""Seeds of forage plants, for sowing (excl. cereals and fodder beet seed \""Beta vulgaris var. alba\"", sugar beet seed, lucerne seed, clover \""Trifolium spp.\"" seed, fesque seed, Kentucky blue grass \""Poa pratensis L.\"" seed, ryegrass \""Lolium multiflorum lam., Lolium perenne L.\"" seed, Timothy grass seed, vetch seed, seeds of the genus Poa palustris L and Poa trivialis L., cocksfoot grass \""Dactylis glomerata L.\"" seed, bent grass \""Agrostis\"" seed and lupine seed)"",""worksheet_row"":1500}]",https://www.ksh.hu/docs/osztalyozasok/kn/kn2026_structure.xlsx,Hungarian Central Statistical Office,2026-10-02,"[""Residual forage-plant heading supported by original official forage seed classification; product use must be confirmed. Not a species-specific tariff classification ruling.""]",REVIEW_REQUIRED; no 2021–2025 tariff concordance inferred
oilseed-radish-group,Raphanus raphanistrum subsp. sativus,oilseed-radish-group,CN_MAPPING_REVIEW_REQUIRED,2026,[],[],[],[],Hierarchy only; no species/sowing proof,"{""usage"":""SOWING_SEED"",""verified_cn8"":[],""limitation"":""No confirmed sowing-specific code""}","{""usage"":""NON_SOWING_COMMODITY"",""codes"":[]}",[],https://www.ksh.hu/docs/osztalyozasok/kn/kn2026_structure.xlsx,Hungarian Central Statistical Office,2026-10-02,"[""Taxonomy alone does not establish this hybrid/crop-use/product-form customs classification; no residual code forced.""]",REVIEW_REQUIRED; no 2021–2025 tariff concordance inferred
rye,Secale cereale,rye,CN_MAPPING_CONFIRMED,2026,"[""1002""]","[""100210""]","[""10021000""]","[""100210""]",Hierarchy only; no species/sowing proof,"{""usage"":""SOWING_SEED"",""verified_cn8"":[""10021000""],""limitation"":""Product type/use must fit the official description; not an observation-level trade-flow linkage""}","{""usage"":""NON_SOWING_COMMODITY"",""codes"":[""10029000""]}","[{""cn8"":""10021000"",""description"":""Rye seed for sowing"",""worksheet_row"":1326},{""cn8"":""10029000"",""description"":""Rye (excl. seed for sowing)"",""worksheet_row"":1327}]",https://www.ksh.hu/docs/osztalyozasok/kn/kn2026_structure.xlsx,Hungarian Central Statistical Office,2026-10-02,[],REVIEW_REQUIRED; no 2021–2025 tariff concordance inferred
foxtail-millet,Setaria italica,foxtail-millet,CN_MAPPING_NOT_SPECIES_SPECIFIC,2026,"[""1008""]","[""100821""]","[""10082100""]","[""100821""]",Hierarchy only; no species/sowing proof,"{""usage"":""SOWING_SEED"",""verified_cn8"":[""10082100""],""limitation"":""Product type/use must fit the official description; not an observation-level trade-flow linkage""}","{""usage"":""NON_SOWING_COMMODITY"",""codes"":[""10082900""]}","[{""cn8"":""10082100"",""description"":""Millet seed for sowing (excl. grain sorghum)"",""worksheet_row"":1378},{""cn8"":""10082900"",""description"":""Millet (excl. grain sorghum, and seed for sowing)"",""worksheet_row"":1379}]",https://www.ksh.hu/docs/osztalyozasok/kn/kn2026_structure.xlsx,Hungarian Central Statistical Office,2026-10-02,[],REVIEW_REQUIRED; no 2021–2025 tariff concordance inferred
sorghum,Sorghum bicolor,sorghum,CN_MAPPING_REVIEW_REQUIRED,2026,[],[],[],[],Hierarchy only; no species/sowing proof,"{""usage"":""SOWING_SEED"",""verified_cn8"":[],""limitation"":""No confirmed sowing-specific code""}","{""usage"":""NON_SOWING_COMMODITY"",""codes"":[]}",[],https://www.ksh.hu/docs/osztalyozasok/kn/kn2026_structure.xlsx,Hungarian Central Statistical Office,2026-10-02,"[""Taxonomy alone does not establish this hybrid/crop-use/product-form customs classification; no residual code forced.""]",REVIEW_REQUIRED; no 2021–2025 tariff concordance inferred
berseem-clover,Trifolium alexandrinum,berseem-clover,CN_MAPPING_NOT_SPECIES_SPECIFIC,2026,"[""1209""]","[""120922""]","[""12092280""]","[""120922""]",Hierarchy only; no species/sowing proof,"{""usage"":""SOWING_SEED"",""verified_cn8"":[""12092280""],""limitation"":""Product type/use must fit the official description; not an observation-level trade-flow linkage""}","{""usage"":""NON_SOWING_COMMODITY"",""codes"":[]}","[{""cn8"":""12092280"",""description"":""Clover \""Trifolium spp.\"" seed for sowing (excl. red clover [Trifolium pratense L.])"",""worksheet_row"":1490}]",https://www.ksh.hu/docs/osztalyozasok/kn/kn2026_structure.xlsx,Hungarian Central Statistical Office,2026-10-02,[],REVIEW_REQUIRED; no 2021–2025 tariff concordance inferred
glandular-clover,Trifolium glanduliferum,glandular-clover,CN_MAPPING_NOT_SPECIES_SPECIFIC,2026,"[""1209""]","[""120922""]","[""12092280""]","[""120922""]",Hierarchy only; no species/sowing proof,"{""usage"":""SOWING_SEED"",""verified_cn8"":[""12092280""],""limitation"":""Product type/use must fit the official description; not an observation-level trade-flow linkage""}","{""usage"":""NON_SOWING_COMMODITY"",""codes"":[]}","[{""cn8"":""12092280"",""description"":""Clover \""Trifolium spp.\"" seed for sowing (excl. red clover [Trifolium pratense L.])"",""worksheet_row"":1490}]",https://www.ksh.hu/docs/osztalyozasok/kn/kn2026_structure.xlsx,Hungarian Central Statistical Office,2026-10-02,[],REVIEW_REQUIRED; no 2021–2025 tariff concordance inferred
rose-clover,Trifolium hirtum,rose-clover,CN_MAPPING_NOT_SPECIES_SPECIFIC,2026,"[""1209""]","[""120922""]","[""12092280""]","[""120922""]",Hierarchy only; no species/sowing proof,"{""usage"":""SOWING_SEED"",""verified_cn8"":[""12092280""],""limitation"":""Product type/use must fit the official description; not an observation-level trade-flow linkage""}","{""usage"":""NON_SOWING_COMMODITY"",""codes"":[]}","[{""cn8"":""12092280"",""description"":""Clover \""Trifolium spp.\"" seed for sowing (excl. red clover [Trifolium pratense L.])"",""worksheet_row"":1490}]",https://www.ksh.hu/docs/osztalyozasok/kn/kn2026_structure.xlsx,Hungarian Central Statistical Office,2026-10-02,[],REVIEW_REQUIRED; no 2021–2025 tariff concordance inferred
trifolium-isthmocarpum,Trifolium isthmocarpum,trifolium-isthmocarpum,CN_MAPPING_NOT_SPECIES_SPECIFIC,2026,"[""1209""]","[""120922""]","[""12092280""]","[""120922""]",Hierarchy only; no species/sowing proof,"{""usage"":""SOWING_SEED"",""verified_cn8"":[""12092280""],""limitation"":""Product type/use must fit the official description; not an observation-level trade-flow linkage""}","{""usage"":""NON_SOWING_COMMODITY"",""codes"":[]}","[{""cn8"":""12092280"",""description"":""Clover \""Trifolium spp.\"" seed for sowing (excl. red clover [Trifolium pratense L.])"",""worksheet_row"":1490}]",https://www.ksh.hu/docs/osztalyozasok/kn/kn2026_structure.xlsx,Hungarian Central Statistical Office,2026-10-02,[],REVIEW_REQUIRED; no 2021–2025 tariff concordance inferred
balansa-clover,Trifolium michelianum,balansa-clover,CN_MAPPING_NOT_SPECIES_SPECIFIC,2026,"[""1209""]","[""120922""]","[""12092280""]","[""120922""]",Hierarchy only; no species/sowing proof,"{""usage"":""SOWING_SEED"",""verified_cn8"":[""12092280""],""limitation"":""Product type/use must fit the official description; not an observation-level trade-flow linkage""}","{""usage"":""NON_SOWING_COMMODITY"",""codes"":[]}","[{""cn8"":""12092280"",""description"":""Clover \""Trifolium spp.\"" seed for sowing (excl. red clover [Trifolium pratense L.])"",""worksheet_row"":1490}]",https://www.ksh.hu/docs/osztalyozasok/kn/kn2026_structure.xlsx,Hungarian Central Statistical Office,2026-10-02,[],REVIEW_REQUIRED; no 2021–2025 tariff concordance inferred
red-zigzag-clover-cross-group,Trifolium pratense × Trifolium medium,red-zigzag-clover-cross-group,CN_MAPPING_REVIEW_REQUIRED,2026,[],[],[],[],Hierarchy only; no species/sowing proof,"{""usage"":""SOWING_SEED"",""verified_cn8"":[],""limitation"":""No confirmed sowing-specific code""}","{""usage"":""NON_SOWING_COMMODITY"",""codes"":[]}",[],https://www.ksh.hu/docs/osztalyozasok/kn/kn2026_structure.xlsx,Hungarian Central Statistical Office,2026-10-02,"[""Taxonomy alone does not establish this hybrid/crop-use/product-form customs classification; no residual code forced.""]",REVIEW_REQUIRED; no 2021–2025 tariff concordance inferred
persian-clover,Trifolium resupinatum,persian-clover,CN_MAPPING_NOT_SPECIES_SPECIFIC,2026,"[""1209""]","[""120922""]","[""12092280""]","[""120922""]",Hierarchy only; no species/sowing proof,"{""usage"":""SOWING_SEED"",""verified_cn8"":[""12092280""],""limitation"":""Product type/use must fit the official description; not an observation-level trade-flow linkage""}","{""usage"":""NON_SOWING_COMMODITY"",""codes"":[]}","[{""cn8"":""12092280"",""description"":""Clover \""Trifolium spp.\"" seed for sowing (excl. red clover [Trifolium pratense L.])"",""worksheet_row"":1490}]",https://www.ksh.hu/docs/osztalyozasok/kn/kn2026_structure.xlsx,Hungarian Central Statistical Office,2026-10-02,[],REVIEW_REQUIRED; no 2021–2025 tariff concordance inferred
trifolium-squarrosum,Trifolium squarrosum,trifolium-squarrosum,CN_MAPPING_NOT_SPECIES_SPECIFIC,2026,"[""1209""]","[""120922""]","[""12092280""]","[""120922""]",Hierarchy only; no species/sowing proof,"{""usage"":""SOWING_SEED"",""verified_cn8"":[""12092280""],""limitation"":""Product type/use must fit the official description; not an observation-level trade-flow linkage""}","{""usage"":""NON_SOWING_COMMODITY"",""codes"":[]}","[{""cn8"":""12092280"",""description"":""Clover \""Trifolium spp.\"" seed for sowing (excl. red clover [Trifolium pratense L.])"",""worksheet_row"":1490}]",https://www.ksh.hu/docs/osztalyozasok/kn/kn2026_structure.xlsx,Hungarian Central Statistical Office,2026-10-02,[],REVIEW_REQUIRED; no 2021–2025 tariff concordance inferred
arrowleaf-clover,Trifolium vesiculosum,arrowleaf-clover,CN_MAPPING_NOT_SPECIES_SPECIFIC,2026,"[""1209""]","[""120922""]","[""12092280""]","[""120922""]",Hierarchy only; no species/sowing proof,"{""usage"":""SOWING_SEED"",""verified_cn8"":[""12092280""],""limitation"":""Product type/use must fit the official description; not an observation-level trade-flow linkage""}","{""usage"":""NON_SOWING_COMMODITY"",""codes"":[]}","[{""cn8"":""12092280"",""description"":""Clover \""Trifolium spp.\"" seed for sowing (excl. red clover [Trifolium pratense L.])"",""worksheet_row"":1490}]",https://www.ksh.hu/docs/osztalyozasok/kn/kn2026_structure.xlsx,Hungarian Central Statistical Office,2026-10-02,[],REVIEW_REQUIRED; no 2021–2025 tariff concordance inferred
golden-oatgrass,Trisetum flavescens,golden-oatgrass,CN_MAPPING_NOT_SPECIES_SPECIFIC,2026,"[""1209""]","[""120929""]","[""12092980""]","[""120929""]",Hierarchy only; no species/sowing proof,"{""usage"":""SOWING_SEED"",""verified_cn8"":[""12092980""],""limitation"":""Product type/use must fit the official description; not an observation-level trade-flow linkage""}","{""usage"":""NON_SOWING_COMMODITY"",""codes"":[]}","[{""cn8"":""12092980"",""description"":""Seeds of forage plants, for sowing (excl. cereals and fodder beet seed \""Beta vulgaris var. alba\"", sugar beet seed, lucerne seed, clover \""Trifolium spp.\"" seed, fesque seed, Kentucky blue grass \""Poa pratensis L.\"" seed, ryegrass \""Lolium multiflorum lam., Lolium perenne L.\"" seed, Timothy grass seed, vetch seed, seeds of the genus Poa palustris L and Poa trivialis L., cocksfoot grass \""Dactylis glomerata L.\"" seed, bent grass \""Agrostis\"" seed and lupine seed)"",""worksheet_row"":1500}]",https://www.ksh.hu/docs/osztalyozasok/kn/kn2026_structure.xlsx,Hungarian Central Statistical Office,2026-10-02,"[""Residual forage-plant heading supported by original official forage seed classification; product use must be confirmed. Not a species-specific tariff classification ruling.""]",REVIEW_REQUIRED; no 2021–2025 tariff concordance inferred
common-wheat,Triticum aestivum,common-wheat,CN_MAPPING_NOT_SPECIES_SPECIFIC,2026,"[""1001""]","[""100191""]","[""10019120""]","[""100191""]",Hierarchy only; no species/sowing proof,"{""usage"":""SOWING_SEED"",""verified_cn8"":[""10019120""],""limitation"":""Product type/use must fit the official description; not an observation-level trade-flow linkage""}","{""usage"":""NON_SOWING_COMMODITY"",""codes"":[]}","[{""cn8"":""10019120"",""description"":""Seed of common wheat or meslin, for sowing"",""worksheet_row"":1323}]",https://www.ksh.hu/docs/osztalyozasok/kn/kn2026_structure.xlsx,Hungarian Central Statistical Office,2026-10-02,[],REVIEW_REQUIRED; no 2021–2025 tariff concordance inferred
spelt,Triticum aestivum subsp. spelta,spelt,CN_MAPPING_CONFIRMED,2026,"[""1001""]","[""100191""]","[""10019110""]","[""100191""]",Hierarchy only; no species/sowing proof,"{""usage"":""SOWING_SEED"",""verified_cn8"":[""10019110""],""limitation"":""Product type/use must fit the official description; not an observation-level trade-flow linkage""}","{""usage"":""NON_SOWING_COMMODITY"",""codes"":[]}","[{""cn8"":""10019110"",""description"":""Spelt seed for sowing"",""worksheet_row"":1322}]",https://www.ksh.hu/docs/osztalyozasok/kn/kn2026_structure.xlsx,Hungarian Central Statistical Office,2026-10-02,[],REVIEW_REQUIRED; no 2021–2025 tariff concordance inferred
durum-wheat,Triticum turgidum subsp. durum,durum-wheat,CN_MAPPING_CONFIRMED,2026,"[""1001""]","[""100111""]","[""10011100""]","[""100111""]",Hierarchy only; no species/sowing proof,"{""usage"":""SOWING_SEED"",""verified_cn8"":[""10011100""],""limitation"":""Product type/use must fit the official description; not an observation-level trade-flow linkage""}","{""usage"":""NON_SOWING_COMMODITY"",""codes"":[""10011900""]}","[{""cn8"":""10011100"",""description"":""Durum wheat seed for sowing"",""worksheet_row"":1320},{""cn8"":""10011900"",""description"":""Durum wheat (excl. seed for sowing)"",""worksheet_row"":1321}]",https://www.ksh.hu/docs/osztalyozasok/kn/kn2026_structure.xlsx,Hungarian Central Statistical Office,2026-10-02,[],REVIEW_REQUIRED; no 2021–2025 tariff concordance inferred
purple-vetch,Vicia benghalensis,purple-vetch,CN_MAPPING_NOT_SPECIES_SPECIFIC,2026,"[""1209""]","[""120929""]","[""12092945""]","[""120929""]",Hierarchy only; no species/sowing proof,"{""usage"":""SOWING_SEED"",""verified_cn8"":[""12092945""],""limitation"":""Product type/use must fit the official description; not an observation-level trade-flow linkage""}","{""usage"":""NON_SOWING_COMMODITY"",""codes"":[]}","[{""cn8"":""12092945"",""description"":""Timothy grass seed, vetch seed, seeds of the genus Poa palustris L. and Poa trivialis L., seeds of cocksfoot grass \""Dactylis glomerata L.\"", and seeds of bent grass \""Agrostis\"", for sowing"",""worksheet_row"":1497}]",https://www.ksh.hu/docs/osztalyozasok/kn/kn2026_structure.xlsx,Hungarian Central Statistical Office,2026-10-02,[],REVIEW_REQUIRED; no 2021–2025 tariff concordance inferred
bitter-vetch,Vicia ervilia,bitter-vetch,CN_MAPPING_NOT_SPECIES_SPECIFIC,2026,"[""1209""]","[""120929""]","[""12092945""]","[""120929""]",Hierarchy only; no species/sowing proof,"{""usage"":""SOWING_SEED"",""verified_cn8"":[""12092945""],""limitation"":""Product type/use must fit the official description; not an observation-level trade-flow linkage""}","{""usage"":""NON_SOWING_COMMODITY"",""codes"":[]}","[{""cn8"":""12092945"",""description"":""Timothy grass seed, vetch seed, seeds of the genus Poa palustris L. and Poa trivialis L., seeds of cocksfoot grass \""Dactylis glomerata L.\"", and seeds of bent grass \""Agrostis\"", for sowing"",""worksheet_row"":1497}]",https://www.ksh.hu/docs/osztalyozasok/kn/kn2026_structure.xlsx,Hungarian Central Statistical Office,2026-10-02,[],REVIEW_REQUIRED; no 2021–2025 tariff concordance inferred
hungarian-vetch,Vicia pannonica,hungarian-vetch,CN_MAPPING_NOT_SPECIES_SPECIFIC,2026,"[""1209""]","[""120929""]","[""12092945""]","[""120929""]",Hierarchy only; no species/sowing proof,"{""usage"":""SOWING_SEED"",""verified_cn8"":[""12092945""],""limitation"":""Product type/use must fit the official description; not an observation-level trade-flow linkage""}","{""usage"":""NON_SOWING_COMMODITY"",""codes"":[]}","[{""cn8"":""12092945"",""description"":""Timothy grass seed, vetch seed, seeds of the genus Poa palustris L. and Poa trivialis L., seeds of cocksfoot grass \""Dactylis glomerata L.\"", and seeds of bent grass \""Agrostis\"", for sowing"",""worksheet_row"":1497}]",https://www.ksh.hu/docs/osztalyozasok/kn/kn2026_structure.xlsx,Hungarian Central Statistical Office,2026-10-02,[],REVIEW_REQUIRED; no 2021–2025 tariff concordance inferred
festulolium-group,× Festulolium,festulolium-group,CN_MAPPING_REVIEW_REQUIRED,2026,[],[],[],[],Hierarchy only; no species/sowing proof,"{""usage"":""SOWING_SEED"",""verified_cn8"":[],""limitation"":""No confirmed sowing-specific code""}","{""usage"":""NON_SOWING_COMMODITY"",""codes"":[]}",[],https://www.ksh.hu/docs/osztalyozasok/kn/kn2026_structure.xlsx,Hungarian Central Statistical Office,2026-10-02,"[""Taxonomy alone does not establish this hybrid/crop-use/product-form customs classification; no residual code forced.""]",REVIEW_REQUIRED; no 2021–2025 tariff concordance inferred
triticale-group,× Triticosecale,triticale-group,CN_MAPPING_PARTIAL,2026,"[""1008""]","[""100860""]","[""10086000""]","[""100860""]",Hierarchy only; no species/sowing proof,"{""usage"":""SOWING_SEED"",""verified_cn8"":[],""limitation"":""No confirmed sowing-specific code""}","{""usage"":""NON_SOWING_COMMODITY"",""codes"":[]}","[{""cn8"":""10086000"",""description"":""Triticale"",""worksheet_row"":1383}]",https://www.ksh.hu/docs/osztalyozasok/kn/kn2026_structure.xlsx,Hungarian Central Statistical Office,2026-10-02,"[""Named product heading does not distinguish sowing from other uses; mixed-use codes never appear as verified sowing or non-sowing codes.""]",REVIEW_REQUIRED; no 2021–2025 tariff concordance inferred
white-mustard,Sinapis alba,white-mustard,CN_MAPPING_NOT_SPECIES_SPECIFIC,2026,"[""1207""]","[""120750""]","[""12075010""]","[""120750""]",Six-digit hierarchy only; not proof of species-specific or sowing-specific classification,"{""usage"":""SOWING_SEED"",""verified_cn8"":[""12075010""],""limitation"":""GROUP_SCOPE_ONLY""}","{""usage"":""NON_SOWING_COMMODITY"",""codes"":[],""recovered_note"":""Mustard for oil/food may share heading"",""note_semantics"":""Historical non_sowing field often describes grouped classification, not an actual commodity code""}","[{""cn8"":""12075010"",""description"":""Mustard seeds for sowing"",""worksheet_row"":1476}]",https://www.ksh.hu/docs/osztalyozasok/kn/kn2026_structure.xlsx,Hungarian Central Statistical Office,2026-10-02,"[""Identity membership only; broad customs category never allocated to this species""]",REVIEW_REQUIRED; no 2021–2025 concordance inferred
brown-mustard,Brassica juncea,brown-mustard,CN_MAPPING_NOT_SPECIES_SPECIFIC,2026,"[""1207""]","[""120750""]","[""12075010""]","[""120750""]",Six-digit hierarchy only; not proof of species-specific or sowing-specific classification,"{""usage"":""SOWING_SEED"",""verified_cn8"":[""12075010""],""limitation"":""GROUP_SCOPE_ONLY""}","{""usage"":""NON_SOWING_COMMODITY"",""codes"":[],""recovered_note"":""Mustard for oil/food may share heading"",""note_semantics"":""Historical non_sowing field often describes grouped classification, not an actual commodity code""}","[{""cn8"":""12075010"",""description"":""Mustard seeds for sowing"",""worksheet_row"":1476}]",https://www.ksh.hu/docs/osztalyozasok/kn/kn2026_structure.xlsx,Hungarian Central Statistical Office,2026-10-02,"[""Identity membership only; broad customs category never allocated to this species""]",REVIEW_REQUIRED; no 2021–2025 concordance inferred
black-mustard,Brassica nigra,black-mustard,CN_MAPPING_NOT_SPECIES_SPECIFIC,2026,"[""1207""]","[""120750""]","[""12075010""]","[""120750""]",Six-digit hierarchy only; not proof of species-specific or sowing-specific classification,"{""usage"":""SOWING_SEED"",""verified_cn8"":[""12075010""],""limitation"":""GROUP_SCOPE_ONLY""}","{""usage"":""NON_SOWING_COMMODITY"",""codes"":[],""recovered_note"":""Mustard for oil/food may share heading"",""note_semantics"":""Historical non_sowing field often describes grouped classification, not an actual commodity code""}","[{""cn8"":""12075010"",""description"":""Mustard seeds for sowing"",""worksheet_row"":1476}]",https://www.ksh.hu/docs/osztalyozasok/kn/kn2026_structure.xlsx,Hungarian Central Statistical Office,2026-10-02,"[""Identity membership only; broad customs category never allocated to this species""]",REVIEW_REQUIRED; no 2021–2025 concordance inferred
ethiopian-mustard,Brassica carinata,ethiopian-mustard,CN_MAPPING_NOT_AVAILABLE,,[],[],[],[],,"{""usage"":""SOWING_SEED"",""verified_cn8"":[]}","{""usage"":""NON_SOWING_COMMODITY"",""codes"":[]}",,null,,,"[""No species-specific CN mapping invented""]",
narrow-leaved-lupin,Lupinus angustifolius,narrow-leaved-lupin,CN_MAPPING_NOT_SPECIES_SPECIFIC,2026,"[""1209""]","[""120929""]","[""12092950""]","[""120929""]",Six-digit hierarchy only; not proof of species-specific or sowing-specific classification,"{""usage"":""SOWING_SEED"",""verified_cn8"":[""12092950""],""limitation"":""GROUP_SCOPE_ONLY""}","{""usage"":""NON_SOWING_COMMODITY"",""codes"":[],""recovered_note"":""Other forage seed may be grouped"",""note_semantics"":""Historical non_sowing field often describes grouped classification, not an actual commodity code""}","[{""cn8"":""12092950"",""description"":""Lupine seed for sowing"",""worksheet_row"":1498}]",https://www.ksh.hu/docs/osztalyozasok/kn/kn2026_structure.xlsx,Hungarian Central Statistical Office,2026-10-02,"[""Identity membership only; broad customs category never allocated to this species""]",REVIEW_REQUIRED; no 2021–2025 concordance inferred
yellow-lupin,Lupinus luteus,yellow-lupin,CN_MAPPING_NOT_SPECIES_SPECIFIC,2026,"[""1209""]","[""120929""]","[""12092950""]","[""120929""]",Six-digit hierarchy only; not proof of species-specific or sowing-specific classification,"{""usage"":""SOWING_SEED"",""verified_cn8"":[""12092950""],""limitation"":""GROUP_SCOPE_ONLY""}","{""usage"":""NON_SOWING_COMMODITY"",""codes"":[],""recovered_note"":""Other forage seed may be grouped"",""note_semantics"":""Historical non_sowing field often describes grouped classification, not an actual commodity code""}","[{""cn8"":""12092950"",""description"":""Lupine seed for sowing"",""worksheet_row"":1498}]",https://www.ksh.hu/docs/osztalyozasok/kn/kn2026_structure.xlsx,Hungarian Central Statistical Office,2026-10-02,"[""Identity membership only; broad customs category never allocated to this species""]",REVIEW_REQUIRED; no 2021–2025 concordance inferred
white-lupin,Lupinus albus,white-lupin,CN_MAPPING_NOT_SPECIES_SPECIFIC,2026,"[""1209""]","[""120929""]","[""12092950""]","[""120929""]",Six-digit hierarchy only; not proof of species-specific or sowing-specific classification,"{""usage"":""SOWING_SEED"",""verified_cn8"":[""12092950""],""limitation"":""GROUP_SCOPE_ONLY""}","{""usage"":""NON_SOWING_COMMODITY"",""codes"":[],""recovered_note"":""Other forage seed may be grouped"",""note_semantics"":""Historical non_sowing field often describes grouped classification, not an actual commodity code""}","[{""cn8"":""12092950"",""description"":""Lupine seed for sowing"",""worksheet_row"":1498}]",https://www.ksh.hu/docs/osztalyozasok/kn/kn2026_structure.xlsx,Hungarian Central Statistical Office,2026-10-02,"[""Identity membership only; broad customs category never allocated to this species""]",REVIEW_REQUIRED; no 2021–2025 concordance inferred
subterranean-clover,Trifolium subterraneum,subterranean-clover,CN_MAPPING_NOT_AVAILABLE,,[],[],[],[],,"{""usage"":""SOWING_SEED"",""verified_cn8"":[]}","{""usage"":""NON_SOWING_COMMODITY"",""codes"":[]}",,null,,,"[""No species-specific CN mapping invented""]",
fenugreek,Trigonella foenum-graecum,fenugreek,CN_MAPPING_NOT_AVAILABLE,,[],[],[],[],,"{""usage"":""SOWING_SEED"",""verified_cn8"":[]}","{""usage"":""NON_SOWING_COMMODITY"",""codes"":[]}",,null,,,"[""No species-specific CN mapping invented""]",
borage,Borago officinalis,borage,CN_MAPPING_NOT_AVAILABLE,,[],[],[],[],,"{""usage"":""SOWING_SEED"",""verified_cn8"":[]}","{""usage"":""NON_SOWING_COMMODITY"",""codes"":[]}",,null,,,"[""No species-specific CN mapping invented""]",
dill,Anethum graveolens,dill,CN_MAPPING_NOT_AVAILABLE,,[],[],[],[],,"{""usage"":""SOWING_SEED"",""verified_cn8"":[]}","{""usage"":""NON_SOWING_COMMODITY"",""codes"":[]}",,null,,,"[""No species-specific CN mapping invented""]",
garden-cress,Lepidium sativum,garden-cress,CN_MAPPING_NOT_AVAILABLE,,[],[],[],[],,"{""usage"":""SOWING_SEED"",""verified_cn8"":[]}","{""usage"":""NON_SOWING_COMMODITY"",""codes"":[]}",,null,,,"[""No species-specific CN mapping invented""]",
sunn-hemp,Crotalaria juncea,sunn-hemp,CN_MAPPING_NOT_AVAILABLE,,[],[],[],[],,"{""usage"":""SOWING_SEED"",""verified_cn8"":[]}","{""usage"":""NON_SOWING_COMMODITY"",""codes"":[]}",,null,,,"[""No species-specific CN mapping invented""]",
coriander,Coriandrum sativum,coriander,CN_MAPPING_NOT_AVAILABLE,,[],[],[],[],,"{""usage"":""SOWING_SEED"",""verified_cn8"":[]}","{""usage"":""NON_SOWING_COMMODITY"",""codes"":[]}",,null,,,"[""No species-specific CN mapping invented""]",
niger,Guizotia abyssinica,niger,CN_MAPPING_NOT_AVAILABLE,,[],[],[],[],,"{""usage"":""SOWING_SEED"",""verified_cn8"":[]}","{""usage"":""NON_SOWING_COMMODITY"",""codes"":[]}",,null,,,"[""No species-specific CN mapping invented""]",
sudan-grass,Sorghum sudanense,sudan-grass,CN_MAPPING_NOT_AVAILABLE,,[],[],[],[],,"{""usage"":""SOWING_SEED"",""verified_cn8"":[]}","{""usage"":""NON_SOWING_COMMODITY"",""codes"":[]}",,null,,,"[""No species-specific CN mapping invented""]",
sorghum-sudan-hybrid-group,Sorghum bicolor × Sorghum sudanense,sorghum-sudan-hybrid-group,CN_MAPPING_NOT_AVAILABLE,,[],[],[],[],,"{""usage"":""SOWING_SEED"",""verified_cn8"":[]}","{""usage"":""NON_SOWING_COMMODITY"",""codes"":[]}",,null,,,"[""No species-specific CN mapping invented""]",
tall-fescue,Festuca arundinacea,tall-fescue,CN_MAPPING_NOT_AVAILABLE,,[],[],[],[],,"{""usage"":""SOWING_SEED"",""verified_cn8"":[]}","{""usage"":""NON_SOWING_COMMODITY"",""codes"":[]}",,null,,,"[""No species-specific CN mapping invented""]",
white-sweetclover,Melilotus albus,white-sweetclover,CN_MAPPING_NOT_AVAILABLE,,[],[],[],[],,"{""usage"":""SOWING_SEED"",""verified_cn8"":[]}","{""usage"":""NON_SOWING_COMMODITY"",""codes"":[]}",,null,,,"[""No species-specific CN mapping invented""]",
yellow-sweetclover,Melilotus officinalis,yellow-sweetclover,CN_MAPPING_NOT_AVAILABLE,,[],[],[],[],,"{""usage"":""SOWING_SEED"",""verified_cn8"":[]}","{""usage"":""NON_SOWING_COMMODITY"",""codes"":[]}",,null,,,"[""No species-specific CN mapping invented""]",
quinoa,Chenopodium quinoa,quinoa,CN_MAPPING_NOT_AVAILABLE,,[],[],[],[],,"{""usage"":""SOWING_SEED"",""verified_cn8"":[]}","{""usage"":""NON_SOWING_COMMODITY"",""codes"":[]}",,null,,,"[""No species-specific CN mapping invented""]",
onion,Allium cepa,onion,CN_MAPPING_NOT_AVAILABLE,,[],[],[],[],,"{""usage"":""SOWING_SEED"",""verified_cn8"":[]}","{""usage"":""NON_SOWING_COMMODITY"",""codes"":[]}",,null,,,"[""No species-specific CN mapping invented""]",
bunching-onion,Allium fistulosum,bunching-onion,CN_MAPPING_NOT_AVAILABLE,,[],[],[],[],,"{""usage"":""SOWING_SEED"",""verified_cn8"":[]}","{""usage"":""NON_SOWING_COMMODITY"",""codes"":[]}",,null,,,"[""No species-specific CN mapping invented""]",
leek,Allium porrum,leek,CN_MAPPING_NOT_AVAILABLE,,[],[],[],[],,"{""usage"":""SOWING_SEED"",""verified_cn8"":[]}","{""usage"":""NON_SOWING_COMMODITY"",""codes"":[]}",,null,,,"[""No species-specific CN mapping invented""]",
garlic,Allium sativum,garlic,CN_MAPPING_NOT_AVAILABLE,,[],[],[],[],,"{""usage"":""SOWING_SEED"",""verified_cn8"":[]}","{""usage"":""NON_SOWING_COMMODITY"",""codes"":[]}",,null,,,"[""No species-specific CN mapping invented""]",
chives,Allium schoenoprasum,chives,CN_MAPPING_NOT_AVAILABLE,,[],[],[],[],,"{""usage"":""SOWING_SEED"",""verified_cn8"":[]}","{""usage"":""NON_SOWING_COMMODITY"",""codes"":[]}",,null,,,"[""No species-specific CN mapping invented""]",
chervil,Anthriscus cerefolium,chervil,CN_MAPPING_NOT_AVAILABLE,,[],[],[],[],,"{""usage"":""SOWING_SEED"",""verified_cn8"":[]}","{""usage"":""NON_SOWING_COMMODITY"",""codes"":[]}",,null,,,"[""No species-specific CN mapping invented""]",
celery,Apium graveolens,celery,CN_MAPPING_NOT_AVAILABLE,,[],[],[],[],,"{""usage"":""SOWING_SEED"",""verified_cn8"":[]}","{""usage"":""NON_SOWING_COMMODITY"",""codes"":[]}",,null,,,"[""No species-specific CN mapping invented""]",
asparagus,Asparagus officinalis,asparagus,CN_MAPPING_NOT_AVAILABLE,,[],[],[],[],,"{""usage"":""SOWING_SEED"",""verified_cn8"":[]}","{""usage"":""NON_SOWING_COMMODITY"",""codes"":[]}",,null,,,"[""No species-specific CN mapping invented""]",
cabbage,Brassica oleracea,cabbage,CN_MAPPING_NOT_AVAILABLE,,[],[],[],[],,"{""usage"":""SOWING_SEED"",""verified_cn8"":[]}","{""usage"":""NON_SOWING_COMMODITY"",""codes"":[]}",,null,,,"[""No species-specific CN mapping invented""]",
endive,Cichorium endivia,endive,CN_MAPPING_NOT_AVAILABLE,,[],[],[],[],,"{""usage"":""SOWING_SEED"",""verified_cn8"":[]}","{""usage"":""NON_SOWING_COMMODITY"",""codes"":[]}",,null,,,"[""No species-specific CN mapping invented""]",
chicory,Cichorium intybus,chicory,CN_MAPPING_NOT_AVAILABLE,,[],[],[],[],,"{""usage"":""SOWING_SEED"",""verified_cn8"":[]}","{""usage"":""NON_SOWING_COMMODITY"",""codes"":[]}",,null,,,"[""No species-specific CN mapping invented""]",
watermelon,Citrullus lanatus,watermelon,CN_MAPPING_NOT_AVAILABLE,,[],[],[],[],,"{""usage"":""SOWING_SEED"",""verified_cn8"":[]}","{""usage"":""NON_SOWING_COMMODITY"",""codes"":[]}",,null,,,"[""No species-specific CN mapping invented""]",
melon,Cucumis melo,melon,CN_MAPPING_NOT_AVAILABLE,,[],[],[],[],,"{""usage"":""SOWING_SEED"",""verified_cn8"":[]}","{""usage"":""NON_SOWING_COMMODITY"",""codes"":[]}",,null,,,"[""No species-specific CN mapping invented""]",
cucumber,Cucumis sativus,cucumber,CN_MAPPING_NOT_AVAILABLE,,[],[],[],[],,"{""usage"":""SOWING_SEED"",""verified_cn8"":[]}","{""usage"":""NON_SOWING_COMMODITY"",""codes"":[]}",,null,,,"[""No species-specific CN mapping invented""]",
winter-squash,Cucurbita maxima,winter-squash,CN_MAPPING_NOT_AVAILABLE,,[],[],[],[],,"{""usage"":""SOWING_SEED"",""verified_cn8"":[]}","{""usage"":""NON_SOWING_COMMODITY"",""codes"":[]}",,null,,,"[""No species-specific CN mapping invented""]",
courgette,Cucurbita pepo,courgette,CN_MAPPING_NOT_AVAILABLE,,[],[],[],[],,"{""usage"":""SOWING_SEED"",""verified_cn8"":[]}","{""usage"":""NON_SOWING_COMMODITY"",""codes"":[]}",,null,,,"[""No species-specific CN mapping invented""]",
artichoke,Cynara cardunculus,artichoke,CN_MAPPING_NOT_AVAILABLE,,[],[],[],[],,"{""usage"":""SOWING_SEED"",""verified_cn8"":[]}","{""usage"":""NON_SOWING_COMMODITY"",""codes"":[]}",,null,,,"[""No species-specific CN mapping invented""]",
carrot,Daucus carota,carrot,CN_MAPPING_NOT_AVAILABLE,,[],[],[],[],,"{""usage"":""SOWING_SEED"",""verified_cn8"":[]}","{""usage"":""NON_SOWING_COMMODITY"",""codes"":[]}",,null,,,"[""No species-specific CN mapping invented""]",
fennel,Foeniculum vulgare,fennel,CN_MAPPING_NOT_AVAILABLE,,[],[],[],[],,"{""usage"":""SOWING_SEED"",""verified_cn8"":[]}","{""usage"":""NON_SOWING_COMMODITY"",""codes"":[]}",,null,,,"[""No species-specific CN mapping invented""]",
lettuce,Lactuca sativa,lettuce,CN_MAPPING_NOT_AVAILABLE,,[],[],[],[],,"{""usage"":""SOWING_SEED"",""verified_cn8"":[]}","{""usage"":""NON_SOWING_COMMODITY"",""codes"":[]}",,null,,,"[""No species-specific CN mapping invented""]",
tomato,Solanum lycopersicum,tomato,CN_MAPPING_NOT_AVAILABLE,,[],[],[],[],,"{""usage"":""SOWING_SEED"",""verified_cn8"":[]}","{""usage"":""NON_SOWING_COMMODITY"",""codes"":[]}",,null,,,"[""No species-specific CN mapping invented""]",
parsley,Petroselinum crispum,parsley,CN_MAPPING_NOT_AVAILABLE,,[],[],[],[],,"{""usage"":""SOWING_SEED"",""verified_cn8"":[]}","{""usage"":""NON_SOWING_COMMODITY"",""codes"":[]}",,null,,,"[""No species-specific CN mapping invented""]",
runner-bean,Phaseolus coccineus,runner-bean,CN_MAPPING_NOT_AVAILABLE,,[],[],[],[],,"{""usage"":""SOWING_SEED"",""verified_cn8"":[]}","{""usage"":""NON_SOWING_COMMODITY"",""codes"":[]}",,null,,,"[""No species-specific CN mapping invented""]",
rhubarb,Rheum rhabarbarum,rhubarb,CN_MAPPING_NOT_AVAILABLE,,[],[],[],[],,"{""usage"":""SOWING_SEED"",""verified_cn8"":[]}","{""usage"":""NON_SOWING_COMMODITY"",""codes"":[]}",,null,,,"[""No species-specific CN mapping invented""]",
black-salsify,Scorzonera hispanica,black-salsify,CN_MAPPING_NOT_AVAILABLE,,[],[],[],[],,"{""usage"":""SOWING_SEED"",""verified_cn8"":[]}","{""usage"":""NON_SOWING_COMMODITY"",""codes"":[]}",,null,,,"[""No species-specific CN mapping invented""]",
aubergine,Solanum melongena,aubergine,CN_MAPPING_NOT_AVAILABLE,,[],[],[],[],,"{""usage"":""SOWING_SEED"",""verified_cn8"":[]}","{""usage"":""NON_SOWING_COMMODITY"",""codes"":[]}",,null,,,"[""No species-specific CN mapping invented""]",
spinach,Spinacia oleracea,spinach,CN_MAPPING_NOT_AVAILABLE,,[],[],[],[],,"{""usage"":""SOWING_SEED"",""verified_cn8"":[]}","{""usage"":""NON_SOWING_COMMODITY"",""codes"":[]}",,null,,,"[""No species-specific CN mapping invented""]",
lambs-lettuce,Valerianella locusta,lambs-lettuce,CN_MAPPING_NOT_AVAILABLE,,[],[],[],[],,"{""usage"":""SOWING_SEED"",""verified_cn8"":[]}","{""usage"":""NON_SOWING_COMMODITY"",""codes"":[]}",,null,,,"[""No species-specific CN mapping invented""]",
cultivated-radish,Raphanus raphanistrum subsp. sativus,cultivated-radish,CN_MAPPING_NOT_AVAILABLE,,[],[],[],[],,"{""usage"":""SOWING_SEED"",""verified_cn8"":[]}","{""usage"":""NON_SOWING_COMMODITY"",""codes"":[]}",,null,,,"[""No species-specific CN mapping invented""]",
