id,botanical_name,entity_id,observation_ids,status,aggregate_allocation
alfalfa,Medicago sativa,alfalfa,"[""O00057"",""O00058"",""O00222"",""O00223"",""O00224"",""O00225"",""O00226"",""O00349"",""O00711"",""O00712"",""O00713"",""O00714"",""V05N0001"",""V05N0002"",""V05N0009"",""V2O00463"",""V2O00464"",""V2O00551"",""V2O00552"",""V2O00629"",""V2O00630"",""V2O00709"",""V2O00710"",""V2O00791"",""V2O00792"",""V2O00851"",""V2O00909"",""V2O00987"",""V2O01055""]",DIRECT_ENTITY_ID,NONE
field-pea,Pisum sativum,field-pea,"[""O00069"",""O00070"",""O00071"",""O00072"",""O00073"",""O00074"",""O00075"",""O00076"",""O00242"",""O00243"",""O00244"",""O00245"",""O00246"",""O00480"",""O00481"",""O00482"",""O00483"",""O00484"",""O00485"",""O00486"",""O00487"",""O00731"",""O00732"",""O00733"",""O00734"",""V2O00423"",""V2O00424"",""V2O00425"",""V2O00426"",""V2O00427"",""V2O00428"",""V2O00507"",""V2O00508"",""V2O00509"",""V2O00510"",""V2O00511"",""V2O00512"",""V2O00591"",""V2O00592"",""V2O00593"",""V2O00594"",""V2O00595"",""V2O00596"",""V2O00675"",""V2O00676"",""V2O00751"",""V2O00752"",""V2O00878"",""V2O00955"",""V2O01027""]",DIRECT_ENTITY_ID,NONE
flax,Linum usitatissimum,flax,"[""O00045"",""O00046"",""O00123"",""O00204"",""O00205"",""O00206"",""O00207"",""O00208"",""O00326"",""O00348"",""O00359"",""O00412"",""O00413"",""O00414"",""O00415"",""O00691"",""O00692"",""O00693"",""O00694"",""V2O00475"",""V2O00476"",""V2O00561"",""V2O00562"",""V2O00641"",""V2O00642"",""V2O00719"",""V2O00720"",""V2O00887"",""V2O00888"",""V2O00964"",""V2O00965"",""V2O01037"",""V2O01074"",""V2O01075""]",DIRECT_ENTITY_ID,NONE
italian-ryegrass,Lolium multiflorum,italian-ryegrass,"[""O00051"",""O00052"",""O00209"",""O00210"",""O00211"",""O00212"",""O00213"",""O00416"",""O00417"",""O00418"",""O00419"",""O00420"",""O00421"",""O00422"",""O00423"",""O00424"",""O00425"",""O00697"",""O00700"",""V2O00223"",""V2O00224"",""V2O00225"",""V2O00328"",""V2O00329"",""V2O00330"",""V2O00331"",""V2O00332"",""V2O00333"",""V2O00435"",""V2O00436"",""V2O00519"",""V2O00520"",""V2O00601"",""V2O00602"",""V2O00683"",""V2O00684"",""V2O00913"",""V2O00991"",""V2O01059""]",DIRECT_ENTITY_ID,NONE
kentucky-bluegrass,Poa pratensis,kentucky-bluegrass,"[""V2O00531"",""V2O00532"",""V2O00611"",""V2O00612"",""V2O00921"",""V2O00999"",""V2O01067""]",DIRECT_ENTITY_ID,NONE
lupins,Lupinus spp.,lupins,"[""O00217"",""O00218"",""O00219"",""O00220"",""O00221"",""O00426"",""O00427"",""O00428"",""O00429"",""O00430"",""O00431"",""O00432"",""O00433"",""O00434"",""O00435"",""O00436"",""O00437"",""O00438"",""O00439"",""O00440"",""O00441"",""O00442"",""O00443"",""O00444"",""O00445"",""O00709"",""O00710"",""V2O00226"",""V2O00227"",""V2O00228"",""V2O00431"",""V2O00432"",""V2O00515"",""V2O00516"",""V2O00679"",""V2O00680"",""V2O00755"",""V2O00756"",""V2O00879"",""V2O00880"",""V2O00956"",""V2O00957"",""V2O01028"",""V2O01029""]",DIRECT_ENTITY_ID,NONE
meadow-fescue,Festuca pratensis,meadow-fescue,"[""O00033"",""O00034"",""V2O00445"",""V2O00446"",""V2O00529"",""V2O00530"",""V2O00609"",""V2O00610"",""V2O00691"",""V2O00692"",""V2O00773"",""V2O00774"",""V2O00918"",""V2O00996"",""V2O01064""]",DIRECT_ENTITY_ID,NONE
mustard-seed,null,mustard-seed,"[""O00083"",""O00084"",""O00252"",""O00253"",""O00254"",""O00255"",""O00342"",""O00351"",""O00494"",""O00495"",""O00739"",""O00740"",""O00741"",""O00742"",""V2O00389"",""V2O00390"",""V2O00469"",""V2O00470"",""V2O00471"",""V2O00472"",""V2O00557"",""V2O00558"",""V2O00635"",""V2O00636"",""V2O00715"",""V2O00716"",""V2O00884"",""V2O00885"",""V2O00961"",""V2O00962"",""V2O01033"",""V2O01034""]",DIRECT_ENTITY_ID,NONE
perennial-ryegrass,Lolium perenne,perennial-ryegrass,"[""O00053"",""O00054"",""O00214"",""O00215"",""O00216"",""O00701"",""O00702"",""O00703"",""O00704"",""V2O00437"",""V2O00438"",""V2O00521"",""V2O00522"",""V2O00603"",""V2O00604"",""V2O00685"",""V2O00686"",""V2O00765"",""V2O00766"",""V2O00915"",""V2O00993"",""V2O01061""]",DIRECT_ENTITY_ID,NONE
red-clover,Trifolium pratense,red-clover,"[""O00087"",""O00088"",""O00269"",""O00353"",""O00354"",""O00355"",""O00356"",""O00357"",""O00755"",""O00756"",""O00757"",""O00758"",""V2O00235"",""V2O00236"",""V2O00237"",""V2O00340"",""V2O00341"",""V2O00342"",""V2O00461"",""V2O00462"",""V2O00547"",""V2O00548"",""V2O00625"",""V2O00626"",""V2O00707"",""V2O00708"",""V2O00789"",""V2O00790"",""V2O00850"",""V2O00856"",""V2O00901"",""V2O00978"",""V2O01048""]",DIRECT_ENTITY_ID,NONE
red-fescue,Festuca rubra,red-fescue,"[""O00180"",""O00181"",""O00675"",""O00676"",""V2O00449"",""V2O00450"",""V2O00535"",""V2O00536"",""V2O00615"",""V2O00616"",""V2O00695"",""V2O00696"",""V2O00777"",""V2O00778"",""V2O00917"",""V2O00995"",""V2O01063""]",DIRECT_ENTITY_ID,NONE
common-vetch,Vicia sativa,common-vetch,"[""O00111"",""O00112"",""O00301"",""O00302"",""O00303"",""O00304"",""O00305"",""O00612"",""O00613"",""O00614"",""O00615"",""O00616"",""O00617"",""O00618"",""O00619"",""O00779"",""O00780"",""O00781"",""O00782"",""O00783"",""O00784"",""V2O00421"",""V2O00422"",""V2O00505"",""V2O00506"",""V2O00589"",""V2O00590"",""V2O00673"",""V2O00674"",""V2O00749"",""V2O00750"",""V2O00883"",""V2O00960"",""V2O01032""]",DIRECT_ENTITY_ID,NONE
winter-vetch,Vicia villosa Roth,winter-vetch,"[""O00113"",""O00114"",""O00306"",""O00307"",""O00308"",""O00309"",""O00310"",""O00620"",""O00621"",""O00622"",""O00623"",""O00624"",""O00625"",""O00626"",""O00627"",""O00628"",""O00629"",""O00785"",""O00786"",""O00787"",""O00788"",""V2O00429"",""V2O00430"",""V2O00513"",""V2O00514"",""V2O00597"",""V2O00598"",""V2O00677"",""V2O00678"",""V2O00753"",""V2O00754"",""V2O00881"",""V2O00958""]",DIRECT_ENTITY_ID,NONE
caraway,Carum carvi,caraway,"[""O00023"",""O00024"",""O00346"",""V2O00391"",""V2O00392"",""V2O00886"",""V2O00963"",""V2O01036""]",DIRECT_ENTITY_ID,NONE
winter-wheat,Triticum aestivum,winter-wheat,"[""O00094"",""O00096"",""O00765"",""O00766"",""O00769"",""O00770"",""V2O00409"",""V2O00410"",""V2O00493"",""V2O00494"",""V2O00579"",""V2O00580"",""V2O00655"",""V2O00656"",""V2O00733"",""V2O00734"",""V2O00797"",""V2O00807"",""V2O00816"",""V2O00827"",""V2O00839"",""V2O00866"",""V2O00942"",""V2O01016""]",DIRECT_ENTITY_ID,NONE
potato,Solanum tuberosum,potato,"[""O00085"",""O00086"",""O00126"",""O00128"",""O00257"",""O00258"",""O00259"",""O00260"",""O00261"",""O00327"",""O00360"",""O00361"",""V2O00259"",""V2O00260"",""V2O00261"",""V2O00262"",""V2O00263"",""V2O00264"",""V2O00265"",""V2O00266"",""V2O00267"",""V2O00268"",""V2O00269"",""V2O00270"",""V2O00271"",""V2O00272"",""V2O00273"",""V2O00367"",""V2O00368"",""V2O00369"",""V2O00370"",""V2O00371"",""V2O00372"",""V2O00373"",""V2O00374"",""V2O00375"",""V2O00376"",""V2O00377"",""V2O00378"",""V2O00379"",""V2O00380"",""V2O00381"",""V2O00382"",""V2O00383"",""V2O00384"",""V2O00397"",""V2O00398"",""V2O00477"",""V2O00478"",""V2O00563"",""V2O00564"",""V2O00643"",""V2O00644"",""V2O00721"",""V2O00722"",""V2O01076""]",DIRECT_ENTITY_ID,NONE
maize,Zea mays,maize,"[""O00115"",""O00116"",""O00117"",""O00118"",""O00311"",""O00312"",""O00313"",""O00314"",""O00315"",""O00330"",""O00336"",""O00341"",""O00630"",""O00631"",""O00641"",""O00789"",""O00790"",""O00791"",""O00792"",""V2O00220"",""V2O00221"",""V2O00222"",""V2O00325"",""V2O00326"",""V2O00327""]",DIRECT_ENTITY_ID,NONE
white-clover,Trifolium repens,white-clover,"[""O00358"",""V2O00453"",""V2O00454"",""V2O00539"",""V2O00540"",""V2O00619"",""V2O00620"",""V2O00699"",""V2O00700"",""V2O00781"",""V2O00782"",""V2O00847"",""V2O00853"",""V2O00981""]",DIRECT_ENTITY_ID,NONE
crimson-clover,Trifolium incarnatum,crimson-clover,"[""O00352"",""O00524"",""O00525"",""O00526"",""O00527"",""O00528"",""O00529"",""O00530"",""O00531"",""O00751"",""O00752"",""O00753"",""O00754"",""V2O00229"",""V2O00230"",""V2O00231"",""V2O00232"",""V2O00233"",""V2O00234"",""V2O00334"",""V2O00335"",""V2O00336"",""V2O00337"",""V2O00338"",""V2O00339"",""V2O00459"",""V2O00460"",""V2O00545"",""V2O00546"",""V2O00703"",""V2O00704"",""V2O00785"",""V2O00786"",""V2O00903"",""V2O00980""]",DIRECT_ENTITY_ID,NONE
alsike-clover,Trifolium hybridum,alsike-clover,"[""V2O00455"",""V2O00456"",""V2O00541"",""V2O00542"",""V2O00621"",""V2O00622"",""V2O00701"",""V2O00702"",""V2O00783"",""V2O00784"",""V2O00848"",""V2O00854"",""V2O00982""]",DIRECT_ENTITY_ID,NONE
faba-bean,Vicia faba,faba-bean,"[""O00105"",""O00106"",""O00107"",""O00108"",""O00293"",""O00294"",""O00295"",""O00296"",""O00297"",""O00604"",""O00605"",""O00606"",""O00607"",""O00608"",""O00609"",""O00610"",""O00611"",""O00771"",""O00772"",""O00773"",""O00774"",""V2O00419"",""V2O00420"",""V2O00503"",""V2O00504"",""V2O00587"",""V2O00588"",""V2O00671"",""V2O00672"",""V2O00747"",""V2O00748""]",DIRECT_ENTITY_ID,NONE
soybean,Glycine max,soybean,"[""O00035"",""O00036"",""O00182"",""O00183"",""O00184"",""O00185"",""O00186"",""O00323"",""O00332"",""O00333"",""O00339"",""O00677"",""O00678"",""O00679"",""O00680"",""V2O00892"",""V2O00970"",""V2O01042""]",DIRECT_ENTITY_ID,NONE
phacelia,Phacelia tanacetifolia,phacelia,"[""O00065"",""O00066"",""O00723"",""O00724"",""O00725"",""O00726"",""V2O00387"",""V2O00388"",""V2O00467"",""V2O00468"",""V2O00555"",""V2O00556"",""V2O00633"",""V2O00634"",""V2O00713"",""V2O00714"",""V2O00896"",""V2O00974"",""V2O01044""]",DIRECT_ENTITY_ID,NONE
buckwheat,Fagopyrum esculentum,buckwheat,"[""O00031"",""O00032"",""O00347"",""O00667"",""O00668"",""O00669"",""O00670"",""V2O00175"",""V2O00176"",""V2O00177"",""V2O00178"",""V2O00179"",""V2O00180"",""V2O00283"",""V2O00284"",""V2O00285"",""V2O00286"",""V2O00287"",""V2O00288"",""V2O00289"",""V2O00290"",""V2O00291"",""V2O00292"",""V2O00293"",""V2O00294"",""V2O00403"",""V2O00404"",""V2O00483"",""V2O00484"",""V2O00567"",""V2O00568"",""V2O00649"",""V2O00650"",""V2O00727"",""V2O00728"",""V2O00795"",""V2O00805"",""V2O00814"",""V2O00825"",""V2O00837"",""V2O00873"",""V2O00950"",""V2O01024""]",DIRECT_ENTITY_ID,NONE
hemp,Cannabis sativa,hemp,"[""O00152"",""O00153"",""O00154"",""O00344"",""O00661"",""O00662"",""V2O00250"",""V2O00251"",""V2O00252"",""V2O00253"",""V2O00254"",""V2O00255"",""V2O00256"",""V2O00257"",""V2O00258"",""V2O00358"",""V2O00359"",""V2O00360"",""V2O00361"",""V2O00362"",""V2O00363"",""V2O00364"",""V2O00365"",""V2O00366"",""V2O00395"",""V2O00396"",""V2O00473"",""V2O00474"",""V2O00559"",""V2O00560"",""V2O00639"",""V2O00640"",""V2O00717"",""V2O00718"",""V2O01035""]",DIRECT_ENTITY_ID,NONE
timothy,Phleum pratense,timothy,"[""O00067"",""O00068"",""O00350"",""O00727"",""O00728"",""O00729"",""O00730"",""V2O00447"",""V2O00448"",""V2O00533"",""V2O00534"",""V2O00613"",""V2O00614"",""V2O00693"",""V2O00694"",""V2O00775"",""V2O00776"",""V2O00910"",""V2O00988"",""V2O01056""]",DIRECT_ENTITY_ID,NONE
annual-ryegrass,Lolium multiflorum,annual-ryegrass,"[""O00049"",""O00050"",""O00695"",""O00696"",""O00698"",""O00699"",""V2O00763"",""V2O00764"",""V2O01060""]",DIRECT_ENTITY_ID,NONE
fescues,Festuca spp.,fescues,"[""O00175"",""O00176"",""O00177"",""O00178"",""O00179"",""O00671"",""O00672"",""O00673"",""O00674"",""V2O00443"",""V2O00444"",""V2O00527"",""V2O00528"",""V2O00607"",""V2O00608"",""V2O00689"",""V2O00690"",""V2O00771"",""V2O00772"",""V2O00916"",""V2O00919"",""V2O00994"",""V2O00997"",""V2O01062"",""V2O01065""]",DIRECT_ENTITY_ID,NONE
browntop,Agrostis capillaris,browntop,"[""O00001"",""O00002"",""V05N0012"",""V2O00924"",""V2O01002"",""V2O01070""]",DIRECT_ENTITY_ID,NONE
meadow-foxtail,Alopecurus pratensis,meadow-foxtail,"[""O00003"",""O00004"",""V2O00923"",""V2O01001"",""V2O01069""]",DIRECT_ENTITY_ID,NONE
tall-oatgrass,Arrhenatherum elatius,tall-oatgrass,"[""O00005"",""O00006"",""V2O00922"",""V2O01000"",""V2O01068""]",DIRECT_ENTITY_ID,NONE
naked-oat,Avena nuda,naked-oat,"[""O00007"",""O00008"",""O00643"",""O00644"",""O00645"",""O00646"",""V2O00405"",""V2O00406"",""V2O00485"",""V2O00486"",""V2O00569"",""V2O00570"",""V2O00651"",""V2O00652"",""V2O00729"",""V2O00730"",""V2O00796"",""V2O00806"",""V2O00815"",""V2O00826"",""V2O00838"",""V2O00861"",""V2O00937"",""V2O01011""]",DIRECT_ENTITY_ID,NONE
oat,Avena sativa,oat,"[""O00009"",""O00010"",""O00011"",""O00012"",""O00130"",""O00131"",""O00132"",""O00133"",""O00134"",""O00321"",""O00362"",""O00363"",""O00364"",""O00365"",""O00366"",""O00367"",""O00368"",""O00369"",""O00370"",""O00371"",""O00642"",""O00647"",""O00648"",""O00649"",""O00650"",""V2O00169"",""V2O00170"",""V2O00171"",""V2O00172"",""V2O00173"",""V2O00174"",""V2O00274"",""V2O00275"",""V2O00276"",""V2O00277"",""V2O00278"",""V2O00279"",""V2O00280"",""V2O00281"",""V2O00282"",""V2O00399"",""V2O00400"",""V2O00479"",""V2O00480"",""V2O00565"",""V2O00566"",""V2O00645"",""V2O00646"",""V2O00723"",""V2O00724"",""V2O00793"",""V2O00803"",""V2O00813"",""V2O00823"",""V2O00835"",""V2O00862"",""V2O00863"",""V2O00939"",""V2O01013""]",DIRECT_ENTITY_ID,NONE
black-oat,Avena strigosa,black-oat,"[""O00135"",""O00136"",""O00137"",""O00138"",""O00139"",""O00651"",""O00652"",""O00653"",""O00654"",""V2O00669"",""V2O00670"",""V2O00745"",""V2O00746"",""V2O00834"",""V2O00936"",""V2O01010""]",DIRECT_ENTITY_ID,NONE
beet-chard,Beta vulgaris,beet-chard,"[""O00013"",""O00014"",""O00140"",""O00141"",""O00142"",""O00143"",""O00144"",""O00145"",""V2O00897"",""V2O00975""]",DIRECT_ENTITY_ID,NONE
biserrula,Biserrula pelecinus,biserrula,"[""O00372"",""O00373"",""O00374"",""O00375"",""O00376"",""O00377""]",DIRECT_ENTITY_ID,NONE
rapeseed,Brassica napus,rapeseed,"[""O00015"",""O00016"",""O00017"",""O00018"",""O00124"",""O00146"",""O00147"",""O00148"",""O00149"",""O00150"",""O00322"",""O00337"",""O00338"",""O00343"",""O00655"",""O00656"",""O00657"",""O00658"",""V2O00241"",""V2O00242"",""V2O00243"",""V2O00244"",""V2O00245"",""V2O00246"",""V2O00349"",""V2O00350"",""V2O00351"",""V2O00891"",""V2O00968"",""V2O00969"",""V2O01040"",""V2O01041""]",DIRECT_ENTITY_ID,NONE
swede-seed-group,Brassica napus,swede-seed-group,"[""V2O00238"",""V2O00239"",""V2O00240"",""V2O00343"",""V2O00344"",""V2O00345"",""V2O00346"",""V2O00347"",""V2O00348""]",DIRECT_ENTITY_ID,NONE
turnip-rape,Brassica rapa,turnip-rape,"[""O00019"",""O00020"",""O00659"",""O00660"",""V2O00247"",""V2O00248"",""V2O00249"",""V2O00352"",""V2O00353"",""V2O00354"",""V2O00393"",""V2O00394"",""V2O00890"",""V2O00967""]",DIRECT_ENTITY_ID,NONE
camelina,Camelina sativa,camelina,"[""O00151"",""V2O00355"",""V2O00356"",""V2O00357"",""V2O00894""]",DIRECT_ENTITY_ID,NONE
pepper,Capsicum annuum,pepper,"[""O00155"",""O00156"",""O00157"",""O00158"",""O00159""]",DIRECT_ENTITY_ID,NONE
safflower,Carthamus tinctorius,safflower,"[""O00021"",""O00022"",""O00160"",""O00161"",""O00162"",""O00163"",""O00164"",""O00345"",""O00663"",""O00664"",""V2O00637"",""V2O00638"",""V2O00893"",""V2O00971""]",DIRECT_ENTITY_ID,NONE
chickpea,Cicer arietinum,chickpea,"[""O00165"",""O00166"",""O00167"",""O00168"",""O00169"",""O00378"",""O00379"",""O00380"",""O00381"",""O00382"",""O00383"",""O00384"",""O00385""]",DIRECT_ENTITY_ID,NONE
cocksfoot,Dactylis glomerata,cocksfoot,"[""O00029"",""O00030"",""O00172"",""O00173"",""O00174"",""O00665"",""O00666"",""V2O00441"",""V2O00442"",""V2O00525"",""V2O00526"",""V2O00769"",""V2O00770"",""V2O00926"",""V2O01003"",""V2O01072""]",DIRECT_ENTITY_ID,NONE
fodder-galega,Galega orientalis,fodder-galega,"[""V2O00451"",""V2O00452"",""V2O00537"",""V2O00538"",""V2O00617"",""V2O00618"",""V2O00697"",""V2O00698"",""V2O00779"",""V2O00780"",""V2O00846"",""V2O00852"",""V2O00899""]",DIRECT_ENTITY_ID,NONE
sunflower,Helianthus annuus,sunflower,"[""O00037"",""O00038"",""O00039"",""O00040"",""O00188"",""O00189"",""O00190"",""O00191"",""O00192"",""O00324"",""O00334"",""O00386"",""O00387"",""O00388"",""O00389"",""O00390"",""O00391"",""O00640"",""O00681"",""O00682""]",DIRECT_ENTITY_ID,NONE
barley,Hordeum vulgare,barley,"[""O00041"",""O00042"",""O00043"",""O00044"",""O00125"",""O00193"",""O00194"",""O00195"",""O00196"",""O00197"",""O00325"",""O00392"",""O00393"",""O00394"",""O00395"",""O00396"",""O00397"",""O00398"",""O00399"",""O00400"",""O00401"",""O00683"",""O00684"",""O00685"",""O00686"",""O00687"",""O00688"",""O00689"",""O00690"",""V05N0003"",""V05N0004"",""V05N0010"",""V2O00181"",""V2O00182"",""V2O00183"",""V2O00184"",""V2O00185"",""V2O00186"",""V2O00187"",""V2O00188"",""V2O00189"",""V2O00295"",""V2O00296"",""V2O00297"",""V2O00298"",""V2O00299"",""V2O00300"",""V2O00301"",""V2O00302"",""V2O00303"",""V2O00411"",""V2O00412"",""V2O00413"",""V2O00414"",""V2O00489"",""V2O00490"",""V2O00495"",""V2O00496"",""V2O00573"",""V2O00574"",""V2O00581"",""V2O00582"",""V2O00657"",""V2O00658"",""V2O00659"",""V2O00660"",""V2O00735"",""V2O00736"",""V2O00737"",""V2O00738"",""V2O00799"",""V2O00800"",""V2O00809"",""V2O00810"",""V2O00818"",""V2O00819"",""V2O00829"",""V2O00830"",""V2O00841"",""V2O00842"",""V2O00858"",""V2O00859"",""V2O00933"",""V2O01007""]",DIRECT_ENTITY_ID,NONE
red-pea,Lathyrus cicera,red-pea,"[""O00402"",""O00403"",""O00404"",""O00405"",""O00406"",""O00407"",""O00408"",""O00409"",""O00410"",""O00411""]",DIRECT_ENTITY_ID,NONE
lentil,Lens culinaris,lentil,"[""O00199"",""O00200"",""O00201"",""O00202"",""O00203""]",DIRECT_ENTITY_ID,NONE
hybrid-ryegrass,Lolium × hybridum,hybrid-ryegrass,"[""O00047"",""O00048"",""O00705"",""O00706"",""O00707"",""O00708"",""V2O00439"",""V2O00440"",""V2O00523"",""V2O00524"",""V2O00605"",""V2O00606"",""V2O00687"",""V2O00688"",""V2O00767"",""V2O00768"",""V2O00912"",""V2O00990"",""V2O01058""]",DIRECT_ENTITY_ID,NONE
birdsfoot-trefoil,Lotus corniculatus,birdsfoot-trefoil,"[""O00055"",""O00056"",""V05N0007"",""V05N0008"",""V05N0011"",""V2O00906"",""V2O00984"",""V2O01052""]",DIRECT_ENTITY_ID,NONE
black-medick,Medicago lupulina,black-medick,"[""V2O00907"",""V2O00985"",""V2O01053""]",DIRECT_ENTITY_ID,NONE
bur-medick,Medicago polymorpha,bur-medick,"[""O00448"",""O00449"",""O00450"",""O00451""]",DIRECT_ENTITY_ID,NONE
hybrid-lucerne,Medicago × varia,hybrid-lucerne,"[""V2O00457"",""V2O00458"",""V2O00543"",""V2O00544"",""V2O00623"",""V2O00624"",""V2O00705"",""V2O00706"",""V2O00787"",""V2O00788"",""V2O00849"",""V2O00855""]",DIRECT_ENTITY_ID,NONE
sainfoin,Onobrychis viciifolia,sainfoin,"[""O00227"",""O00228"",""O00229"",""O00230"",""O00231"",""V2O00549"",""V2O00550"",""V2O00627"",""V2O00628"",""V2O00908"",""V2O00986"",""V2O01054""]",DIRECT_ENTITY_ID,NONE
yellow-serradella,Ornithopus compressus,yellow-serradella,"[""O00452"",""O00453"",""O00454"",""O00455"",""O00456"",""O00457"",""O00458"",""O00459""]",DIRECT_ENTITY_ID,NONE
serradella,Ornithopus sativus,serradella,"[""O00460"",""O00461"",""O00462"",""O00463"",""O00464"",""O00465"",""O00466"",""O00467"",""O00468"",""O00469""]",DIRECT_ENTITY_ID,NONE
rice,Oryza sativa,rice,"[""O00232"",""O00233"",""O00234"",""O00235"",""O00236"",""O00470"",""O00471"",""O00472"",""O00473"",""O00474"",""O00475"",""O00476"",""O00477"",""O00478"",""O00479""]",DIRECT_ENTITY_ID,NONE
proso-millet,Panicum miliaceum,proso-millet,"[""O00059"",""O00060"",""O00715"",""O00716"",""O00717"",""O00718"",""V2O00190"",""V2O00191"",""V2O00192"",""V2O00193"",""V2O00194"",""V2O00195"",""V2O00304"",""V2O00305"",""V2O00306"",""V2O00874"",""V2O00951""]",DIRECT_ENTITY_ID,NONE
poppy,Papaver somniferum,poppy,"[""O00061"",""O00062"",""O00063"",""O00064"",""O00719"",""O00720"",""O00721"",""O00722"",""V2O00889"",""V2O00966"",""V2O01038"",""V2O01039""]",DIRECT_ENTITY_ID,NONE
canary-grass,Phalaris canariensis,canary-grass,"[""V2O00860"",""V2O00935"",""V2O01009""]",DIRECT_ENTITY_ID,NONE
common-bean,Phaseolus vulgaris,common-bean,"[""O00237"",""O00238"",""O00239"",""O00240"",""O00241""]",DIRECT_ENTITY_ID,NONE
ribwort-plantain,Plantago lanceolata,ribwort-plantain,"[""O00488"",""O00489"",""O00490"",""O00491"",""O00492"",""O00493""]",DIRECT_ENTITY_ID,NONE
wood-meadowgrass,Poa nemoralis,wood-meadowgrass,"[""V2O00920"",""V2O00998"",""V2O01066""]",DIRECT_ENTITY_ID,NONE
oilseed-radish-group,Raphanus raphanistrum subsp. sativus,oilseed-radish-group,"[""O00077"",""O00078"",""O00735"",""O00736"",""O00737"",""O00738"",""V2O00385"",""V2O00386"",""V2O00465"",""V2O00466"",""V2O00553"",""V2O00554"",""V2O00631"",""V2O00632"",""V2O00711"",""V2O00712"",""V2O00895"",""V2O00973"",""V2O01043""]",DIRECT_ENTITY_ID,NONE
rye,Secale cereale,rye,"[""O00079"",""O00080"",""O00081"",""O00082"",""O00247"",""O00248"",""O00249"",""O00250"",""O00251"",""V2O00415"",""V2O00416"",""V2O00497"",""V2O00498"",""V2O00577"",""V2O00578"",""V2O00583"",""V2O00584"",""V2O00661"",""V2O00662"",""V2O00739"",""V2O00740"",""V2O00801"",""V2O00811"",""V2O00820"",""V2O00821"",""V2O00831"",""V2O00843"",""V2O00871"",""V2O00872"",""V2O00947"",""V2O00948"",""V2O01022"",""V2O01023""]",DIRECT_ENTITY_ID,NONE
foxtail-millet,Setaria italica,foxtail-millet,"[""V2O00898"",""V2O00976"",""V2O01046""]",DIRECT_ENTITY_ID,NONE
sorghum,Sorghum bicolor,sorghum,"[""O00262"",""O00263"",""O00264"",""O00265"",""O00266"",""O00743"",""O00744"",""O00745"",""O00746"",""V2O00857"",""V2O00932"",""V2O01006""]",DIRECT_ENTITY_ID,NONE
berseem-clover,Trifolium alexandrinum,berseem-clover,"[""O00267"",""O00268"",""O00496"",""O00497"",""O00498"",""O00499"",""O00500"",""O00501"",""O00502"",""O00503"",""O00504"",""O00505"",""O00747"",""O00748"",""O00749"",""O00750"",""V05N0005"",""V05N0006"",""V2O00900"",""V2O00977"",""V2O01047""]",DIRECT_ENTITY_ID,NONE
glandular-clover,Trifolium glanduliferum,glandular-clover,"[""O00506"",""O00507"",""O00508"",""O00509"",""O00510"",""O00511"",""O00512"",""O00513""]",DIRECT_ENTITY_ID,NONE
rose-clover,Trifolium hirtum,rose-clover,"[""O00514"",""O00515"",""O00516"",""O00517"",""O00518"",""O00519"",""O00520"",""O00521"",""O00522"",""O00523""]",DIRECT_ENTITY_ID,NONE
trifolium-isthmocarpum,Trifolium isthmocarpum,trifolium-isthmocarpum,"[""O00532"",""O00533"",""O00534"",""O00535"",""O00536"",""O00537""]",DIRECT_ENTITY_ID,NONE
balansa-clover,Trifolium michelianum,balansa-clover,"[""O00538"",""O00539"",""O00540"",""O00541"",""O00542"",""O00543"",""O00544"",""O00545"",""O00546"",""O00547""]",DIRECT_ENTITY_ID,NONE
red-zigzag-clover-cross-group,Trifolium pratense × Trifolium medium,red-zigzag-clover-cross-group,"[""V2O00902"",""V2O00979"",""V2O01049""]",DIRECT_ENTITY_ID,NONE
persian-clover,Trifolium resupinatum,persian-clover,"[""O00089"",""O00090"",""O00270"",""O00271"",""O00272"",""O00273"",""O00548"",""O00549"",""O00550"",""O00551"",""O00552"",""O00553"",""O00554"",""O00555"",""O00556"",""O00557"",""O00568"",""O00569"",""O00759"",""O00760"",""V2O00904""]",DIRECT_ENTITY_ID,NONE
trifolium-squarrosum,Trifolium squarrosum,trifolium-squarrosum,"[""O00558"",""O00559"",""O00560"",""O00561"",""O00562"",""O00563"",""O00564"",""O00565"",""O00566"",""O00567""]",DIRECT_ENTITY_ID,NONE
arrowleaf-clover,Trifolium vesiculosum,arrowleaf-clover,"[""O00570"",""O00571"",""O00572"",""O00573"",""O00574"",""O00575"",""O00576"",""O00577"",""O00578"",""O00579""]",DIRECT_ENTITY_ID,NONE
golden-oatgrass,Trisetum flavescens,golden-oatgrass,"[""O00091"",""O00092"",""V2O00928"",""V2O01004"",""V2O01073""]",DIRECT_ENTITY_ID,NONE
common-wheat,Triticum aestivum,common-wheat,"[""O00093"",""O00095"",""O00127"",""O00274"",""O00275"",""O00276"",""O00277"",""O00278"",""O00328"",""O00580"",""O00581"",""O00582"",""O00583"",""O00584"",""O00585"",""O00586"",""O00587"",""O00588"",""O00589"",""O00763"",""O00764"",""O00767"",""O00768"",""V2O00205"",""V2O00206"",""V2O00207"",""V2O00208"",""V2O00209"",""V2O00210"",""V2O00211"",""V2O00212"",""V2O00213"",""V2O00214"",""V2O00215"",""V2O00216"",""V2O00310"",""V2O00311"",""V2O00312"",""V2O00313"",""V2O00314"",""V2O00315"",""V2O00316"",""V2O00317"",""V2O00318"",""V2O00319"",""V2O00320"",""V2O00321"",""V2O00322"",""V2O00323"",""V2O00324"",""V2O00407"",""V2O00408"",""V2O00487"",""V2O00488"",""V2O00571"",""V2O00572"",""V2O00653"",""V2O00654"",""V2O00731"",""V2O00732"",""V2O00798"",""V2O00808"",""V2O00817"",""V2O00828"",""V2O00840"",""V2O00864"",""V2O00940"",""V2O01014""]",DIRECT_ENTITY_ID,NONE
spelt,Triticum aestivum subsp. spelta,spelt,"[""O00097"",""O00098"",""O00099"",""O00100"",""O00279"",""O00280"",""O00281"",""O00282"",""V2O00217"",""V2O00218"",""V2O00219"",""V2O00499"",""V2O00500"",""V2O00868"",""V2O00944"",""V2O01018"",""V2O01019""]",DIRECT_ENTITY_ID,NONE
durum-wheat,Triticum turgidum subsp. durum,durum-wheat,"[""O00101"",""O00102"",""O00103"",""O00104"",""O00283"",""O00284"",""O00285"",""O00286"",""O00287"",""O00329"",""O00331"",""O00335"",""O00340"",""O00590"",""O00591"",""O00592"",""O00593"",""O00594"",""O00595"",""O00596"",""O00597"",""V2O00401"",""V2O00402"",""V2O00481"",""V2O00482"",""V2O00647"",""V2O00648"",""V2O00725"",""V2O00726"",""V2O00794"",""V2O00804"",""V2O00824"",""V2O00836"",""V2O00865"",""V2O00867"",""V2O00941"",""V2O00943"",""V2O01015"",""V2O01017""]",DIRECT_ENTITY_ID,NONE
purple-vetch,Vicia benghalensis,purple-vetch,"[""O00598"",""O00599"",""O00600"",""O00601"",""O00602"",""O00603""]",DIRECT_ENTITY_ID,NONE
bitter-vetch,Vicia ervilia,bitter-vetch,"[""O00288"",""O00289"",""O00290"",""O00291"",""O00292""]",DIRECT_ENTITY_ID,NONE
hungarian-vetch,Vicia pannonica,hungarian-vetch,"[""O00109"",""O00110"",""O00298"",""O00299"",""O00300"",""O00775"",""O00776"",""O00777"",""O00778"",""V2O00757"",""V2O00758"",""V2O00882"",""V2O00959"",""V2O01031""]",DIRECT_ENTITY_ID,NONE
festulolium-group,× Festulolium,festulolium-group,"[""O00793"",""O00794"",""O00795"",""O00796"",""V2O00433"",""V2O00434"",""V2O00517"",""V2O00518"",""V2O00599"",""V2O00600"",""V2O00681"",""V2O00682"",""V2O00759"",""V2O00760"",""V2O00911"",""V2O00989"",""V2O01057""]",DIRECT_ENTITY_ID,NONE
triticale-group,× Triticosecale,triticale-group,"[""O00119"",""O00120"",""O00121"",""O00122"",""O00316"",""O00317"",""O00318"",""O00319"",""O00320"",""O00632"",""O00633"",""O00634"",""O00635"",""O00636"",""O00637"",""O00638"",""O00639"",""V2O00196"",""V2O00197"",""V2O00198"",""V2O00199"",""V2O00200"",""V2O00201"",""V2O00202"",""V2O00203"",""V2O00204"",""V2O00307"",""V2O00308"",""V2O00309"",""V2O00417"",""V2O00418"",""V2O00491"",""V2O00492"",""V2O00501"",""V2O00502"",""V2O00575"",""V2O00576"",""V2O00585"",""V2O00586"",""V2O00665"",""V2O00666"",""V2O00667"",""V2O00668"",""V2O00741"",""V2O00742"",""V2O00743"",""V2O00744"",""V2O00802"",""V2O00812"",""V2O00822"",""V2O00832"",""V2O00833"",""V2O00844"",""V2O00845"",""V2O00869"",""V2O00870"",""V2O00945"",""V2O00946"",""V2O01020"",""V2O01021""]",DIRECT_ENTITY_ID,NONE
white-mustard,Sinapis alba,white-mustard,[],NOT_AVAILABLE,NONE
brown-mustard,Brassica juncea,brown-mustard,[],NOT_AVAILABLE,NONE
black-mustard,Brassica nigra,black-mustard,[],NOT_AVAILABLE,NONE
ethiopian-mustard,Brassica carinata,ethiopian-mustard,[],NOT_AVAILABLE,NONE
narrow-leaved-lupin,Lupinus angustifolius,narrow-leaved-lupin,[],NOT_AVAILABLE,NONE
yellow-lupin,Lupinus luteus,yellow-lupin,[],NOT_AVAILABLE,NONE
white-lupin,Lupinus albus,white-lupin,[],NOT_AVAILABLE,NONE
subterranean-clover,Trifolium subterraneum,subterranean-clover,[],NOT_AVAILABLE,NONE
fenugreek,Trigonella foenum-graecum,fenugreek,[],NOT_AVAILABLE,NONE
borage,Borago officinalis,borage,[],NOT_AVAILABLE,NONE
dill,Anethum graveolens,dill,[],NOT_AVAILABLE,NONE
garden-cress,Lepidium sativum,garden-cress,[],NOT_AVAILABLE,NONE
sunn-hemp,Crotalaria juncea,sunn-hemp,[],NOT_AVAILABLE,NONE
coriander,Coriandrum sativum,coriander,[],NOT_AVAILABLE,NONE
niger,Guizotia abyssinica,niger,[],NOT_AVAILABLE,NONE
sudan-grass,Sorghum sudanense,sudan-grass,[],NOT_AVAILABLE,NONE
sorghum-sudan-hybrid-group,Sorghum bicolor × Sorghum sudanense,sorghum-sudan-hybrid-group,[],NOT_AVAILABLE,NONE
tall-fescue,Festuca arundinacea,tall-fescue,[],NOT_AVAILABLE,NONE
white-sweetclover,Melilotus albus,white-sweetclover,[],NOT_AVAILABLE,NONE
yellow-sweetclover,Melilotus officinalis,yellow-sweetclover,[],NOT_AVAILABLE,NONE
quinoa,Chenopodium quinoa,quinoa,[],NOT_AVAILABLE,NONE
onion,Allium cepa,onion,[],NOT_AVAILABLE,NONE
bunching-onion,Allium fistulosum,bunching-onion,[],NOT_AVAILABLE,NONE
leek,Allium porrum,leek,[],NOT_AVAILABLE,NONE
garlic,Allium sativum,garlic,[],NOT_AVAILABLE,NONE
chives,Allium schoenoprasum,chives,[],NOT_AVAILABLE,NONE
chervil,Anthriscus cerefolium,chervil,[],NOT_AVAILABLE,NONE
celery,Apium graveolens,celery,[],NOT_AVAILABLE,NONE
asparagus,Asparagus officinalis,asparagus,[],NOT_AVAILABLE,NONE
cabbage,Brassica oleracea,cabbage,[],NOT_AVAILABLE,NONE
endive,Cichorium endivia,endive,[],NOT_AVAILABLE,NONE
chicory,Cichorium intybus,chicory,[],NOT_AVAILABLE,NONE
watermelon,Citrullus lanatus,watermelon,[],NOT_AVAILABLE,NONE
melon,Cucumis melo,melon,[],NOT_AVAILABLE,NONE
cucumber,Cucumis sativus,cucumber,[],NOT_AVAILABLE,NONE
winter-squash,Cucurbita maxima,winter-squash,[],NOT_AVAILABLE,NONE
courgette,Cucurbita pepo,courgette,[],NOT_AVAILABLE,NONE
artichoke,Cynara cardunculus,artichoke,[],NOT_AVAILABLE,NONE
carrot,Daucus carota,carrot,[],NOT_AVAILABLE,NONE
fennel,Foeniculum vulgare,fennel,[],NOT_AVAILABLE,NONE
lettuce,Lactuca sativa,lettuce,[],NOT_AVAILABLE,NONE
tomato,Solanum lycopersicum,tomato,[],NOT_AVAILABLE,NONE
parsley,Petroselinum crispum,parsley,[],NOT_AVAILABLE,NONE
runner-bean,Phaseolus coccineus,runner-bean,[],NOT_AVAILABLE,NONE
rhubarb,Rheum rhabarbarum,rhubarb,[],NOT_AVAILABLE,NONE
black-salsify,Scorzonera hispanica,black-salsify,[],NOT_AVAILABLE,NONE
aubergine,Solanum melongena,aubergine,[],NOT_AVAILABLE,NONE
spinach,Spinacia oleracea,spinach,[],NOT_AVAILABLE,NONE
lambs-lettuce,Valerianella locusta,lambs-lettuce,[],NOT_AVAILABLE,NONE
cultivated-radish,Raphanus raphanistrum subsp. sativus,cultivated-radish,[],NOT_AVAILABLE,NONE
