id,species,botanical_name,rank,biological_species_key,kpi_eligible,primary_category,use_tags,production_data,production_record_count,trade_data,cn_mapping,history_depth,history_years,country_coverage,country_coverage_scope,latest_trade_period,latest_year,public_safe,confidence,data_coverage,scope_note
alfalfa,Alfalfa / lucerne,Medicago sativa,SPECIES,Medicago sativa,true,forage-legumes,"[""CATCH_CROP"",""COVER_CROP"",""FORAGE"",""SEED_PRODUCTION""]",DIRECT_ENTITY_ID,29,SPECIES_SPECIFIC,CN_MAPPING_CONFIRMED,5,"[2021,2022,2023,2024,2025]","[""AT"",""CZ"",""ES"",""LT"",""LV"",""SK""]",PRODUCTION_ONLY; trade geography stays in original COMEXT view,2026-06,2025,true,HIGH_FOR_BOUNDED_IDENTITY,STRONG,"History depth is maximum compatible source series; distinct definitions, units, seasons and market groups are never summed or allocated"
field-pea,Field peas,Pisum sativum,SPECIES,Pisum sativum,true,grain-legumes,"[""CATCH_CROP"",""COVER_CROP"",""SEED_PRODUCTION""]",DIRECT_ENTITY_ID,50,SPECIES_SPECIFIC,CN_MAPPING_CONFIRMED,4,"[2021,2022,2023,2024,2025]","[""AT"",""CZ"",""ES"",""LV"",""PT"",""SK""]",PRODUCTION_ONLY; trade geography stays in original COMEXT view,2026-06,2025,true,HIGH_FOR_BOUNDED_IDENTITY,STRONG,"History depth is maximum compatible source series; distinct definitions, units, seasons and market groups are never summed or allocated"
flax,Flax,Linum usitatissimum,SPECIES,Linum usitatissimum,true,oil-fibre-seeds,"[""CATCH_CROP"",""COVER_CROP"",""SEED_PRODUCTION""]",DIRECT_ENTITY_ID,34,SPECIES_SPECIFIC,CN_MAPPING_CONFIRMED,4,"[2021,2022,2023,2024,2025]","[""AT"",""BE"",""BG"",""CZ"",""ES"",""FR"",""LT"",""LV"",""NL"",""PT"",""SK""]",PRODUCTION_ONLY; trade geography stays in original COMEXT view,2026-06,2025,true,HIGH_FOR_BOUNDED_IDENTITY,STRONG,"History depth is maximum compatible source series; distinct definitions, units, seasons and market groups are never summed or allocated"
italian-ryegrass,Italian ryegrass,Lolium multiflorum,SPECIES,Lolium multiflorum,true,grass-seeds,"[""CATCH_CROP"",""COVER_CROP"",""SEED_PRODUCTION""]",DIRECT_ENTITY_ID,39,SPECIES_SPECIFIC,CN_MAPPING_CONFIRMED,5,"[2021,2022,2023,2024,2025]","[""AT"",""CZ"",""ES"",""LV"",""PT"",""SI"",""SK""]",PRODUCTION_ONLY; trade geography stays in original COMEXT view,2026-06,2025,true,HIGH_FOR_BOUNDED_IDENTITY,STRONG,"History depth is maximum compatible source series; distinct definitions, units, seasons and market groups are never summed or allocated"
kentucky-bluegrass,Kentucky bluegrass,Poa pratensis,SPECIES,Poa pratensis,true,grass-seeds,"[""FORAGE"",""SEED_PRODUCTION""]",DIRECT_ENTITY_ID,7,SPECIES_SPECIFIC,CN_MAPPING_CONFIRMED,3,"[2022,2023,2024,2025]","[""CZ"",""LV""]",PRODUCTION_ONLY; trade geography stays in original COMEXT view,2026-06,2025,true,HIGH_FOR_BOUNDED_IDENTITY,STRONG,"History depth is maximum compatible source series; distinct definitions, units, seasons and market groups are never summed or allocated"
lupins,Lupins,Lupinus spp.,GENUS_GROUP,Lupinus spp.,false,grain-legumes,"[""SEED_PRODUCTION""]",DIRECT_ENTITY_ID,44,GROUP_LEVEL,CN_MAPPING_NOT_SPECIES_SPECIFIC,5,"[2021,2022,2023,2024,2025]","[""CZ"",""ES"",""LV"",""PT"",""SI"",""SK""]",PRODUCTION_ONLY; trade geography stays in original COMEXT view,2026-06,2025,true,HIGH_FOR_BOUNDED_IDENTITY,MODERATE,"History depth is maximum compatible source series; distinct definitions, units, seasons and market groups are never summed or allocated"
meadow-fescue,Meadow fescue,Festuca pratensis,SPECIES,Festuca pratensis,true,grass-seeds,"[""FORAGE"",""SEED_PRODUCTION""]",DIRECT_ENTITY_ID,15,SPECIES_SPECIFIC,CN_MAPPING_CONFIRMED,5,"[2021,2022,2023,2024,2025]","[""AT"",""CZ"",""LV""]",PRODUCTION_ONLY; trade geography stays in original COMEXT view,2026-06,2025,true,HIGH_FOR_BOUNDED_IDENTITY,STRONG,"History depth is maximum compatible source series; distinct definitions, units, seasons and market groups are never summed or allocated"
mustard-seed,Mustard seed for sowing,null,CUSTOMS_AGGREGATE,null,false,brassica-seeds,"[""SEED_PRODUCTION""]",DIRECT_ENTITY_ID,32,GROUP_LEVEL,CN_MAPPING_NOT_SPECIES_SPECIFIC,5,"[2021,2022,2023,2024,2025]","[""AT"",""CZ"",""ES"",""LT"",""LV"",""PT"",""SK""]",PRODUCTION_ONLY; trade geography stays in original COMEXT view,2026-06,2025,true,HIGH_FOR_BOUNDED_IDENTITY,MODERATE,"History depth is maximum compatible source series; distinct definitions, units, seasons and market groups are never summed or allocated"
perennial-ryegrass,Perennial ryegrass,Lolium perenne,SPECIES,Lolium perenne,true,grass-seeds,"[""CATCH_CROP"",""COVER_CROP"",""FORAGE"",""SEED_PRODUCTION""]",DIRECT_ENTITY_ID,22,SPECIES_SPECIFIC,CN_MAPPING_CONFIRMED,5,"[2021,2022,2023,2024,2025]","[""AT"",""CZ"",""ES"",""LV"",""SK""]",PRODUCTION_ONLY; trade geography stays in original COMEXT view,2026-06,2025,true,HIGH_FOR_BOUNDED_IDENTITY,STRONG,"History depth is maximum compatible source series; distinct definitions, units, seasons and market groups are never summed or allocated"
red-clover,Red clover,Trifolium pratense,SPECIES,Trifolium pratense,true,forage-legumes,"[""COVER_CROP"",""FORAGE"",""SEED_PRODUCTION""]",DIRECT_ENTITY_ID,33,SPECIES_SPECIFIC,CN_MAPPING_CONFIRMED,5,"[2021,2022,2023,2024,2025]","[""AT"",""CZ"",""ES"",""LT"",""LV"",""SI"",""SK""]",PRODUCTION_ONLY; trade geography stays in original COMEXT view,2026-06,2025,true,HIGH_FOR_BOUNDED_IDENTITY,STRONG,"History depth is maximum compatible source series; distinct definitions, units, seasons and market groups are never summed or allocated"
red-fescue,Red fescue,Festuca rubra,SPECIES,Festuca rubra,true,grass-seeds,"[""SEED_PRODUCTION""]",DIRECT_ENTITY_ID,17,SPECIES_SPECIFIC,CN_MAPPING_CONFIRMED,5,"[2021,2022,2023,2024,2025]","[""CZ"",""ES"",""LV"",""SK""]",PRODUCTION_ONLY; trade geography stays in original COMEXT view,2026-06,2025,true,HIGH_FOR_BOUNDED_IDENTITY,STRONG,"History depth is maximum compatible source series; distinct definitions, units, seasons and market groups are never summed or allocated"
common-vetch,Common vetch,Vicia sativa,SPECIES,Vicia sativa,true,forage-legumes,"[""CATCH_CROP"",""COVER_CROP"",""FORAGE"",""SEED_PRODUCTION""]",DIRECT_ENTITY_ID,34,NOT_AVAILABLE,CN_MAPPING_NOT_SPECIES_SPECIFIC,4,"[2021,2022,2023,2024,2025]","[""AT"",""CZ"",""ES"",""LV"",""PT"",""SK""]",PRODUCTION_ONLY; trade geography stays in original COMEXT view,null,2025,true,HIGH_FOR_BOUNDED_IDENTITY,MODERATE,"History depth is maximum compatible source series; distinct definitions, units, seasons and market groups are never summed or allocated"
winter-vetch,Winter vetch,Vicia villosa Roth,SPECIES,Vicia villosa,true,forage-legumes,"[""CATCH_CROP"",""COVER_CROP"",""FORAGE"",""SEED_PRODUCTION""]",DIRECT_ENTITY_ID,33,NOT_AVAILABLE,CN_MAPPING_NOT_SPECIES_SPECIFIC,5,"[2021,2022,2023,2024,2025]","[""AT"",""CZ"",""ES"",""LV"",""PT"",""SK""]",PRODUCTION_ONLY; trade geography stays in original COMEXT view,null,2025,true,HIGH_FOR_BOUNDED_IDENTITY,MODERATE,"History depth is maximum compatible source series; distinct definitions, units, seasons and market groups are never summed or allocated"
caraway,Caraway,Carum carvi,SPECIES,Carum carvi,true,herbs-specialty,"[""CATCH_CROP"",""COVER_CROP"",""SEED_PRODUCTION""]",DIRECT_ENTITY_ID,8,NOT_AVAILABLE,CN_MAPPING_PARTIAL,3,"[2021,2023,2024,2025]","[""AT"",""CZ"",""LT"",""LV""]",PRODUCTION_ONLY; trade geography stays in original COMEXT view,null,2025,true,HIGH_FOR_BOUNDED_IDENTITY,MODERATE,"History depth is maximum compatible source series; distinct definitions, units, seasons and market groups are never summed or allocated"
winter-wheat,Winter wheat,Triticum aestivum,CROP_USE_GROUP,Triticum aestivum,false,cereals-pseudocereals,"[""SEED_PRODUCTION""]",DIRECT_ENTITY_ID,24,NOT_AVAILABLE,CN_MAPPING_NOT_AVAILABLE,5,"[2021,2022,2023,2024,2025]","[""AT"",""CZ"",""LV"",""SK""]",PRODUCTION_ONLY; trade geography stays in original COMEXT view,null,2025,true,HIGH_FOR_BOUNDED_IDENTITY,MODERATE,"History depth is maximum compatible source series; distinct definitions, units, seasons and market groups are never summed or allocated"
potato,Potato,Solanum tuberosum,SPECIES,Solanum tuberosum,false,seed-potatoes,"[""SEED_PRODUCTION""]",DIRECT_ENTITY_ID,56,NOT_AVAILABLE,CN_MAPPING_NOT_AVAILABLE,5,"[2021,2022,2023,2024,2025]","[""AT"",""BG"",""DE"",""DK"",""ES"",""FR"",""LV"",""NL"",""PL"",""SI""]",PRODUCTION_ONLY; trade geography stays in original COMEXT view,null,2025,true,HIGH_FOR_BOUNDED_IDENTITY,MODERATE,"History depth is maximum compatible source series; distinct definitions, units, seasons and market groups are never summed or allocated"
maize,Maize,Zea mays,SPECIES,Zea mays,true,cereals-pseudocereals,"[""SEED_PRODUCTION""]",DIRECT_ENTITY_ID,25,NOT_AVAILABLE,CN_MAPPING_NOT_AVAILABLE,3,"[2021,2023,2024,2025]","[""AT"",""ES"",""FR"",""HU"",""IT"",""PT"",""RO"",""SI"",""SK""]",PRODUCTION_ONLY; trade geography stays in original COMEXT view,null,2025,true,HIGH_FOR_BOUNDED_IDENTITY,MODERATE,"History depth is maximum compatible source series; distinct definitions, units, seasons and market groups are never summed or allocated"
white-clover,White clover,Trifolium repens,SPECIES,Trifolium repens,true,forage-legumes,"[""CATCH_CROP"",""COVER_CROP"",""FORAGE"",""SEED_PRODUCTION""]",DIRECT_ENTITY_ID,14,NOT_AVAILABLE,CN_MAPPING_NOT_SPECIES_SPECIFIC,5,"[2021,2022,2023,2024,2025]","[""CZ"",""LT"",""LV""]",PRODUCTION_ONLY; trade geography stays in original COMEXT view,null,2025,true,HIGH_FOR_BOUNDED_IDENTITY,MODERATE,"History depth is maximum compatible source series; distinct definitions, units, seasons and market groups are never summed or allocated"
crimson-clover,Crimson clover,Trifolium incarnatum,SPECIES,Trifolium incarnatum,true,forage-legumes,"[""CATCH_CROP"",""COVER_CROP"",""SEED_PRODUCTION""]",DIRECT_ENTITY_ID,35,NOT_AVAILABLE,CN_MAPPING_NOT_SPECIES_SPECIFIC,4,"[2021,2022,2023,2024,2025]","[""CZ"",""LT"",""LV"",""PT"",""SI"",""SK""]",PRODUCTION_ONLY; trade geography stays in original COMEXT view,null,2025,true,HIGH_FOR_BOUNDED_IDENTITY,MODERATE,"History depth is maximum compatible source series; distinct definitions, units, seasons and market groups are never summed or allocated"
alsike-clover,Alsike clover,Trifolium hybridum,SPECIES,Trifolium hybridum,true,forage-legumes,"[""CATCH_CROP"",""COVER_CROP"",""SEED_PRODUCTION""]",DIRECT_ENTITY_ID,13,NOT_AVAILABLE,CN_MAPPING_NOT_SPECIES_SPECIFIC,5,"[2021,2022,2023,2024,2025]","[""CZ"",""LV""]",PRODUCTION_ONLY; trade geography stays in original COMEXT view,null,2025,true,HIGH_FOR_BOUNDED_IDENTITY,MODERATE,"History depth is maximum compatible source series; distinct definitions, units, seasons and market groups are never summed or allocated"
faba-bean,Faba beans,Vicia faba,SPECIES,Vicia faba,true,grain-legumes,"[""CATCH_CROP"",""COVER_CROP"",""SEED_PRODUCTION""]",DIRECT_ENTITY_ID,31,NOT_AVAILABLE,CN_MAPPING_PARTIAL,5,"[2021,2022,2023,2024,2025]","[""AT"",""ES"",""LV"",""PT"",""SK""]",PRODUCTION_ONLY; trade geography stays in original COMEXT view,null,2025,true,HIGH_FOR_BOUNDED_IDENTITY,MODERATE,"History depth is maximum compatible source series; distinct definitions, units, seasons and market groups are never summed or allocated"
soybean,Soybeans,Glycine max,SPECIES,Glycine max,true,grain-legumes,"[""CATCH_CROP"",""COVER_CROP"",""SEED_PRODUCTION""]",DIRECT_ENTITY_ID,18,NOT_AVAILABLE,CN_MAPPING_CONFIRMED,3,"[2021,2023,2024,2025]","[""AT"",""CZ"",""ES"",""FR"",""HR"",""HU"",""IT"",""SK""]",PRODUCTION_ONLY; trade geography stays in original COMEXT view,null,2025,true,HIGH_FOR_BOUNDED_IDENTITY,MODERATE,"History depth is maximum compatible source series; distinct definitions, units, seasons and market groups are never summed or allocated"
phacelia,Phacelia,Phacelia tanacetifolia,SPECIES,Phacelia tanacetifolia,true,herbs-specialty,"[""CATCH_CROP"",""COVER_CROP"",""SEED_PRODUCTION""]",DIRECT_ENTITY_ID,19,NOT_AVAILABLE,CN_MAPPING_REVIEW_REQUIRED,5,"[2021,2022,2023,2024,2025]","[""AT"",""CZ"",""LV"",""SK""]",PRODUCTION_ONLY; trade geography stays in original COMEXT view,null,2025,true,HIGH_FOR_BOUNDED_IDENTITY,MODERATE,"History depth is maximum compatible source series; distinct definitions, units, seasons and market groups are never summed or allocated"
buckwheat,Buckwheat,Fagopyrum esculentum,SPECIES,Fagopyrum esculentum,true,cereals-pseudocereals,"[""COVER_CROP"",""SEED_PRODUCTION""]",DIRECT_ENTITY_ID,43,NOT_AVAILABLE,CN_MAPPING_PARTIAL,5,"[2021,2022,2023,2024,2025]","[""AT"",""CZ"",""LT"",""LV"",""SI"",""SK""]",PRODUCTION_ONLY; trade geography stays in original COMEXT view,null,2025,true,HIGH_FOR_BOUNDED_IDENTITY,MODERATE,"History depth is maximum compatible source series; distinct definitions, units, seasons and market groups are never summed or allocated"
hemp,Hemp,Cannabis sativa,SPECIES,Cannabis sativa,true,oil-fibre-seeds,"[""SEED_PRODUCTION""]",DIRECT_ENTITY_ID,35,NOT_AVAILABLE,CN_MAPPING_NOT_SPECIES_SPECIFIC,5,"[2021,2022,2023,2024,2025]","[""CZ"",""ES"",""LT"",""LV"",""SI"",""SK""]",PRODUCTION_ONLY; trade geography stays in original COMEXT view,null,2025,true,HIGH_FOR_BOUNDED_IDENTITY,MODERATE,"History depth is maximum compatible source series; distinct definitions, units, seasons and market groups are never summed or allocated"
timothy,Timothy,Phleum pratense,SPECIES,Phleum pratense,true,grass-seeds,"[""FORAGE"",""SEED_PRODUCTION""]",DIRECT_ENTITY_ID,20,NOT_AVAILABLE,CN_MAPPING_NOT_SPECIES_SPECIFIC,5,"[2021,2022,2023,2024,2025]","[""AT"",""CZ"",""LT"",""LV"",""SK""]",PRODUCTION_ONLY; trade geography stays in original COMEXT view,null,2025,true,HIGH_FOR_BOUNDED_IDENTITY,MODERATE,"History depth is maximum compatible source series; distinct definitions, units, seasons and market groups are never summed or allocated"
annual-ryegrass,Annual ryegrass,Lolium multiflorum,CROP_USE_GROUP,Lolium multiflorum,false,grass-seeds,"[""CATCH_CROP"",""COVER_CROP"",""SEED_PRODUCTION""]",DIRECT_ENTITY_ID,9,NOT_AVAILABLE,CN_MAPPING_NOT_SPECIES_SPECIFIC,2,"[2024,2025]","[""AT"",""CZ"",""LV"",""SK""]",PRODUCTION_ONLY; trade geography stays in original COMEXT view,null,2025,true,HIGH_FOR_BOUNDED_IDENTITY,LIMITED,"History depth is maximum compatible source series; distinct definitions, units, seasons and market groups are never summed or allocated"
fescues,Fescues,Festuca spp.,GENUS_GROUP,Festuca spp.,false,grass-seeds,"[""SEED_PRODUCTION""]",DIRECT_ENTITY_ID,25,NOT_AVAILABLE,CN_MAPPING_NOT_SPECIES_SPECIFIC,5,"[2021,2022,2023,2024,2025]","[""CZ"",""ES"",""LV"",""SK""]",PRODUCTION_ONLY; trade geography stays in original COMEXT view,null,2025,true,HIGH_FOR_BOUNDED_IDENTITY,MODERATE,"History depth is maximum compatible source series; distinct definitions, units, seasons and market groups are never summed or allocated"
browntop,Brown top / common bent,Agrostis capillaris,SPECIES,Agrostis capillaris,true,grass-seeds,"[""SEED_PRODUCTION""]",DIRECT_ENTITY_ID,6,NOT_AVAILABLE,CN_MAPPING_NOT_SPECIES_SPECIFIC,3,"[2023,2024,2025]","[""AT"",""CZ""]",PRODUCTION_ONLY; trade geography stays in original COMEXT view,null,2025,true,HIGH_FOR_BOUNDED_IDENTITY,MODERATE,"History depth is maximum compatible source series; distinct definitions, units, seasons and market groups are never summed or allocated"
meadow-foxtail,Meadow foxtail,Alopecurus pratensis,SPECIES,Alopecurus pratensis,true,grass-seeds,"[""SEED_PRODUCTION""]",DIRECT_ENTITY_ID,5,NOT_AVAILABLE,CN_MAPPING_NOT_SPECIES_SPECIFIC,3,"[2023,2024,2025]","[""AT"",""CZ""]",PRODUCTION_ONLY; trade geography stays in original COMEXT view,null,2025,true,HIGH_FOR_BOUNDED_IDENTITY,MODERATE,"History depth is maximum compatible source series; distinct definitions, units, seasons and market groups are never summed or allocated"
tall-oatgrass,Tall oatgrass,Arrhenatherum elatius,SPECIES,Arrhenatherum elatius,true,grass-seeds,"[""SEED_PRODUCTION""]",DIRECT_ENTITY_ID,5,NOT_AVAILABLE,CN_MAPPING_NOT_SPECIES_SPECIFIC,3,"[2023,2024,2025]","[""AT"",""CZ""]",PRODUCTION_ONLY; trade geography stays in original COMEXT view,null,2025,true,HIGH_FOR_BOUNDED_IDENTITY,MODERATE,"History depth is maximum compatible source series; distinct definitions, units, seasons and market groups are never summed or allocated"
naked-oat,Naked oat,Avena nuda,SPECIES,Avena nuda,true,cereals-pseudocereals,"[""SEED_PRODUCTION""]",DIRECT_ENTITY_ID,24,NOT_AVAILABLE,CN_MAPPING_NOT_SPECIES_SPECIFIC,5,"[2021,2022,2023,2024,2025]","[""AT"",""CZ"",""LV"",""SK""]",PRODUCTION_ONLY; trade geography stays in original COMEXT view,null,2025,true,HIGH_FOR_BOUNDED_IDENTITY,MODERATE,"History depth is maximum compatible source series; distinct definitions, units, seasons and market groups are never summed or allocated"
oat,Oat,Avena sativa,SPECIES,Avena sativa,true,cereals-pseudocereals,"[""SEED_PRODUCTION""]",DIRECT_ENTITY_ID,59,NOT_AVAILABLE,CN_MAPPING_NOT_SPECIES_SPECIFIC,5,"[2021,2022,2023,2024,2025]","[""AT"",""CZ"",""ES"",""FI"",""LV"",""PT"",""SE"",""SI"",""SK""]",PRODUCTION_ONLY; trade geography stays in original COMEXT view,null,2025,true,HIGH_FOR_BOUNDED_IDENTITY,MODERATE,"History depth is maximum compatible source series; distinct definitions, units, seasons and market groups are never summed or allocated"
black-oat,Bristle / black oat,Avena strigosa,SPECIES,Avena strigosa,true,cereals-pseudocereals,"[""CATCH_CROP"",""COVER_CROP"",""SEED_PRODUCTION""]",DIRECT_ENTITY_ID,16,NOT_AVAILABLE,CN_MAPPING_NOT_SPECIES_SPECIFIC,3,"[2021,2023,2024,2025]","[""CZ"",""ES"",""LV"",""SK""]",PRODUCTION_ONLY; trade geography stays in original COMEXT view,null,2025,true,HIGH_FOR_BOUNDED_IDENTITY,MODERATE,"History depth is maximum compatible source series; distinct definitions, units, seasons and market groups are never summed or allocated"
beet-chard,Beet / chard; source crop types separate,Beta vulgaris,SPECIES,Beta vulgaris,true,vegetable-seeds,"[""CATCH_CROP"",""COVER_CROP"",""SEED_PRODUCTION""]",DIRECT_ENTITY_ID,10,NOT_AVAILABLE,CN_MAPPING_REVIEW_REQUIRED,3,"[2021,2023,2024,2025]","[""AT"",""CZ"",""ES""]",PRODUCTION_ONLY; trade geography stays in original COMEXT view,null,2025,true,HIGH_FOR_BOUNDED_IDENTITY,MODERATE,"History depth is maximum compatible source series; distinct definitions, units, seasons and market groups are never summed or allocated"
biserrula,Biserrula,Biserrula pelecinus,SPECIES,Biserrula pelecinus,true,forage-legumes,"[""SEED_PRODUCTION""]",DIRECT_ENTITY_ID,6,NOT_AVAILABLE,CN_MAPPING_NOT_SPECIES_SPECIFIC,2,"[2021,2022,2024]","[""PT""]",PRODUCTION_ONLY; trade geography stays in original COMEXT view,null,2024,true,HIGH_FOR_BOUNDED_IDENTITY,LIMITED,"History depth is maximum compatible source series; distinct definitions, units, seasons and market groups are never summed or allocated"
rapeseed,Rapeseed / oilseed rape,Brassica napus,SPECIES,Brassica napus,true,oil-fibre-seeds,"[""CATCH_CROP"",""COVER_CROP"",""SEED_PRODUCTION""]",DIRECT_ENTITY_ID,32,NOT_AVAILABLE,CN_MAPPING_PARTIAL,3,"[2021,2023,2024,2025]","[""AT"",""CZ"",""DE"",""ES"",""FR"",""IE"",""IT"",""LT"",""SI"",""SK""]",PRODUCTION_ONLY; trade geography stays in original COMEXT view,null,2025,true,HIGH_FOR_BOUNDED_IDENTITY,MODERATE,"History depth is maximum compatible source series; distinct definitions, units, seasons and market groups are never summed or allocated"
swede-seed-group,Swede / rutabaga seed group,Brassica napus,CROP_USE_GROUP,Brassica napus,false,vegetable-seeds,"[""SEED_PRODUCTION""]",DIRECT_ENTITY_ID,9,NOT_AVAILABLE,CN_MAPPING_REVIEW_REQUIRED,2,"[2024,2025]","[""SI""]",PRODUCTION_ONLY; trade geography stays in original COMEXT view,null,2025,true,HIGH_FOR_BOUNDED_IDENTITY,LIMITED,"History depth is maximum compatible source series; distinct definitions, units, seasons and market groups are never summed or allocated"
turnip-rape,Turnip rape; source-reported scope,Brassica rapa,SPECIES,Brassica rapa,true,oil-fibre-seeds,"[""CATCH_CROP"",""COVER_CROP"",""SEED_PRODUCTION""]",DIRECT_ENTITY_ID,14,NOT_AVAILABLE,CN_MAPPING_PARTIAL,2,"[2021,2023,2024,2025]","[""AT"",""CZ"",""LV"",""SI"",""SK""]",PRODUCTION_ONLY; trade geography stays in original COMEXT view,null,2025,true,HIGH_FOR_BOUNDED_IDENTITY,LIMITED,"History depth is maximum compatible source series; distinct definitions, units, seasons and market groups are never summed or allocated"
camelina,Camelina,Camelina sativa,SPECIES,Camelina sativa,true,oil-fibre-seeds,"[""CATCH_CROP"",""COVER_CROP"",""SEED_PRODUCTION""]",DIRECT_ENTITY_ID,5,NOT_AVAILABLE,CN_MAPPING_REVIEW_REQUIRED,1,"[2023,2024,2025]","[""CZ"",""ES"",""SI""]",PRODUCTION_ONLY; trade geography stays in original COMEXT view,null,2025,true,HIGH_FOR_BOUNDED_IDENTITY,LIMITED,"History depth is maximum compatible source series; distinct definitions, units, seasons and market groups are never summed or allocated"
pepper,Pepper,Capsicum annuum,SPECIES,Capsicum annuum,true,vegetable-seeds,"[""SEED_PRODUCTION""]",DIRECT_ENTITY_ID,5,NOT_AVAILABLE,CN_MAPPING_NOT_SPECIES_SPECIFIC,3,"[2021,2023,2024,2025]","[""ES""]",PRODUCTION_ONLY; trade geography stays in original COMEXT view,null,2025,true,HIGH_FOR_BOUNDED_IDENTITY,MODERATE,"History depth is maximum compatible source series; distinct definitions, units, seasons and market groups are never summed or allocated"
safflower,Safflower,Carthamus tinctorius,SPECIES,Carthamus tinctorius,true,oil-fibre-seeds,"[""CATCH_CROP"",""COVER_CROP"",""SEED_PRODUCTION""]",DIRECT_ENTITY_ID,14,NOT_AVAILABLE,CN_MAPPING_PARTIAL,3,"[2021,2023,2024,2025]","[""AT"",""CZ"",""ES"",""LT"",""LV"",""SK""]",PRODUCTION_ONLY; trade geography stays in original COMEXT view,null,2025,true,HIGH_FOR_BOUNDED_IDENTITY,MODERATE,"History depth is maximum compatible source series; distinct definitions, units, seasons and market groups are never summed or allocated"
chickpea,Chickpea,Cicer arietinum,SPECIES,Cicer arietinum,true,grain-legumes,"[""SEED_PRODUCTION""]",DIRECT_ENTITY_ID,13,NOT_AVAILABLE,CN_MAPPING_PARTIAL,3,"[2021,2023,2024,2025]","[""ES"",""PT""]",PRODUCTION_ONLY; trade geography stays in original COMEXT view,null,2025,true,HIGH_FOR_BOUNDED_IDENTITY,MODERATE,"History depth is maximum compatible source series; distinct definitions, units, seasons and market groups are never summed or allocated"
cocksfoot,Cocksfoot / orchard grass,Dactylis glomerata,SPECIES,Dactylis glomerata,true,grass-seeds,"[""CATCH_CROP"",""COVER_CROP"",""FORAGE"",""SEED_PRODUCTION""]",DIRECT_ENTITY_ID,16,NOT_AVAILABLE,CN_MAPPING_NOT_SPECIES_SPECIFIC,3,"[2021,2022,2023,2024,2025]","[""AT"",""CZ"",""ES"",""LV"",""SK""]",PRODUCTION_ONLY; trade geography stays in original COMEXT view,null,2025,true,HIGH_FOR_BOUNDED_IDENTITY,MODERATE,"History depth is maximum compatible source series; distinct definitions, units, seasons and market groups are never summed or allocated"
fodder-galega,Fodder galega,Galega orientalis,SPECIES,Galega orientalis,true,forage-legumes,"[""SEED_PRODUCTION""]",DIRECT_ENTITY_ID,13,NOT_AVAILABLE,CN_MAPPING_NOT_SPECIES_SPECIFIC,5,"[2021,2022,2023,2024,2025]","[""CZ"",""LV""]",PRODUCTION_ONLY; trade geography stays in original COMEXT view,null,2025,true,HIGH_FOR_BOUNDED_IDENTITY,MODERATE,"History depth is maximum compatible source series; distinct definitions, units, seasons and market groups are never summed or allocated"
sunflower,Sunflower,Helianthus annuus,SPECIES,Helianthus annuus,true,oil-fibre-seeds,"[""CATCH_CROP"",""COVER_CROP"",""SEED_PRODUCTION""]",DIRECT_ENTITY_ID,20,NOT_AVAILABLE,CN_MAPPING_CONFIRMED,5,"[2021,2022,2023,2024,2025]","[""AT"",""ES"",""FR"",""HU"",""PT"",""RO"",""SK""]",PRODUCTION_ONLY; trade geography stays in original COMEXT view,null,2025,true,HIGH_FOR_BOUNDED_IDENTITY,MODERATE,"History depth is maximum compatible source series; distinct definitions, units, seasons and market groups are never summed or allocated"
barley,Barley,Hordeum vulgare,SPECIES,Hordeum vulgare,true,cereals-pseudocereals,"[""COVER_CROP"",""SEED_PRODUCTION""]",DIRECT_ENTITY_ID,84,NOT_AVAILABLE,CN_MAPPING_CONFIRMED,5,"[2021,2022,2023,2024,2025]","[""AT"",""CZ"",""DE"",""ES"",""FR"",""LV"",""PT"",""SI"",""SK""]",PRODUCTION_ONLY; trade geography stays in original COMEXT view,null,2025,true,HIGH_FOR_BOUNDED_IDENTITY,MODERATE,"History depth is maximum compatible source series; distinct definitions, units, seasons and market groups are never summed or allocated"
red-pea,Red pea,Lathyrus cicera,SPECIES,Lathyrus cicera,true,grain-legumes,"[""SEED_PRODUCTION""]",DIRECT_ENTITY_ID,10,NOT_AVAILABLE,CN_MAPPING_NOT_SPECIES_SPECIFIC,5,"[2021,2022,2023,2024,2025]","[""PT""]",PRODUCTION_ONLY; trade geography stays in original COMEXT view,null,2025,true,HIGH_FOR_BOUNDED_IDENTITY,MODERATE,"History depth is maximum compatible source series; distinct definitions, units, seasons and market groups are never summed or allocated"
lentil,Lentil,Lens culinaris,SPECIES,Lens culinaris,true,grain-legumes,"[""CATCH_CROP"",""COVER_CROP"",""SEED_PRODUCTION""]",DIRECT_ENTITY_ID,5,NOT_AVAILABLE,CN_MAPPING_PARTIAL,3,"[2021,2023,2024,2025]","[""ES""]",PRODUCTION_ONLY; trade geography stays in original COMEXT view,null,2025,true,HIGH_FOR_BOUNDED_IDENTITY,MODERATE,"History depth is maximum compatible source series; distinct definitions, units, seasons and market groups are never summed or allocated"
hybrid-ryegrass,Hybrid ryegrass,Lolium × hybridum,HYBRID_SPECIES,Lolium × hybridum,true,grass-seeds,"[""CATCH_CROP"",""COVER_CROP"",""SEED_PRODUCTION""]",DIRECT_ENTITY_ID,19,NOT_AVAILABLE,CN_MAPPING_REVIEW_REQUIRED,5,"[2021,2022,2023,2024,2025]","[""AT"",""CZ"",""LV"",""SK""]",PRODUCTION_ONLY; trade geography stays in original COMEXT view,null,2025,true,HIGH_FOR_BOUNDED_IDENTITY,MODERATE,"History depth is maximum compatible source series; distinct definitions, units, seasons and market groups are never summed or allocated"
birdsfoot-trefoil,Birdsfoot trefoil,Lotus corniculatus,SPECIES,Lotus corniculatus,true,forage-legumes,"[""CATCH_CROP"",""COVER_CROP"",""FORAGE"",""SEED_PRODUCTION""]",DIRECT_ENTITY_ID,8,NOT_AVAILABLE,CN_MAPPING_NOT_SPECIES_SPECIFIC,5,"[2021,2022,2023,2024,2025]","[""AT"",""CZ""]",PRODUCTION_ONLY; trade geography stays in original COMEXT view,null,2025,true,HIGH_FOR_BOUNDED_IDENTITY,MODERATE,"History depth is maximum compatible source series; distinct definitions, units, seasons and market groups are never summed or allocated"
black-medick,Black medick,Medicago lupulina,SPECIES,Medicago lupulina,true,forage-legumes,"[""CATCH_CROP"",""COVER_CROP"",""FORAGE"",""SEED_PRODUCTION""]",DIRECT_ENTITY_ID,3,NOT_AVAILABLE,CN_MAPPING_NOT_SPECIES_SPECIFIC,3,"[2023,2024,2025]","[""CZ""]",PRODUCTION_ONLY; trade geography stays in original COMEXT view,null,2025,true,HIGH_FOR_BOUNDED_IDENTITY,MODERATE,"History depth is maximum compatible source series; distinct definitions, units, seasons and market groups are never summed or allocated"
bur-medick,Bur medick,Medicago polymorpha,SPECIES,Medicago polymorpha,true,forage-legumes,"[""SEED_PRODUCTION""]",DIRECT_ENTITY_ID,4,NOT_AVAILABLE,CN_MAPPING_NOT_SPECIES_SPECIFIC,1,"[2022,2024]","[""PT""]",PRODUCTION_ONLY; trade geography stays in original COMEXT view,null,2024,true,HIGH_FOR_BOUNDED_IDENTITY,LIMITED,"History depth is maximum compatible source series; distinct definitions, units, seasons and market groups are never summed or allocated"
hybrid-lucerne,Hybrid lucerne,Medicago × varia,HYBRID_SPECIES,Medicago × varia,true,forage-legumes,"[""SEED_PRODUCTION""]",DIRECT_ENTITY_ID,12,NOT_AVAILABLE,CN_MAPPING_REVIEW_REQUIRED,5,"[2021,2022,2023,2024,2025]","[""LV""]",PRODUCTION_ONLY; trade geography stays in original COMEXT view,null,2025,true,HIGH_FOR_BOUNDED_IDENTITY,MODERATE,"History depth is maximum compatible source series; distinct definitions, units, seasons and market groups are never summed or allocated"
sainfoin,Sainfoin,Onobrychis viciifolia,SPECIES,Onobrychis viciifolia,true,forage-legumes,"[""FORAGE"",""SEED_PRODUCTION""]",DIRECT_ENTITY_ID,12,NOT_AVAILABLE,CN_MAPPING_NOT_SPECIES_SPECIFIC,3,"[2021,2022,2023,2024,2025]","[""CZ"",""ES"",""LV""]",PRODUCTION_ONLY; trade geography stays in original COMEXT view,null,2025,true,HIGH_FOR_BOUNDED_IDENTITY,MODERATE,"History depth is maximum compatible source series; distinct definitions, units, seasons and market groups are never summed or allocated"
yellow-serradella,Yellow serradella,Ornithopus compressus,SPECIES,Ornithopus compressus,true,forage-legumes,"[""SEED_PRODUCTION""]",DIRECT_ENTITY_ID,8,NOT_AVAILABLE,CN_MAPPING_NOT_SPECIES_SPECIFIC,4,"[2021,2022,2023,2024]","[""PT""]",PRODUCTION_ONLY; trade geography stays in original COMEXT view,null,2024,true,HIGH_FOR_BOUNDED_IDENTITY,MODERATE,"History depth is maximum compatible source series; distinct definitions, units, seasons and market groups are never summed or allocated"
serradella,Serradella,Ornithopus sativus,SPECIES,Ornithopus sativus,true,forage-legumes,"[""CATCH_CROP"",""COVER_CROP"",""SEED_PRODUCTION""]",DIRECT_ENTITY_ID,10,NOT_AVAILABLE,CN_MAPPING_NOT_SPECIES_SPECIFIC,5,"[2021,2022,2023,2024,2025]","[""PT""]",PRODUCTION_ONLY; trade geography stays in original COMEXT view,null,2025,true,HIGH_FOR_BOUNDED_IDENTITY,MODERATE,"History depth is maximum compatible source series; distinct definitions, units, seasons and market groups are never summed or allocated"
rice,Rice,Oryza sativa,SPECIES,Oryza sativa,true,cereals-pseudocereals,"[""SEED_PRODUCTION""]",DIRECT_ENTITY_ID,15,NOT_AVAILABLE,CN_MAPPING_CONFIRMED,5,"[2021,2022,2023,2024,2025]","[""ES"",""PT""]",PRODUCTION_ONLY; trade geography stays in original COMEXT view,null,2025,true,HIGH_FOR_BOUNDED_IDENTITY,MODERATE,"History depth is maximum compatible source series; distinct definitions, units, seasons and market groups are never summed or allocated"
proso-millet,Proso millet,Panicum miliaceum,SPECIES,Panicum miliaceum,true,cereals-pseudocereals,"[""SEED_PRODUCTION""]",DIRECT_ENTITY_ID,17,NOT_AVAILABLE,CN_MAPPING_NOT_SPECIES_SPECIFIC,2,"[2023,2024,2025]","[""AT"",""CZ"",""SI"",""SK""]",PRODUCTION_ONLY; trade geography stays in original COMEXT view,null,2025,true,HIGH_FOR_BOUNDED_IDENTITY,LIMITED,"History depth is maximum compatible source series; distinct definitions, units, seasons and market groups are never summed or allocated"
poppy,Opium / seed poppy,Papaver somniferum,SPECIES,Papaver somniferum,true,oil-fibre-seeds,"[""SEED_PRODUCTION""]",DIRECT_ENTITY_ID,12,NOT_AVAILABLE,CN_MAPPING_CONFIRMED,2,"[2023,2024,2025]","[""AT"",""CZ"",""SK""]",PRODUCTION_ONLY; trade geography stays in original COMEXT view,null,2025,true,HIGH_FOR_BOUNDED_IDENTITY,LIMITED,"History depth is maximum compatible source series; distinct definitions, units, seasons and market groups are never summed or allocated"
canary-grass,Canary grass,Phalaris canariensis,SPECIES,Phalaris canariensis,true,cereals-pseudocereals,"[""SEED_PRODUCTION""]",DIRECT_ENTITY_ID,3,NOT_AVAILABLE,CN_MAPPING_PARTIAL,3,"[2023,2024,2025]","[""CZ""]",PRODUCTION_ONLY; trade geography stays in original COMEXT view,null,2025,true,HIGH_FOR_BOUNDED_IDENTITY,MODERATE,"History depth is maximum compatible source series; distinct definitions, units, seasons and market groups are never summed or allocated"
common-bean,Common bean,Phaseolus vulgaris,SPECIES,Phaseolus vulgaris,true,vegetable-seeds,"[""SEED_PRODUCTION""]",DIRECT_ENTITY_ID,5,NOT_AVAILABLE,CN_MAPPING_CONFIRMED,3,"[2021,2023,2024,2025]","[""ES""]",PRODUCTION_ONLY; trade geography stays in original COMEXT view,null,2025,true,HIGH_FOR_BOUNDED_IDENTITY,MODERATE,"History depth is maximum compatible source series; distinct definitions, units, seasons and market groups are never summed or allocated"
ribwort-plantain,Ribwort plantain,Plantago lanceolata,SPECIES,Plantago lanceolata,true,herbs-specialty,"[""CATCH_CROP"",""COVER_CROP"",""FORAGE"",""SEED_PRODUCTION""]",DIRECT_ENTITY_ID,6,NOT_AVAILABLE,CN_MAPPING_NOT_SPECIES_SPECIFIC,3,"[2021,2022,2023]","[""PT""]",PRODUCTION_ONLY; trade geography stays in original COMEXT view,null,2023,true,HIGH_FOR_BOUNDED_IDENTITY,MODERATE,"History depth is maximum compatible source series; distinct definitions, units, seasons and market groups are never summed or allocated"
wood-meadowgrass,Wood meadowgrass,Poa nemoralis,SPECIES,Poa nemoralis,true,grass-seeds,"[""SEED_PRODUCTION""]",DIRECT_ENTITY_ID,3,NOT_AVAILABLE,CN_MAPPING_NOT_SPECIES_SPECIFIC,3,"[2023,2024,2025]","[""CZ""]",PRODUCTION_ONLY; trade geography stays in original COMEXT view,null,2025,true,HIGH_FOR_BOUNDED_IDENTITY,MODERATE,"History depth is maximum compatible source series; distinct definitions, units, seasons and market groups are never summed or allocated"
oilseed-radish-group,Oilseed / fodder radish seed group,Raphanus raphanistrum subsp. sativus,CROP_USE_GROUP,Raphanus raphanistrum,false,brassica-seeds,"[""CATCH_CROP"",""COVER_CROP"",""SEED_PRODUCTION""]",DIRECT_ENTITY_ID,19,NOT_AVAILABLE,CN_MAPPING_REVIEW_REQUIRED,5,"[2021,2022,2023,2024,2025]","[""AT"",""CZ"",""LV"",""SK""]",PRODUCTION_ONLY; trade geography stays in original COMEXT view,null,2025,true,HIGH_FOR_BOUNDED_IDENTITY,MODERATE,"History depth is maximum compatible source series; distinct definitions, units, seasons and market groups are never summed or allocated"
rye,Rye,Secale cereale,SPECIES,Secale cereale,true,cereals-pseudocereals,"[""COVER_CROP"",""SEED_PRODUCTION""]",DIRECT_ENTITY_ID,33,NOT_AVAILABLE,CN_MAPPING_CONFIRMED,5,"[2021,2022,2023,2024,2025]","[""AT"",""CZ"",""ES"",""LV""]",PRODUCTION_ONLY; trade geography stays in original COMEXT view,null,2025,true,HIGH_FOR_BOUNDED_IDENTITY,MODERATE,"History depth is maximum compatible source series; distinct definitions, units, seasons and market groups are never summed or allocated"
foxtail-millet,Foxtail millet,Setaria italica,SPECIES,Setaria italica,true,cereals-pseudocereals,"[""SEED_PRODUCTION""]",DIRECT_ENTITY_ID,3,NOT_AVAILABLE,CN_MAPPING_NOT_SPECIES_SPECIFIC,3,"[2023,2024,2025]","[""CZ""]",PRODUCTION_ONLY; trade geography stays in original COMEXT view,null,2025,true,HIGH_FOR_BOUNDED_IDENTITY,MODERATE,"History depth is maximum compatible source series; distinct definitions, units, seasons and market groups are never summed or allocated"
sorghum,Sorghum,Sorghum bicolor,SPECIES,Sorghum bicolor,true,cereals-pseudocereals,"[""CATCH_CROP"",""COVER_CROP"",""SEED_PRODUCTION""]",DIRECT_ENTITY_ID,12,NOT_AVAILABLE,CN_MAPPING_REVIEW_REQUIRED,3,"[2021,2023,2024,2025]","[""CZ"",""ES"",""SK""]",PRODUCTION_ONLY; trade geography stays in original COMEXT view,null,2025,true,HIGH_FOR_BOUNDED_IDENTITY,MODERATE,"History depth is maximum compatible source series; distinct definitions, units, seasons and market groups are never summed or allocated"
berseem-clover,Berseem / Egyptian clover,Trifolium alexandrinum,SPECIES,Trifolium alexandrinum,true,forage-legumes,"[""CATCH_CROP"",""COVER_CROP"",""SEED_PRODUCTION""]",DIRECT_ENTITY_ID,21,NOT_AVAILABLE,CN_MAPPING_NOT_SPECIES_SPECIFIC,5,"[2021,2022,2023,2024,2025]","[""CZ"",""ES"",""PT"",""SK""]",PRODUCTION_ONLY; trade geography stays in original COMEXT view,null,2025,true,HIGH_FOR_BOUNDED_IDENTITY,MODERATE,"History depth is maximum compatible source series; distinct definitions, units, seasons and market groups are never summed or allocated"
glandular-clover,Glandular clover,Trifolium glanduliferum,SPECIES,Trifolium glanduliferum,true,forage-legumes,"[""SEED_PRODUCTION""]",DIRECT_ENTITY_ID,8,NOT_AVAILABLE,CN_MAPPING_NOT_SPECIES_SPECIFIC,3,"[2021,2022,2023,2025]","[""PT""]",PRODUCTION_ONLY; trade geography stays in original COMEXT view,null,2025,true,HIGH_FOR_BOUNDED_IDENTITY,MODERATE,"History depth is maximum compatible source series; distinct definitions, units, seasons and market groups are never summed or allocated"
rose-clover,Rose clover,Trifolium hirtum,SPECIES,Trifolium hirtum,true,forage-legumes,"[""SEED_PRODUCTION""]",DIRECT_ENTITY_ID,10,NOT_AVAILABLE,CN_MAPPING_NOT_SPECIES_SPECIFIC,5,"[2021,2022,2023,2024,2025]","[""PT""]",PRODUCTION_ONLY; trade geography stays in original COMEXT view,null,2025,true,HIGH_FOR_BOUNDED_IDENTITY,MODERATE,"History depth is maximum compatible source series; distinct definitions, units, seasons and market groups are never summed or allocated"
trifolium-isthmocarpum,Clover,Trifolium isthmocarpum,SPECIES,Trifolium isthmocarpum,true,forage-legumes,"[""SEED_PRODUCTION""]",DIRECT_ENTITY_ID,6,NOT_AVAILABLE,CN_MAPPING_NOT_SPECIES_SPECIFIC,3,"[2022,2023,2024]","[""PT""]",PRODUCTION_ONLY; trade geography stays in original COMEXT view,null,2024,true,HIGH_FOR_BOUNDED_IDENTITY,MODERATE,"History depth is maximum compatible source series; distinct definitions, units, seasons and market groups are never summed or allocated"
balansa-clover,Balansa clover,Trifolium michelianum,SPECIES,Trifolium michelianum,true,forage-legumes,"[""CATCH_CROP"",""COVER_CROP"",""SEED_PRODUCTION""]",DIRECT_ENTITY_ID,10,NOT_AVAILABLE,CN_MAPPING_NOT_SPECIES_SPECIFIC,5,"[2021,2022,2023,2024,2025]","[""PT""]",PRODUCTION_ONLY; trade geography stays in original COMEXT view,null,2025,true,HIGH_FOR_BOUNDED_IDENTITY,MODERATE,"History depth is maximum compatible source series; distinct definitions, units, seasons and market groups are never summed or allocated"
red-zigzag-clover-cross-group,Reported red × zigzag clover cross group,Trifolium pratense × Trifolium medium,HYBRID_FORMULA_GROUP,Trifolium pratense,false,forage-legumes,"[""SEED_PRODUCTION""]",DIRECT_ENTITY_ID,3,NOT_AVAILABLE,CN_MAPPING_REVIEW_REQUIRED,3,"[2023,2024,2025]","[""CZ""]",PRODUCTION_ONLY; trade geography stays in original COMEXT view,null,2025,true,HIGH_FOR_BOUNDED_IDENTITY,MODERATE,"History depth is maximum compatible source series; distinct definitions, units, seasons and market groups are never summed or allocated"
persian-clover,Persian clover,Trifolium resupinatum,SPECIES,Trifolium resupinatum,true,forage-legumes,"[""CATCH_CROP"",""COVER_CROP"",""SEED_PRODUCTION""]",DIRECT_ENTITY_ID,21,NOT_AVAILABLE,CN_MAPPING_NOT_SPECIES_SPECIFIC,5,"[2021,2022,2023,2024,2025]","[""AT"",""CZ"",""ES"",""PT"",""SK""]",PRODUCTION_ONLY; trade geography stays in original COMEXT view,null,2025,true,HIGH_FOR_BOUNDED_IDENTITY,MODERATE,"History depth is maximum compatible source series; distinct definitions, units, seasons and market groups are never summed or allocated"
trifolium-squarrosum,Clover,Trifolium squarrosum,SPECIES,Trifolium squarrosum,true,forage-legumes,"[""CATCH_CROP"",""COVER_CROP"",""SEED_PRODUCTION""]",DIRECT_ENTITY_ID,10,NOT_AVAILABLE,CN_MAPPING_NOT_SPECIES_SPECIFIC,5,"[2021,2022,2023,2024,2025]","[""PT""]",PRODUCTION_ONLY; trade geography stays in original COMEXT view,null,2025,true,HIGH_FOR_BOUNDED_IDENTITY,MODERATE,"History depth is maximum compatible source series; distinct definitions, units, seasons and market groups are never summed or allocated"
arrowleaf-clover,Arrowleaf clover,Trifolium vesiculosum,SPECIES,Trifolium vesiculosum,true,forage-legumes,"[""CATCH_CROP"",""COVER_CROP"",""SEED_PRODUCTION""]",DIRECT_ENTITY_ID,10,NOT_AVAILABLE,CN_MAPPING_NOT_SPECIES_SPECIFIC,5,"[2021,2022,2023,2024,2025]","[""PT""]",PRODUCTION_ONLY; trade geography stays in original COMEXT view,null,2025,true,HIGH_FOR_BOUNDED_IDENTITY,MODERATE,"History depth is maximum compatible source series; distinct definitions, units, seasons and market groups are never summed or allocated"
golden-oatgrass,Golden oatgrass,Trisetum flavescens,SPECIES,Trisetum flavescens,true,grass-seeds,"[""SEED_PRODUCTION""]",DIRECT_ENTITY_ID,5,NOT_AVAILABLE,CN_MAPPING_NOT_SPECIES_SPECIFIC,3,"[2023,2024,2025]","[""AT"",""CZ""]",PRODUCTION_ONLY; trade geography stays in original COMEXT view,null,2025,true,HIGH_FOR_BOUNDED_IDENTITY,MODERATE,"History depth is maximum compatible source series; distinct definitions, units, seasons and market groups are never summed or allocated"
common-wheat,Common wheat; seasons retained,Triticum aestivum,SPECIES,Triticum aestivum,true,cereals-pseudocereals,"[""SEED_PRODUCTION""]",DIRECT_ENTITY_ID,68,NOT_AVAILABLE,CN_MAPPING_NOT_SPECIES_SPECIFIC,5,"[2021,2022,2023,2024,2025]","[""AT"",""CZ"",""DE"",""ES"",""FR"",""LV"",""PT"",""SI"",""SK""]",PRODUCTION_ONLY; trade geography stays in original COMEXT view,null,2025,true,HIGH_FOR_BOUNDED_IDENTITY,MODERATE,"History depth is maximum compatible source series; distinct definitions, units, seasons and market groups are never summed or allocated"
spelt,Spelt,Triticum aestivum subsp. spelta,SUBSPECIES,Triticum aestivum,true,cereals-pseudocereals,"[""SEED_PRODUCTION""]",DIRECT_ENTITY_ID,17,NOT_AVAILABLE,CN_MAPPING_CONFIRMED,3,"[2021,2022,2023,2024,2025]","[""AT"",""CZ"",""ES"",""LV"",""SI""]",PRODUCTION_ONLY; trade geography stays in original COMEXT view,null,2025,true,HIGH_FOR_BOUNDED_IDENTITY,MODERATE,"History depth is maximum compatible source series; distinct definitions, units, seasons and market groups are never summed or allocated"
durum-wheat,Durum wheat,Triticum turgidum subsp. durum,SUBSPECIES,Triticum turgidum,true,cereals-pseudocereals,"[""SEED_PRODUCTION""]",DIRECT_ENTITY_ID,39,NOT_AVAILABLE,CN_MAPPING_CONFIRMED,4,"[2021,2022,2023,2024,2025]","[""AT"",""CZ"",""ES"",""FR"",""GR"",""HU"",""IT"",""LV"",""PT""]",PRODUCTION_ONLY; trade geography stays in original COMEXT view,null,2025,true,HIGH_FOR_BOUNDED_IDENTITY,MODERATE,"History depth is maximum compatible source series; distinct definitions, units, seasons and market groups are never summed or allocated"
purple-vetch,Purple / Bengal vetch,Vicia benghalensis,SPECIES,Vicia benghalensis,true,forage-legumes,"[""SEED_PRODUCTION""]",DIRECT_ENTITY_ID,6,NOT_AVAILABLE,CN_MAPPING_NOT_SPECIES_SPECIFIC,3,"[2023,2024,2025]","[""PT""]",PRODUCTION_ONLY; trade geography stays in original COMEXT view,null,2025,true,HIGH_FOR_BOUNDED_IDENTITY,MODERATE,"History depth is maximum compatible source series; distinct definitions, units, seasons and market groups are never summed or allocated"
bitter-vetch,Bitter vetch,Vicia ervilia,SPECIES,Vicia ervilia,true,grain-legumes,"[""SEED_PRODUCTION""]",DIRECT_ENTITY_ID,5,NOT_AVAILABLE,CN_MAPPING_NOT_SPECIES_SPECIFIC,3,"[2021,2023,2024,2025]","[""ES""]",PRODUCTION_ONLY; trade geography stays in original COMEXT view,null,2025,true,HIGH_FOR_BOUNDED_IDENTITY,MODERATE,"History depth is maximum compatible source series; distinct definitions, units, seasons and market groups are never summed or allocated"
hungarian-vetch,Hungarian vetch,Vicia pannonica,SPECIES,Vicia pannonica,true,forage-legumes,"[""CATCH_CROP"",""COVER_CROP"",""SEED_PRODUCTION""]",DIRECT_ENTITY_ID,14,NOT_AVAILABLE,CN_MAPPING_NOT_SPECIES_SPECIFIC,3,"[2023,2024,2025]","[""AT"",""CZ"",""ES"",""LV"",""SK""]",PRODUCTION_ONLY; trade geography stays in original COMEXT view,null,2025,true,HIGH_FOR_BOUNDED_IDENTITY,MODERATE,"History depth is maximum compatible source series; distinct definitions, units, seasons and market groups are never summed or allocated"
festulolium-group,Festulolium hybrid grass group,× Festulolium,HYBRID_GENUS_GROUP,× Festulolium,false,grass-seeds,"[""CATCH_CROP"",""COVER_CROP"",""SEED_PRODUCTION""]",DIRECT_ENTITY_ID,17,NOT_AVAILABLE,CN_MAPPING_REVIEW_REQUIRED,5,"[2021,2022,2023,2024,2025]","[""CZ"",""LV"",""SK""]",PRODUCTION_ONLY; trade geography stays in original COMEXT view,null,2025,true,HIGH_FOR_BOUNDED_IDENTITY,MODERATE,"History depth is maximum compatible source series; distinct definitions, units, seasons and market groups are never summed or allocated"
triticale-group,Triticale hybrid cereal group,× Triticosecale,HYBRID_GENUS_GROUP,× Triticosecale,false,cereals-pseudocereals,"[""COVER_CROP"",""SEED_PRODUCTION""]",DIRECT_ENTITY_ID,60,NOT_AVAILABLE,CN_MAPPING_PARTIAL,5,"[2021,2022,2023,2024,2025]","[""AT"",""CZ"",""ES"",""LV"",""PT"",""SI""]",PRODUCTION_ONLY; trade geography stays in original COMEXT view,null,2025,true,HIGH_FOR_BOUNDED_IDENTITY,MODERATE,"History depth is maximum compatible source series; distinct definitions, units, seasons and market groups are never summed or allocated"
white-mustard,White mustard,Sinapis alba,SPECIES,Sinapis alba,true,brassica-seeds,"[""CATCH_CROP"",""COVER_CROP""]",NOT_AVAILABLE,0,GROUP_LEVEL,CN_MAPPING_NOT_SPECIES_SPECIFIC,0,[],[],PRODUCTION_ONLY; trade geography stays in original COMEXT view,2026-06,null,true,HIGH_FOR_BOUNDED_IDENTITY,DATA_GAP,"History depth is maximum compatible source series; distinct definitions, units, seasons and market groups are never summed or allocated"
brown-mustard,Brown mustard,Brassica juncea,SPECIES,Brassica juncea,true,brassica-seeds,"[""CATCH_CROP"",""COVER_CROP""]",NOT_AVAILABLE,0,GROUP_LEVEL,CN_MAPPING_NOT_SPECIES_SPECIFIC,0,[],[],PRODUCTION_ONLY; trade geography stays in original COMEXT view,2026-06,null,true,HIGH_FOR_BOUNDED_IDENTITY,DATA_GAP,"History depth is maximum compatible source series; distinct definitions, units, seasons and market groups are never summed or allocated"
black-mustard,Black mustard,Brassica nigra,SPECIES,Brassica nigra,true,brassica-seeds,"[""CATCH_CROP"",""COVER_CROP""]",NOT_AVAILABLE,0,GROUP_LEVEL,CN_MAPPING_NOT_SPECIES_SPECIFIC,0,[],[],PRODUCTION_ONLY; trade geography stays in original COMEXT view,2026-06,null,true,HIGH_FOR_BOUNDED_IDENTITY,DATA_GAP,"History depth is maximum compatible source series; distinct definitions, units, seasons and market groups are never summed or allocated"
ethiopian-mustard,Ethiopian mustard,Brassica carinata,SPECIES,Brassica carinata,true,brassica-seeds,"[""CATCH_CROP"",""COVER_CROP""]",NOT_AVAILABLE,0,NOT_AVAILABLE,CN_MAPPING_NOT_AVAILABLE,0,[],[],PRODUCTION_ONLY; trade geography stays in original COMEXT view,null,null,true,HIGH_FOR_BOUNDED_IDENTITY,DATA_GAP,"History depth is maximum compatible source series; distinct definitions, units, seasons and market groups are never summed or allocated"
narrow-leaved-lupin,Narrow-leaved lupin,Lupinus angustifolius,SPECIES,Lupinus angustifolius,true,grain-legumes,"[""CATCH_CROP"",""COVER_CROP""]",NOT_AVAILABLE,0,GROUP_LEVEL,CN_MAPPING_NOT_SPECIES_SPECIFIC,0,[],[],PRODUCTION_ONLY; trade geography stays in original COMEXT view,2026-06,null,true,HIGH_FOR_BOUNDED_IDENTITY,DATA_GAP,"History depth is maximum compatible source series; distinct definitions, units, seasons and market groups are never summed or allocated"
yellow-lupin,Yellow lupin,Lupinus luteus,SPECIES,Lupinus luteus,true,grain-legumes,"[""CATCH_CROP"",""COVER_CROP""]",NOT_AVAILABLE,0,GROUP_LEVEL,CN_MAPPING_NOT_SPECIES_SPECIFIC,0,[],[],PRODUCTION_ONLY; trade geography stays in original COMEXT view,2026-06,null,true,HIGH_FOR_BOUNDED_IDENTITY,DATA_GAP,"History depth is maximum compatible source series; distinct definitions, units, seasons and market groups are never summed or allocated"
white-lupin,White lupin,Lupinus albus,SPECIES,Lupinus albus,true,grain-legumes,"[""CATCH_CROP"",""COVER_CROP""]",NOT_AVAILABLE,0,GROUP_LEVEL,CN_MAPPING_NOT_SPECIES_SPECIFIC,0,[],[],PRODUCTION_ONLY; trade geography stays in original COMEXT view,2026-06,null,true,HIGH_FOR_BOUNDED_IDENTITY,DATA_GAP,"History depth is maximum compatible source series; distinct definitions, units, seasons and market groups are never summed or allocated"
subterranean-clover,Subterranean clover,Trifolium subterraneum,SPECIES,Trifolium subterraneum,true,forage-legumes,"[""CATCH_CROP"",""COVER_CROP""]",NOT_AVAILABLE,0,NOT_AVAILABLE,CN_MAPPING_NOT_AVAILABLE,0,[],[],PRODUCTION_ONLY; trade geography stays in original COMEXT view,null,null,true,HIGH_FOR_BOUNDED_IDENTITY,DATA_GAP,"History depth is maximum compatible source series; distinct definitions, units, seasons and market groups are never summed or allocated"
fenugreek,Fenugreek,Trigonella foenum-graecum,SPECIES,Trigonella foenum-graecum,true,herbs-specialty,"[""CATCH_CROP"",""COVER_CROP""]",NOT_AVAILABLE,0,NOT_AVAILABLE,CN_MAPPING_NOT_AVAILABLE,0,[],[],PRODUCTION_ONLY; trade geography stays in original COMEXT view,null,null,true,HIGH_FOR_BOUNDED_IDENTITY,DATA_GAP,"History depth is maximum compatible source series; distinct definitions, units, seasons and market groups are never summed or allocated"
borage,Borage,Borago officinalis,SPECIES,Borago officinalis,true,herbs-specialty,"[""CATCH_CROP"",""COVER_CROP""]",NOT_AVAILABLE,0,NOT_AVAILABLE,CN_MAPPING_NOT_AVAILABLE,0,[],[],PRODUCTION_ONLY; trade geography stays in original COMEXT view,null,null,true,HIGH_FOR_BOUNDED_IDENTITY,DATA_GAP,"History depth is maximum compatible source series; distinct definitions, units, seasons and market groups are never summed or allocated"
dill,Dill,Anethum graveolens,SPECIES,Anethum graveolens,true,herbs-specialty,"[""CATCH_CROP"",""COVER_CROP""]",NOT_AVAILABLE,0,NOT_AVAILABLE,CN_MAPPING_NOT_AVAILABLE,0,[],[],PRODUCTION_ONLY; trade geography stays in original COMEXT view,null,null,true,HIGH_FOR_BOUNDED_IDENTITY,DATA_GAP,"History depth is maximum compatible source series; distinct definitions, units, seasons and market groups are never summed or allocated"
garden-cress,Garden cress,Lepidium sativum,SPECIES,Lepidium sativum,true,vegetable-seeds,"[""CATCH_CROP"",""COVER_CROP""]",NOT_AVAILABLE,0,NOT_AVAILABLE,CN_MAPPING_NOT_AVAILABLE,0,[],[],PRODUCTION_ONLY; trade geography stays in original COMEXT view,null,null,true,HIGH_FOR_BOUNDED_IDENTITY,DATA_GAP,"History depth is maximum compatible source series; distinct definitions, units, seasons and market groups are never summed or allocated"
sunn-hemp,Sunn hemp,Crotalaria juncea,SPECIES,Crotalaria juncea,true,forage-legumes,"[""CATCH_CROP"",""COVER_CROP""]",NOT_AVAILABLE,0,NOT_AVAILABLE,CN_MAPPING_NOT_AVAILABLE,0,[],[],PRODUCTION_ONLY; trade geography stays in original COMEXT view,null,null,true,HIGH_FOR_BOUNDED_IDENTITY,DATA_GAP,"History depth is maximum compatible source series; distinct definitions, units, seasons and market groups are never summed or allocated"
coriander,Coriander,Coriandrum sativum,SPECIES,Coriandrum sativum,true,herbs-specialty,"[""CATCH_CROP"",""COVER_CROP""]",NOT_AVAILABLE,0,NOT_AVAILABLE,CN_MAPPING_NOT_AVAILABLE,0,[],[],PRODUCTION_ONLY; trade geography stays in original COMEXT view,null,null,true,HIGH_FOR_BOUNDED_IDENTITY,DATA_GAP,"History depth is maximum compatible source series; distinct definitions, units, seasons and market groups are never summed or allocated"
niger,Niger,Guizotia abyssinica,SPECIES,Guizotia abyssinica,true,oil-fibre-seeds,"[""CATCH_CROP"",""COVER_CROP""]",NOT_AVAILABLE,0,NOT_AVAILABLE,CN_MAPPING_NOT_AVAILABLE,0,[],[],PRODUCTION_ONLY; trade geography stays in original COMEXT view,null,null,true,HIGH_FOR_BOUNDED_IDENTITY,DATA_GAP,"History depth is maximum compatible source series; distinct definitions, units, seasons and market groups are never summed or allocated"
sudan-grass,Sudan grass,Sorghum sudanense,SOURCE_MARKET_TAXON,Sorghum sudanense,false,cereals-pseudocereals,"[""CATCH_CROP"",""COVER_CROP""]",NOT_AVAILABLE,0,NOT_AVAILABLE,CN_MAPPING_NOT_AVAILABLE,0,[],[],PRODUCTION_ONLY; trade geography stays in original COMEXT view,null,null,false,REVIEW_REQUIRED,DATA_GAP,"History depth is maximum compatible source series; distinct definitions, units, seasons and market groups are never summed or allocated"
sorghum-sudan-hybrid-group,Sorghum × Sudan grass hybrid group,Sorghum bicolor × Sorghum sudanense,HYBRID_FORMULA_GROUP,Sorghum bicolor,false,cereals-pseudocereals,"[""CATCH_CROP"",""COVER_CROP""]",NOT_AVAILABLE,0,NOT_AVAILABLE,CN_MAPPING_NOT_AVAILABLE,0,[],[],PRODUCTION_ONLY; trade geography stays in original COMEXT view,null,null,true,HIGH_FOR_BOUNDED_IDENTITY,DATA_GAP,"History depth is maximum compatible source series; distinct definitions, units, seasons and market groups are never summed or allocated"
tall-fescue,Tall fescue,Festuca arundinacea,SPECIES,Festuca arundinacea,true,grass-seeds,"[""FORAGE""]",NOT_AVAILABLE,0,NOT_AVAILABLE,CN_MAPPING_NOT_AVAILABLE,0,[],[],PRODUCTION_ONLY; trade geography stays in original COMEXT view,null,null,true,HIGH_FOR_BOUNDED_IDENTITY,DATA_GAP,"History depth is maximum compatible source series; distinct definitions, units, seasons and market groups are never summed or allocated"
white-sweetclover,White sweetclover,Melilotus albus,SPECIES,Melilotus albus,true,forage-legumes,"[""COVER_CROP""]",NOT_AVAILABLE,0,NOT_AVAILABLE,CN_MAPPING_NOT_AVAILABLE,0,[],[],PRODUCTION_ONLY; trade geography stays in original COMEXT view,null,null,true,HIGH_FOR_BOUNDED_IDENTITY,DATA_GAP,"History depth is maximum compatible source series; distinct definitions, units, seasons and market groups are never summed or allocated"
yellow-sweetclover,Yellow sweetclover,Melilotus officinalis,SPECIES,Melilotus officinalis,true,forage-legumes,"[""COVER_CROP""]",NOT_AVAILABLE,0,NOT_AVAILABLE,CN_MAPPING_NOT_AVAILABLE,0,[],[],PRODUCTION_ONLY; trade geography stays in original COMEXT view,null,null,true,HIGH_FOR_BOUNDED_IDENTITY,DATA_GAP,"History depth is maximum compatible source series; distinct definitions, units, seasons and market groups are never summed or allocated"
quinoa,Quinoa,Chenopodium quinoa,SPECIES,Chenopodium quinoa,true,cereals-pseudocereals,"[""COVER_CROP""]",NOT_AVAILABLE,0,NOT_AVAILABLE,CN_MAPPING_NOT_AVAILABLE,0,[],[],PRODUCTION_ONLY; trade geography stays in original COMEXT view,null,null,true,HIGH_FOR_BOUNDED_IDENTITY,DATA_GAP,"History depth is maximum compatible source series; distinct definitions, units, seasons and market groups are never summed or allocated"
onion,Onion / shallot,Allium cepa,SPECIES,Allium cepa,true,vegetable-seeds,"[""VEGETABLE""]",NOT_AVAILABLE,0,NOT_AVAILABLE,CN_MAPPING_NOT_AVAILABLE,0,[],[],PRODUCTION_ONLY; trade geography stays in original COMEXT view,null,null,true,HIGH_FOR_BOUNDED_IDENTITY,DATA_GAP,"History depth is maximum compatible source series; distinct definitions, units, seasons and market groups are never summed or allocated"
bunching-onion,Bunching onion,Allium fistulosum,SPECIES,Allium fistulosum,true,vegetable-seeds,"[""VEGETABLE""]",NOT_AVAILABLE,0,NOT_AVAILABLE,CN_MAPPING_NOT_AVAILABLE,0,[],[],PRODUCTION_ONLY; trade geography stays in original COMEXT view,null,null,true,HIGH_FOR_BOUNDED_IDENTITY,DATA_GAP,"History depth is maximum compatible source series; distinct definitions, units, seasons and market groups are never summed or allocated"
leek,Leek,Allium porrum,SPECIES,Allium porrum,true,vegetable-seeds,"[""VEGETABLE""]",NOT_AVAILABLE,0,NOT_AVAILABLE,CN_MAPPING_NOT_AVAILABLE,0,[],[],PRODUCTION_ONLY; trade geography stays in original COMEXT view,null,null,true,HIGH_FOR_BOUNDED_IDENTITY,DATA_GAP,"History depth is maximum compatible source series; distinct definitions, units, seasons and market groups are never summed or allocated"
garlic,Garlic,Allium sativum,SPECIES,Allium sativum,false,other-propagation,"[""VEGETABLE""]",NOT_AVAILABLE,0,NOT_AVAILABLE,CN_MAPPING_NOT_AVAILABLE,0,[],[],PRODUCTION_ONLY; trade geography stays in original COMEXT view,null,null,true,HIGH_FOR_BOUNDED_IDENTITY,DATA_GAP,"History depth is maximum compatible source series; distinct definitions, units, seasons and market groups are never summed or allocated"
chives,Chives,Allium schoenoprasum,SPECIES,Allium schoenoprasum,true,vegetable-seeds,"[""VEGETABLE""]",NOT_AVAILABLE,0,NOT_AVAILABLE,CN_MAPPING_NOT_AVAILABLE,0,[],[],PRODUCTION_ONLY; trade geography stays in original COMEXT view,null,null,true,HIGH_FOR_BOUNDED_IDENTITY,DATA_GAP,"History depth is maximum compatible source series; distinct definitions, units, seasons and market groups are never summed or allocated"
chervil,Chervil,Anthriscus cerefolium,SPECIES,Anthriscus cerefolium,true,vegetable-seeds,"[""VEGETABLE""]",NOT_AVAILABLE,0,NOT_AVAILABLE,CN_MAPPING_NOT_AVAILABLE,0,[],[],PRODUCTION_ONLY; trade geography stays in original COMEXT view,null,null,true,HIGH_FOR_BOUNDED_IDENTITY,DATA_GAP,"History depth is maximum compatible source series; distinct definitions, units, seasons and market groups are never summed or allocated"
celery,Celery / celeriac,Apium graveolens,SPECIES,Apium graveolens,true,vegetable-seeds,"[""VEGETABLE""]",NOT_AVAILABLE,0,NOT_AVAILABLE,CN_MAPPING_NOT_AVAILABLE,0,[],[],PRODUCTION_ONLY; trade geography stays in original COMEXT view,null,null,true,HIGH_FOR_BOUNDED_IDENTITY,DATA_GAP,"History depth is maximum compatible source series; distinct definitions, units, seasons and market groups are never summed or allocated"
asparagus,Asparagus,Asparagus officinalis,SPECIES,Asparagus officinalis,true,vegetable-seeds,"[""VEGETABLE""]",NOT_AVAILABLE,0,NOT_AVAILABLE,CN_MAPPING_NOT_AVAILABLE,0,[],[],PRODUCTION_ONLY; trade geography stays in original COMEXT view,null,null,true,HIGH_FOR_BOUNDED_IDENTITY,DATA_GAP,"History depth is maximum compatible source series; distinct definitions, units, seasons and market groups are never summed or allocated"
cabbage,Cabbage / kale / broccoli crop types,Brassica oleracea,SPECIES,Brassica oleracea,true,vegetable-seeds,"[""COVER_CROP"",""VEGETABLE""]",NOT_AVAILABLE,0,NOT_AVAILABLE,CN_MAPPING_NOT_AVAILABLE,0,[],[],PRODUCTION_ONLY; trade geography stays in original COMEXT view,null,null,true,HIGH_FOR_BOUNDED_IDENTITY,DATA_GAP,"History depth is maximum compatible source series; distinct definitions, units, seasons and market groups are never summed or allocated"
endive,Endive,Cichorium endivia,SPECIES,Cichorium endivia,true,vegetable-seeds,"[""VEGETABLE""]",NOT_AVAILABLE,0,NOT_AVAILABLE,CN_MAPPING_NOT_AVAILABLE,0,[],[],PRODUCTION_ONLY; trade geography stays in original COMEXT view,null,null,true,HIGH_FOR_BOUNDED_IDENTITY,DATA_GAP,"History depth is maximum compatible source series; distinct definitions, units, seasons and market groups are never summed or allocated"
chicory,Chicory,Cichorium intybus,SPECIES,Cichorium intybus,true,vegetable-seeds,"[""COVER_CROP"",""FORAGE"",""VEGETABLE""]",NOT_AVAILABLE,0,NOT_AVAILABLE,CN_MAPPING_NOT_AVAILABLE,0,[],[],PRODUCTION_ONLY; trade geography stays in original COMEXT view,null,null,true,HIGH_FOR_BOUNDED_IDENTITY,DATA_GAP,"History depth is maximum compatible source series; distinct definitions, units, seasons and market groups are never summed or allocated"
watermelon,Watermelon,Citrullus lanatus,SPECIES,Citrullus lanatus,true,vegetable-seeds,"[""VEGETABLE""]",NOT_AVAILABLE,0,NOT_AVAILABLE,CN_MAPPING_NOT_AVAILABLE,0,[],[],PRODUCTION_ONLY; trade geography stays in original COMEXT view,null,null,true,HIGH_FOR_BOUNDED_IDENTITY,DATA_GAP,"History depth is maximum compatible source series; distinct definitions, units, seasons and market groups are never summed or allocated"
melon,Melon,Cucumis melo,SPECIES,Cucumis melo,true,vegetable-seeds,"[""VEGETABLE""]",NOT_AVAILABLE,0,NOT_AVAILABLE,CN_MAPPING_NOT_AVAILABLE,0,[],[],PRODUCTION_ONLY; trade geography stays in original COMEXT view,null,null,true,HIGH_FOR_BOUNDED_IDENTITY,DATA_GAP,"History depth is maximum compatible source series; distinct definitions, units, seasons and market groups are never summed or allocated"
cucumber,Cucumber / gherkin,Cucumis sativus,SPECIES,Cucumis sativus,true,vegetable-seeds,"[""VEGETABLE""]",NOT_AVAILABLE,0,NOT_AVAILABLE,CN_MAPPING_NOT_AVAILABLE,0,[],[],PRODUCTION_ONLY; trade geography stays in original COMEXT view,null,null,true,HIGH_FOR_BOUNDED_IDENTITY,DATA_GAP,"History depth is maximum compatible source series; distinct definitions, units, seasons and market groups are never summed or allocated"
winter-squash,Winter squash,Cucurbita maxima,SPECIES,Cucurbita maxima,true,vegetable-seeds,"[""VEGETABLE""]",NOT_AVAILABLE,0,NOT_AVAILABLE,CN_MAPPING_NOT_AVAILABLE,0,[],[],PRODUCTION_ONLY; trade geography stays in original COMEXT view,null,null,true,HIGH_FOR_BOUNDED_IDENTITY,DATA_GAP,"History depth is maximum compatible source series; distinct definitions, units, seasons and market groups are never summed or allocated"
courgette,Courgette / pumpkin,Cucurbita pepo,SPECIES,Cucurbita pepo,true,vegetable-seeds,"[""VEGETABLE""]",NOT_AVAILABLE,0,NOT_AVAILABLE,CN_MAPPING_NOT_AVAILABLE,0,[],[],PRODUCTION_ONLY; trade geography stays in original COMEXT view,null,null,true,HIGH_FOR_BOUNDED_IDENTITY,DATA_GAP,"History depth is maximum compatible source series; distinct definitions, units, seasons and market groups are never summed or allocated"
artichoke,Globe artichoke / cardoon,Cynara cardunculus,SPECIES,Cynara cardunculus,true,vegetable-seeds,"[""VEGETABLE""]",NOT_AVAILABLE,0,NOT_AVAILABLE,CN_MAPPING_NOT_AVAILABLE,0,[],[],PRODUCTION_ONLY; trade geography stays in original COMEXT view,null,null,true,HIGH_FOR_BOUNDED_IDENTITY,DATA_GAP,"History depth is maximum compatible source series; distinct definitions, units, seasons and market groups are never summed or allocated"
carrot,Carrot,Daucus carota,SPECIES,Daucus carota,true,vegetable-seeds,"[""VEGETABLE""]",NOT_AVAILABLE,0,NOT_AVAILABLE,CN_MAPPING_NOT_AVAILABLE,0,[],[],PRODUCTION_ONLY; trade geography stays in original COMEXT view,null,null,true,HIGH_FOR_BOUNDED_IDENTITY,DATA_GAP,"History depth is maximum compatible source series; distinct definitions, units, seasons and market groups are never summed or allocated"
fennel,Fennel,Foeniculum vulgare,SPECIES,Foeniculum vulgare,true,vegetable-seeds,"[""VEGETABLE""]",NOT_AVAILABLE,0,NOT_AVAILABLE,CN_MAPPING_NOT_AVAILABLE,0,[],[],PRODUCTION_ONLY; trade geography stays in original COMEXT view,null,null,true,HIGH_FOR_BOUNDED_IDENTITY,DATA_GAP,"History depth is maximum compatible source series; distinct definitions, units, seasons and market groups are never summed or allocated"
lettuce,Lettuce,Lactuca sativa,SPECIES,Lactuca sativa,true,vegetable-seeds,"[""VEGETABLE""]",NOT_AVAILABLE,0,NOT_AVAILABLE,CN_MAPPING_NOT_AVAILABLE,0,[],[],PRODUCTION_ONLY; trade geography stays in original COMEXT view,null,null,true,HIGH_FOR_BOUNDED_IDENTITY,DATA_GAP,"History depth is maximum compatible source series; distinct definitions, units, seasons and market groups are never summed or allocated"
tomato,Tomato,Solanum lycopersicum,SPECIES,Solanum lycopersicum,true,vegetable-seeds,"[""VEGETABLE""]",NOT_AVAILABLE,0,NOT_AVAILABLE,CN_MAPPING_NOT_AVAILABLE,0,[],[],PRODUCTION_ONLY; trade geography stays in original COMEXT view,null,null,true,HIGH_FOR_BOUNDED_IDENTITY,DATA_GAP,"History depth is maximum compatible source series; distinct definitions, units, seasons and market groups are never summed or allocated"
parsley,Parsley,Petroselinum crispum,SPECIES,Petroselinum crispum,true,vegetable-seeds,"[""CATCH_CROP"",""COVER_CROP"",""VEGETABLE""]",NOT_AVAILABLE,0,NOT_AVAILABLE,CN_MAPPING_NOT_AVAILABLE,0,[],[],PRODUCTION_ONLY; trade geography stays in original COMEXT view,null,null,true,HIGH_FOR_BOUNDED_IDENTITY,DATA_GAP,"History depth is maximum compatible source series; distinct definitions, units, seasons and market groups are never summed or allocated"
runner-bean,Runner bean,Phaseolus coccineus,SPECIES,Phaseolus coccineus,true,vegetable-seeds,"[""VEGETABLE""]",NOT_AVAILABLE,0,NOT_AVAILABLE,CN_MAPPING_NOT_AVAILABLE,0,[],[],PRODUCTION_ONLY; trade geography stays in original COMEXT view,null,null,true,HIGH_FOR_BOUNDED_IDENTITY,DATA_GAP,"History depth is maximum compatible source series; distinct definitions, units, seasons and market groups are never summed or allocated"
rhubarb,Rhubarb,Rheum rhabarbarum,SPECIES,Rheum rhabarbarum,true,vegetable-seeds,"[""VEGETABLE""]",NOT_AVAILABLE,0,NOT_AVAILABLE,CN_MAPPING_NOT_AVAILABLE,0,[],[],PRODUCTION_ONLY; trade geography stays in original COMEXT view,null,null,true,HIGH_FOR_BOUNDED_IDENTITY,DATA_GAP,"History depth is maximum compatible source series; distinct definitions, units, seasons and market groups are never summed or allocated"
black-salsify,Black salsify,Scorzonera hispanica,SPECIES,Scorzonera hispanica,true,vegetable-seeds,"[""VEGETABLE""]",NOT_AVAILABLE,0,NOT_AVAILABLE,CN_MAPPING_NOT_AVAILABLE,0,[],[],PRODUCTION_ONLY; trade geography stays in original COMEXT view,null,null,true,HIGH_FOR_BOUNDED_IDENTITY,DATA_GAP,"History depth is maximum compatible source series; distinct definitions, units, seasons and market groups are never summed or allocated"
aubergine,Aubergine,Solanum melongena,SPECIES,Solanum melongena,true,vegetable-seeds,"[""VEGETABLE""]",NOT_AVAILABLE,0,NOT_AVAILABLE,CN_MAPPING_NOT_AVAILABLE,0,[],[],PRODUCTION_ONLY; trade geography stays in original COMEXT view,null,null,true,HIGH_FOR_BOUNDED_IDENTITY,DATA_GAP,"History depth is maximum compatible source series; distinct definitions, units, seasons and market groups are never summed or allocated"
spinach,Spinach,Spinacia oleracea,SPECIES,Spinacia oleracea,true,vegetable-seeds,"[""VEGETABLE""]",NOT_AVAILABLE,0,NOT_AVAILABLE,CN_MAPPING_NOT_AVAILABLE,0,[],[],PRODUCTION_ONLY; trade geography stays in original COMEXT view,null,null,true,HIGH_FOR_BOUNDED_IDENTITY,DATA_GAP,"History depth is maximum compatible source series; distinct definitions, units, seasons and market groups are never summed or allocated"
lambs-lettuce,Lamb's lettuce,Valerianella locusta,SPECIES,Valerianella locusta,true,vegetable-seeds,"[""VEGETABLE""]",NOT_AVAILABLE,0,NOT_AVAILABLE,CN_MAPPING_NOT_AVAILABLE,0,[],[],PRODUCTION_ONLY; trade geography stays in original COMEXT view,null,null,true,HIGH_FOR_BOUNDED_IDENTITY,DATA_GAP,"History depth is maximum compatible source series; distinct definitions, units, seasons and market groups are never summed or allocated"
cultivated-radish,Cultivated radish,Raphanus raphanistrum subsp. sativus,SUBSPECIES,Raphanus raphanistrum,true,brassica-seeds,"[""CATCH_CROP"",""COVER_CROP"",""VEGETABLE""]",NOT_AVAILABLE,0,NOT_AVAILABLE,CN_MAPPING_NOT_AVAILABLE,0,[],[],PRODUCTION_ONLY; trade geography stays in original COMEXT view,null,null,true,HIGH_FOR_BOUNDED_IDENTITY,DATA_GAP,"History depth is maximum compatible source series; distinct definitions, units, seasons and market groups are never summed or allocated"
