id,botanical_name,status,market_slugs,cn8,species_values_allocated,source,existing_public_artifact,history_concordance
alfalfa,Medicago sativa,SPECIES_SPECIFIC,"[""alfalfa-lucerne""]","[""12092100""]",true,Eurostat COMEXT DS-045409,market_public.json,Existing accepted dataset only; 2026 nomenclature not projected backwards
field-pea,Pisum sativum,SPECIES_SPECIFIC,"[""field-peas""]","[""07131010""]",true,Eurostat COMEXT DS-045409,market_public.json,Existing accepted dataset only; 2026 nomenclature not projected backwards
flax,Linum usitatissimum,SPECIES_SPECIFIC,"[""flax-linseed-for-sowing""]","[""12040010""]",true,Eurostat COMEXT DS-045409,market_public.json,Existing accepted dataset only; 2026 nomenclature not projected backwards
italian-ryegrass,Lolium multiflorum,SPECIES_SPECIFIC,"[""italian-ryegrass""]","[""12092510""]",true,Eurostat COMEXT DS-045409,market_public.json,Existing accepted dataset only; 2026 nomenclature not projected backwards
kentucky-bluegrass,Poa pratensis,SPECIES_SPECIFIC,"[""kentucky-bluegrass""]","[""12092400""]",true,Eurostat COMEXT DS-045409,market_public.json,Existing accepted dataset only; 2026 nomenclature not projected backwards
lupins,Lupinus spp.,GROUP_LEVEL,"[""lupins""]","[""12092950""]",false,Eurostat COMEXT DS-045409,market_public.json,Existing accepted dataset only; 2026 nomenclature not projected backwards
meadow-fescue,Festuca pratensis,SPECIES_SPECIFIC,"[""meadow-fescue""]","[""12092311""]",true,Eurostat COMEXT DS-045409,market_public.json,Existing accepted dataset only; 2026 nomenclature not projected backwards
mustard-seed,null,GROUP_LEVEL,"[""mustard-seed-for-sowing""]","[""12075010""]",false,Eurostat COMEXT DS-045409,market_public.json,Existing accepted dataset only; 2026 nomenclature not projected backwards
perennial-ryegrass,Lolium perenne,SPECIES_SPECIFIC,"[""perennial-ryegrass""]","[""12092590""]",true,Eurostat COMEXT DS-045409,market_public.json,Existing accepted dataset only; 2026 nomenclature not projected backwards
red-clover,Trifolium pratense,SPECIES_SPECIFIC,"[""red-clover""]","[""12092210""]",true,Eurostat COMEXT DS-045409,market_public.json,Existing accepted dataset only; 2026 nomenclature not projected backwards
red-fescue,Festuca rubra,SPECIES_SPECIFIC,"[""red-fescue""]","[""12092315""]",true,Eurostat COMEXT DS-045409,market_public.json,Existing accepted dataset only; 2026 nomenclature not projected backwards
common-vetch,Vicia sativa,NOT_AVAILABLE,[],[],false,Eurostat COMEXT DS-045409,market_public.json,Existing accepted dataset only; 2026 nomenclature not projected backwards
winter-vetch,Vicia villosa Roth,NOT_AVAILABLE,[],[],false,Eurostat COMEXT DS-045409,market_public.json,Existing accepted dataset only; 2026 nomenclature not projected backwards
caraway,Carum carvi,NOT_AVAILABLE,[],[],false,Eurostat COMEXT DS-045409,market_public.json,Existing accepted dataset only; 2026 nomenclature not projected backwards
winter-wheat,Triticum aestivum,NOT_AVAILABLE,[],[],false,Eurostat COMEXT DS-045409,market_public.json,Existing accepted dataset only; 2026 nomenclature not projected backwards
potato,Solanum tuberosum,NOT_AVAILABLE,[],[],false,Eurostat COMEXT DS-045409,market_public.json,Existing accepted dataset only; 2026 nomenclature not projected backwards
maize,Zea mays,NOT_AVAILABLE,[],[],false,Eurostat COMEXT DS-045409,market_public.json,Existing accepted dataset only; 2026 nomenclature not projected backwards
white-clover,Trifolium repens,NOT_AVAILABLE,[],[],false,Eurostat COMEXT DS-045409,market_public.json,Existing accepted dataset only; 2026 nomenclature not projected backwards
crimson-clover,Trifolium incarnatum,NOT_AVAILABLE,[],[],false,Eurostat COMEXT DS-045409,market_public.json,Existing accepted dataset only; 2026 nomenclature not projected backwards
alsike-clover,Trifolium hybridum,NOT_AVAILABLE,[],[],false,Eurostat COMEXT DS-045409,market_public.json,Existing accepted dataset only; 2026 nomenclature not projected backwards
faba-bean,Vicia faba,NOT_AVAILABLE,[],[],false,Eurostat COMEXT DS-045409,market_public.json,Existing accepted dataset only; 2026 nomenclature not projected backwards
soybean,Glycine max,NOT_AVAILABLE,[],[],false,Eurostat COMEXT DS-045409,market_public.json,Existing accepted dataset only; 2026 nomenclature not projected backwards
phacelia,Phacelia tanacetifolia,NOT_AVAILABLE,[],[],false,Eurostat COMEXT DS-045409,market_public.json,Existing accepted dataset only; 2026 nomenclature not projected backwards
buckwheat,Fagopyrum esculentum,NOT_AVAILABLE,[],[],false,Eurostat COMEXT DS-045409,market_public.json,Existing accepted dataset only; 2026 nomenclature not projected backwards
hemp,Cannabis sativa,NOT_AVAILABLE,[],[],false,Eurostat COMEXT DS-045409,market_public.json,Existing accepted dataset only; 2026 nomenclature not projected backwards
timothy,Phleum pratense,NOT_AVAILABLE,[],[],false,Eurostat COMEXT DS-045409,market_public.json,Existing accepted dataset only; 2026 nomenclature not projected backwards
annual-ryegrass,Lolium multiflorum,NOT_AVAILABLE,[],[],false,Eurostat COMEXT DS-045409,market_public.json,Existing accepted dataset only; 2026 nomenclature not projected backwards
fescues,Festuca spp.,NOT_AVAILABLE,[],[],false,Eurostat COMEXT DS-045409,market_public.json,Existing accepted dataset only; 2026 nomenclature not projected backwards
browntop,Agrostis capillaris,NOT_AVAILABLE,[],[],false,Eurostat COMEXT DS-045409,market_public.json,Existing accepted dataset only; 2026 nomenclature not projected backwards
meadow-foxtail,Alopecurus pratensis,NOT_AVAILABLE,[],[],false,Eurostat COMEXT DS-045409,market_public.json,Existing accepted dataset only; 2026 nomenclature not projected backwards
tall-oatgrass,Arrhenatherum elatius,NOT_AVAILABLE,[],[],false,Eurostat COMEXT DS-045409,market_public.json,Existing accepted dataset only; 2026 nomenclature not projected backwards
naked-oat,Avena nuda,NOT_AVAILABLE,[],[],false,Eurostat COMEXT DS-045409,market_public.json,Existing accepted dataset only; 2026 nomenclature not projected backwards
oat,Avena sativa,NOT_AVAILABLE,[],[],false,Eurostat COMEXT DS-045409,market_public.json,Existing accepted dataset only; 2026 nomenclature not projected backwards
black-oat,Avena strigosa,NOT_AVAILABLE,[],[],false,Eurostat COMEXT DS-045409,market_public.json,Existing accepted dataset only; 2026 nomenclature not projected backwards
beet-chard,Beta vulgaris,NOT_AVAILABLE,[],[],false,Eurostat COMEXT DS-045409,market_public.json,Existing accepted dataset only; 2026 nomenclature not projected backwards
biserrula,Biserrula pelecinus,NOT_AVAILABLE,[],[],false,Eurostat COMEXT DS-045409,market_public.json,Existing accepted dataset only; 2026 nomenclature not projected backwards
rapeseed,Brassica napus,NOT_AVAILABLE,[],[],false,Eurostat COMEXT DS-045409,market_public.json,Existing accepted dataset only; 2026 nomenclature not projected backwards
swede-seed-group,Brassica napus,NOT_AVAILABLE,[],[],false,Eurostat COMEXT DS-045409,market_public.json,Existing accepted dataset only; 2026 nomenclature not projected backwards
turnip-rape,Brassica rapa,NOT_AVAILABLE,[],[],false,Eurostat COMEXT DS-045409,market_public.json,Existing accepted dataset only; 2026 nomenclature not projected backwards
camelina,Camelina sativa,NOT_AVAILABLE,[],[],false,Eurostat COMEXT DS-045409,market_public.json,Existing accepted dataset only; 2026 nomenclature not projected backwards
pepper,Capsicum annuum,NOT_AVAILABLE,[],[],false,Eurostat COMEXT DS-045409,market_public.json,Existing accepted dataset only; 2026 nomenclature not projected backwards
safflower,Carthamus tinctorius,NOT_AVAILABLE,[],[],false,Eurostat COMEXT DS-045409,market_public.json,Existing accepted dataset only; 2026 nomenclature not projected backwards
chickpea,Cicer arietinum,NOT_AVAILABLE,[],[],false,Eurostat COMEXT DS-045409,market_public.json,Existing accepted dataset only; 2026 nomenclature not projected backwards
cocksfoot,Dactylis glomerata,NOT_AVAILABLE,[],[],false,Eurostat COMEXT DS-045409,market_public.json,Existing accepted dataset only; 2026 nomenclature not projected backwards
fodder-galega,Galega orientalis,NOT_AVAILABLE,[],[],false,Eurostat COMEXT DS-045409,market_public.json,Existing accepted dataset only; 2026 nomenclature not projected backwards
sunflower,Helianthus annuus,NOT_AVAILABLE,[],[],false,Eurostat COMEXT DS-045409,market_public.json,Existing accepted dataset only; 2026 nomenclature not projected backwards
barley,Hordeum vulgare,NOT_AVAILABLE,[],[],false,Eurostat COMEXT DS-045409,market_public.json,Existing accepted dataset only; 2026 nomenclature not projected backwards
red-pea,Lathyrus cicera,NOT_AVAILABLE,[],[],false,Eurostat COMEXT DS-045409,market_public.json,Existing accepted dataset only; 2026 nomenclature not projected backwards
lentil,Lens culinaris,NOT_AVAILABLE,[],[],false,Eurostat COMEXT DS-045409,market_public.json,Existing accepted dataset only; 2026 nomenclature not projected backwards
hybrid-ryegrass,Lolium × hybridum,NOT_AVAILABLE,[],[],false,Eurostat COMEXT DS-045409,market_public.json,Existing accepted dataset only; 2026 nomenclature not projected backwards
birdsfoot-trefoil,Lotus corniculatus,NOT_AVAILABLE,[],[],false,Eurostat COMEXT DS-045409,market_public.json,Existing accepted dataset only; 2026 nomenclature not projected backwards
black-medick,Medicago lupulina,NOT_AVAILABLE,[],[],false,Eurostat COMEXT DS-045409,market_public.json,Existing accepted dataset only; 2026 nomenclature not projected backwards
bur-medick,Medicago polymorpha,NOT_AVAILABLE,[],[],false,Eurostat COMEXT DS-045409,market_public.json,Existing accepted dataset only; 2026 nomenclature not projected backwards
hybrid-lucerne,Medicago × varia,NOT_AVAILABLE,[],[],false,Eurostat COMEXT DS-045409,market_public.json,Existing accepted dataset only; 2026 nomenclature not projected backwards
sainfoin,Onobrychis viciifolia,NOT_AVAILABLE,[],[],false,Eurostat COMEXT DS-045409,market_public.json,Existing accepted dataset only; 2026 nomenclature not projected backwards
yellow-serradella,Ornithopus compressus,NOT_AVAILABLE,[],[],false,Eurostat COMEXT DS-045409,market_public.json,Existing accepted dataset only; 2026 nomenclature not projected backwards
serradella,Ornithopus sativus,NOT_AVAILABLE,[],[],false,Eurostat COMEXT DS-045409,market_public.json,Existing accepted dataset only; 2026 nomenclature not projected backwards
rice,Oryza sativa,NOT_AVAILABLE,[],[],false,Eurostat COMEXT DS-045409,market_public.json,Existing accepted dataset only; 2026 nomenclature not projected backwards
proso-millet,Panicum miliaceum,NOT_AVAILABLE,[],[],false,Eurostat COMEXT DS-045409,market_public.json,Existing accepted dataset only; 2026 nomenclature not projected backwards
poppy,Papaver somniferum,NOT_AVAILABLE,[],[],false,Eurostat COMEXT DS-045409,market_public.json,Existing accepted dataset only; 2026 nomenclature not projected backwards
canary-grass,Phalaris canariensis,NOT_AVAILABLE,[],[],false,Eurostat COMEXT DS-045409,market_public.json,Existing accepted dataset only; 2026 nomenclature not projected backwards
common-bean,Phaseolus vulgaris,NOT_AVAILABLE,[],[],false,Eurostat COMEXT DS-045409,market_public.json,Existing accepted dataset only; 2026 nomenclature not projected backwards
ribwort-plantain,Plantago lanceolata,NOT_AVAILABLE,[],[],false,Eurostat COMEXT DS-045409,market_public.json,Existing accepted dataset only; 2026 nomenclature not projected backwards
wood-meadowgrass,Poa nemoralis,NOT_AVAILABLE,[],[],false,Eurostat COMEXT DS-045409,market_public.json,Existing accepted dataset only; 2026 nomenclature not projected backwards
oilseed-radish-group,Raphanus raphanistrum subsp. sativus,NOT_AVAILABLE,[],[],false,Eurostat COMEXT DS-045409,market_public.json,Existing accepted dataset only; 2026 nomenclature not projected backwards
rye,Secale cereale,NOT_AVAILABLE,[],[],false,Eurostat COMEXT DS-045409,market_public.json,Existing accepted dataset only; 2026 nomenclature not projected backwards
foxtail-millet,Setaria italica,NOT_AVAILABLE,[],[],false,Eurostat COMEXT DS-045409,market_public.json,Existing accepted dataset only; 2026 nomenclature not projected backwards
sorghum,Sorghum bicolor,NOT_AVAILABLE,[],[],false,Eurostat COMEXT DS-045409,market_public.json,Existing accepted dataset only; 2026 nomenclature not projected backwards
berseem-clover,Trifolium alexandrinum,NOT_AVAILABLE,[],[],false,Eurostat COMEXT DS-045409,market_public.json,Existing accepted dataset only; 2026 nomenclature not projected backwards
glandular-clover,Trifolium glanduliferum,NOT_AVAILABLE,[],[],false,Eurostat COMEXT DS-045409,market_public.json,Existing accepted dataset only; 2026 nomenclature not projected backwards
rose-clover,Trifolium hirtum,NOT_AVAILABLE,[],[],false,Eurostat COMEXT DS-045409,market_public.json,Existing accepted dataset only; 2026 nomenclature not projected backwards
trifolium-isthmocarpum,Trifolium isthmocarpum,NOT_AVAILABLE,[],[],false,Eurostat COMEXT DS-045409,market_public.json,Existing accepted dataset only; 2026 nomenclature not projected backwards
balansa-clover,Trifolium michelianum,NOT_AVAILABLE,[],[],false,Eurostat COMEXT DS-045409,market_public.json,Existing accepted dataset only; 2026 nomenclature not projected backwards
red-zigzag-clover-cross-group,Trifolium pratense × Trifolium medium,NOT_AVAILABLE,[],[],false,Eurostat COMEXT DS-045409,market_public.json,Existing accepted dataset only; 2026 nomenclature not projected backwards
persian-clover,Trifolium resupinatum,NOT_AVAILABLE,[],[],false,Eurostat COMEXT DS-045409,market_public.json,Existing accepted dataset only; 2026 nomenclature not projected backwards
trifolium-squarrosum,Trifolium squarrosum,NOT_AVAILABLE,[],[],false,Eurostat COMEXT DS-045409,market_public.json,Existing accepted dataset only; 2026 nomenclature not projected backwards
arrowleaf-clover,Trifolium vesiculosum,NOT_AVAILABLE,[],[],false,Eurostat COMEXT DS-045409,market_public.json,Existing accepted dataset only; 2026 nomenclature not projected backwards
golden-oatgrass,Trisetum flavescens,NOT_AVAILABLE,[],[],false,Eurostat COMEXT DS-045409,market_public.json,Existing accepted dataset only; 2026 nomenclature not projected backwards
common-wheat,Triticum aestivum,NOT_AVAILABLE,[],[],false,Eurostat COMEXT DS-045409,market_public.json,Existing accepted dataset only; 2026 nomenclature not projected backwards
spelt,Triticum aestivum subsp. spelta,NOT_AVAILABLE,[],[],false,Eurostat COMEXT DS-045409,market_public.json,Existing accepted dataset only; 2026 nomenclature not projected backwards
durum-wheat,Triticum turgidum subsp. durum,NOT_AVAILABLE,[],[],false,Eurostat COMEXT DS-045409,market_public.json,Existing accepted dataset only; 2026 nomenclature not projected backwards
purple-vetch,Vicia benghalensis,NOT_AVAILABLE,[],[],false,Eurostat COMEXT DS-045409,market_public.json,Existing accepted dataset only; 2026 nomenclature not projected backwards
bitter-vetch,Vicia ervilia,NOT_AVAILABLE,[],[],false,Eurostat COMEXT DS-045409,market_public.json,Existing accepted dataset only; 2026 nomenclature not projected backwards
hungarian-vetch,Vicia pannonica,NOT_AVAILABLE,[],[],false,Eurostat COMEXT DS-045409,market_public.json,Existing accepted dataset only; 2026 nomenclature not projected backwards
festulolium-group,× Festulolium,NOT_AVAILABLE,[],[],false,Eurostat COMEXT DS-045409,market_public.json,Existing accepted dataset only; 2026 nomenclature not projected backwards
triticale-group,× Triticosecale,NOT_AVAILABLE,[],[],false,Eurostat COMEXT DS-045409,market_public.json,Existing accepted dataset only; 2026 nomenclature not projected backwards
white-mustard,Sinapis alba,GROUP_LEVEL,"[""mustard-seed-for-sowing""]","[""12075010""]",false,Eurostat COMEXT DS-045409,market_public.json,Existing accepted dataset only; 2026 nomenclature not projected backwards
brown-mustard,Brassica juncea,GROUP_LEVEL,"[""mustard-seed-for-sowing""]","[""12075010""]",false,Eurostat COMEXT DS-045409,market_public.json,Existing accepted dataset only; 2026 nomenclature not projected backwards
black-mustard,Brassica nigra,GROUP_LEVEL,"[""mustard-seed-for-sowing""]","[""12075010""]",false,Eurostat COMEXT DS-045409,market_public.json,Existing accepted dataset only; 2026 nomenclature not projected backwards
ethiopian-mustard,Brassica carinata,NOT_AVAILABLE,[],[],false,Eurostat COMEXT DS-045409,market_public.json,Existing accepted dataset only; 2026 nomenclature not projected backwards
narrow-leaved-lupin,Lupinus angustifolius,GROUP_LEVEL,"[""lupins""]","[""12092950""]",false,Eurostat COMEXT DS-045409,market_public.json,Existing accepted dataset only; 2026 nomenclature not projected backwards
yellow-lupin,Lupinus luteus,GROUP_LEVEL,"[""lupins""]","[""12092950""]",false,Eurostat COMEXT DS-045409,market_public.json,Existing accepted dataset only; 2026 nomenclature not projected backwards
white-lupin,Lupinus albus,GROUP_LEVEL,"[""lupins""]","[""12092950""]",false,Eurostat COMEXT DS-045409,market_public.json,Existing accepted dataset only; 2026 nomenclature not projected backwards
subterranean-clover,Trifolium subterraneum,NOT_AVAILABLE,[],[],false,Eurostat COMEXT DS-045409,market_public.json,Existing accepted dataset only; 2026 nomenclature not projected backwards
fenugreek,Trigonella foenum-graecum,NOT_AVAILABLE,[],[],false,Eurostat COMEXT DS-045409,market_public.json,Existing accepted dataset only; 2026 nomenclature not projected backwards
borage,Borago officinalis,NOT_AVAILABLE,[],[],false,Eurostat COMEXT DS-045409,market_public.json,Existing accepted dataset only; 2026 nomenclature not projected backwards
dill,Anethum graveolens,NOT_AVAILABLE,[],[],false,Eurostat COMEXT DS-045409,market_public.json,Existing accepted dataset only; 2026 nomenclature not projected backwards
garden-cress,Lepidium sativum,NOT_AVAILABLE,[],[],false,Eurostat COMEXT DS-045409,market_public.json,Existing accepted dataset only; 2026 nomenclature not projected backwards
sunn-hemp,Crotalaria juncea,NOT_AVAILABLE,[],[],false,Eurostat COMEXT DS-045409,market_public.json,Existing accepted dataset only; 2026 nomenclature not projected backwards
coriander,Coriandrum sativum,NOT_AVAILABLE,[],[],false,Eurostat COMEXT DS-045409,market_public.json,Existing accepted dataset only; 2026 nomenclature not projected backwards
niger,Guizotia abyssinica,NOT_AVAILABLE,[],[],false,Eurostat COMEXT DS-045409,market_public.json,Existing accepted dataset only; 2026 nomenclature not projected backwards
sudan-grass,Sorghum sudanense,NOT_AVAILABLE,[],[],false,Eurostat COMEXT DS-045409,market_public.json,Existing accepted dataset only; 2026 nomenclature not projected backwards
sorghum-sudan-hybrid-group,Sorghum bicolor × Sorghum sudanense,NOT_AVAILABLE,[],[],false,Eurostat COMEXT DS-045409,market_public.json,Existing accepted dataset only; 2026 nomenclature not projected backwards
tall-fescue,Festuca arundinacea,NOT_AVAILABLE,[],[],false,Eurostat COMEXT DS-045409,market_public.json,Existing accepted dataset only; 2026 nomenclature not projected backwards
white-sweetclover,Melilotus albus,NOT_AVAILABLE,[],[],false,Eurostat COMEXT DS-045409,market_public.json,Existing accepted dataset only; 2026 nomenclature not projected backwards
yellow-sweetclover,Melilotus officinalis,NOT_AVAILABLE,[],[],false,Eurostat COMEXT DS-045409,market_public.json,Existing accepted dataset only; 2026 nomenclature not projected backwards
quinoa,Chenopodium quinoa,NOT_AVAILABLE,[],[],false,Eurostat COMEXT DS-045409,market_public.json,Existing accepted dataset only; 2026 nomenclature not projected backwards
onion,Allium cepa,NOT_AVAILABLE,[],[],false,Eurostat COMEXT DS-045409,market_public.json,Existing accepted dataset only; 2026 nomenclature not projected backwards
bunching-onion,Allium fistulosum,NOT_AVAILABLE,[],[],false,Eurostat COMEXT DS-045409,market_public.json,Existing accepted dataset only; 2026 nomenclature not projected backwards
leek,Allium porrum,NOT_AVAILABLE,[],[],false,Eurostat COMEXT DS-045409,market_public.json,Existing accepted dataset only; 2026 nomenclature not projected backwards
garlic,Allium sativum,NOT_AVAILABLE,[],[],false,Eurostat COMEXT DS-045409,market_public.json,Existing accepted dataset only; 2026 nomenclature not projected backwards
chives,Allium schoenoprasum,NOT_AVAILABLE,[],[],false,Eurostat COMEXT DS-045409,market_public.json,Existing accepted dataset only; 2026 nomenclature not projected backwards
chervil,Anthriscus cerefolium,NOT_AVAILABLE,[],[],false,Eurostat COMEXT DS-045409,market_public.json,Existing accepted dataset only; 2026 nomenclature not projected backwards
celery,Apium graveolens,NOT_AVAILABLE,[],[],false,Eurostat COMEXT DS-045409,market_public.json,Existing accepted dataset only; 2026 nomenclature not projected backwards
asparagus,Asparagus officinalis,NOT_AVAILABLE,[],[],false,Eurostat COMEXT DS-045409,market_public.json,Existing accepted dataset only; 2026 nomenclature not projected backwards
cabbage,Brassica oleracea,NOT_AVAILABLE,[],[],false,Eurostat COMEXT DS-045409,market_public.json,Existing accepted dataset only; 2026 nomenclature not projected backwards
endive,Cichorium endivia,NOT_AVAILABLE,[],[],false,Eurostat COMEXT DS-045409,market_public.json,Existing accepted dataset only; 2026 nomenclature not projected backwards
chicory,Cichorium intybus,NOT_AVAILABLE,[],[],false,Eurostat COMEXT DS-045409,market_public.json,Existing accepted dataset only; 2026 nomenclature not projected backwards
watermelon,Citrullus lanatus,NOT_AVAILABLE,[],[],false,Eurostat COMEXT DS-045409,market_public.json,Existing accepted dataset only; 2026 nomenclature not projected backwards
melon,Cucumis melo,NOT_AVAILABLE,[],[],false,Eurostat COMEXT DS-045409,market_public.json,Existing accepted dataset only; 2026 nomenclature not projected backwards
cucumber,Cucumis sativus,NOT_AVAILABLE,[],[],false,Eurostat COMEXT DS-045409,market_public.json,Existing accepted dataset only; 2026 nomenclature not projected backwards
winter-squash,Cucurbita maxima,NOT_AVAILABLE,[],[],false,Eurostat COMEXT DS-045409,market_public.json,Existing accepted dataset only; 2026 nomenclature not projected backwards
courgette,Cucurbita pepo,NOT_AVAILABLE,[],[],false,Eurostat COMEXT DS-045409,market_public.json,Existing accepted dataset only; 2026 nomenclature not projected backwards
artichoke,Cynara cardunculus,NOT_AVAILABLE,[],[],false,Eurostat COMEXT DS-045409,market_public.json,Existing accepted dataset only; 2026 nomenclature not projected backwards
carrot,Daucus carota,NOT_AVAILABLE,[],[],false,Eurostat COMEXT DS-045409,market_public.json,Existing accepted dataset only; 2026 nomenclature not projected backwards
fennel,Foeniculum vulgare,NOT_AVAILABLE,[],[],false,Eurostat COMEXT DS-045409,market_public.json,Existing accepted dataset only; 2026 nomenclature not projected backwards
lettuce,Lactuca sativa,NOT_AVAILABLE,[],[],false,Eurostat COMEXT DS-045409,market_public.json,Existing accepted dataset only; 2026 nomenclature not projected backwards
tomato,Solanum lycopersicum,NOT_AVAILABLE,[],[],false,Eurostat COMEXT DS-045409,market_public.json,Existing accepted dataset only; 2026 nomenclature not projected backwards
parsley,Petroselinum crispum,NOT_AVAILABLE,[],[],false,Eurostat COMEXT DS-045409,market_public.json,Existing accepted dataset only; 2026 nomenclature not projected backwards
runner-bean,Phaseolus coccineus,NOT_AVAILABLE,[],[],false,Eurostat COMEXT DS-045409,market_public.json,Existing accepted dataset only; 2026 nomenclature not projected backwards
rhubarb,Rheum rhabarbarum,NOT_AVAILABLE,[],[],false,Eurostat COMEXT DS-045409,market_public.json,Existing accepted dataset only; 2026 nomenclature not projected backwards
black-salsify,Scorzonera hispanica,NOT_AVAILABLE,[],[],false,Eurostat COMEXT DS-045409,market_public.json,Existing accepted dataset only; 2026 nomenclature not projected backwards
aubergine,Solanum melongena,NOT_AVAILABLE,[],[],false,Eurostat COMEXT DS-045409,market_public.json,Existing accepted dataset only; 2026 nomenclature not projected backwards
spinach,Spinacia oleracea,NOT_AVAILABLE,[],[],false,Eurostat COMEXT DS-045409,market_public.json,Existing accepted dataset only; 2026 nomenclature not projected backwards
lambs-lettuce,Valerianella locusta,NOT_AVAILABLE,[],[],false,Eurostat COMEXT DS-045409,market_public.json,Existing accepted dataset only; 2026 nomenclature not projected backwards
cultivated-radish,Raphanus raphanistrum subsp. sativus,NOT_AVAILABLE,[],[],false,Eurostat COMEXT DS-045409,market_public.json,Existing accepted dataset only; 2026 nomenclature not projected backwards
