canonical_species_id,botanical_name,cn_status,entity_statuses,sowing_seed_codes,species_specific_trade,mapping_changed,limitation
browntop,Agrostis capillaris,GROUP_LEVEL,"{""browntop"":""GROUP_LEVEL""}","[""12092945""]",false,false,Recovered mapping audited for scope; no newly invented or historical CN relationship.
onion,Allium cepa,NOT_AVAILABLE,"{""onion"":""NOT_AVAILABLE""}",[],false,false,Recovered mapping audited for scope; no newly invented or historical CN relationship.
bunching-onion,Allium fistulosum,NOT_AVAILABLE,"{""bunching-onion"":""NOT_AVAILABLE""}",[],false,false,Recovered mapping audited for scope; no newly invented or historical CN relationship.
leek,Allium porrum,NOT_AVAILABLE,"{""leek"":""NOT_AVAILABLE""}",[],false,false,Recovered mapping audited for scope; no newly invented or historical CN relationship.
chives,Allium schoenoprasum,NOT_AVAILABLE,"{""chives"":""NOT_AVAILABLE""}",[],false,false,Recovered mapping audited for scope; no newly invented or historical CN relationship.
meadow-foxtail,Alopecurus pratensis,GROUP_LEVEL,"{""meadow-foxtail"":""GROUP_LEVEL""}","[""12092980""]",false,false,Recovered mapping audited for scope; no newly invented or historical CN relationship.
dill,Anethum graveolens,NOT_AVAILABLE,"{""dill"":""NOT_AVAILABLE""}",[],false,false,Recovered mapping audited for scope; no newly invented or historical CN relationship.
chervil,Anthriscus cerefolium,NOT_AVAILABLE,"{""chervil"":""NOT_AVAILABLE""}",[],false,false,Recovered mapping audited for scope; no newly invented or historical CN relationship.
celery,Apium graveolens,NOT_AVAILABLE,"{""celery"":""NOT_AVAILABLE""}",[],false,false,Recovered mapping audited for scope; no newly invented or historical CN relationship.
tall-oatgrass,Arrhenatherum elatius,GROUP_LEVEL,"{""tall-oatgrass"":""GROUP_LEVEL""}","[""12092980""]",false,false,Recovered mapping audited for scope; no newly invented or historical CN relationship.
asparagus,Asparagus officinalis,NOT_AVAILABLE,"{""asparagus"":""NOT_AVAILABLE""}",[],false,false,Recovered mapping audited for scope; no newly invented or historical CN relationship.
naked-oat,Avena nuda,GROUP_LEVEL,"{""naked-oat"":""GROUP_LEVEL""}","[""10041000""]",false,false,Recovered mapping audited for scope; no newly invented or historical CN relationship.
oat,Avena sativa,GROUP_LEVEL,"{""oat"":""GROUP_LEVEL""}","[""10041000""]",false,false,Recovered mapping audited for scope; no newly invented or historical CN relationship.
black-oat,Avena strigosa,GROUP_LEVEL,"{""black-oat"":""GROUP_LEVEL""}","[""10041000""]",false,false,Recovered mapping audited for scope; no newly invented or historical CN relationship.
beet-chard,Beta vulgaris,REVIEW_REQUIRED,"{""beet-chard"":""REVIEW_REQUIRED""}",[],false,false,Recovered mapping audited for scope; no newly invented or historical CN relationship.
biserrula,Biserrula pelecinus,GROUP_LEVEL,"{""biserrula"":""GROUP_LEVEL""}","[""12092980""]",false,false,Recovered mapping audited for scope; no newly invented or historical CN relationship.
borage,Borago officinalis,NOT_AVAILABLE,"{""borage"":""NOT_AVAILABLE""}",[],false,false,Recovered mapping audited for scope; no newly invented or historical CN relationship.
ethiopian-mustard,Brassica carinata,NOT_AVAILABLE,"{""ethiopian-mustard"":""NOT_AVAILABLE""}",[],false,false,Recovered mapping audited for scope; no newly invented or historical CN relationship.
brown-mustard,Brassica juncea,GROUP_LEVEL,"{""brown-mustard"":""GROUP_LEVEL""}","[""12075010""]",false,false,Recovered mapping audited for scope; no newly invented or historical CN relationship.
rapeseed,Brassica napus,PARTIAL,"{""rapeseed"":""PARTIAL""}","[""12051010""]",false,false,Recovered mapping audited for scope; no newly invented or historical CN relationship.
black-mustard,Brassica nigra,GROUP_LEVEL,"{""black-mustard"":""GROUP_LEVEL""}","[""12075010""]",false,false,Recovered mapping audited for scope; no newly invented or historical CN relationship.
cabbage,Brassica oleracea,NOT_AVAILABLE,"{""cabbage"":""NOT_AVAILABLE""}",[],false,false,Recovered mapping audited for scope; no newly invented or historical CN relationship.
turnip-rape,Brassica rapa,PARTIAL,"{""turnip-rape"":""PARTIAL""}","[""12051010""]",false,false,Recovered mapping audited for scope; no newly invented or historical CN relationship.
camelina,Camelina sativa,REVIEW_REQUIRED,"{""camelina"":""REVIEW_REQUIRED""}",[],false,false,Recovered mapping audited for scope; no newly invented or historical CN relationship.
hemp,Cannabis sativa,GROUP_LEVEL,"{""hemp"":""GROUP_LEVEL""}","[""12079920""]",false,false,Recovered mapping audited for scope; no newly invented or historical CN relationship.
pepper,Capsicum annuum,GROUP_LEVEL,"{""pepper"":""GROUP_LEVEL""}","[""12099180""]",false,false,Recovered mapping audited for scope; no newly invented or historical CN relationship.
safflower,Carthamus tinctorius,PARTIAL,"{""safflower"":""PARTIAL""}","[""12076000""]",false,false,Recovered mapping audited for scope; no newly invented or historical CN relationship.
caraway,Carum carvi,PARTIAL,"{""caraway"":""PARTIAL""}",[],false,false,Recovered mapping audited for scope; no newly invented or historical CN relationship.
quinoa,Chenopodium quinoa,NOT_AVAILABLE,"{""quinoa"":""NOT_AVAILABLE""}",[],false,false,Recovered mapping audited for scope; no newly invented or historical CN relationship.
chickpea,Cicer arietinum,PARTIAL,"{""chickpea"":""PARTIAL""}","[""07132000""]",false,false,Recovered mapping audited for scope; no newly invented or historical CN relationship.
endive,Cichorium endivia,NOT_AVAILABLE,"{""endive"":""NOT_AVAILABLE""}",[],false,false,Recovered mapping audited for scope; no newly invented or historical CN relationship.
chicory,Cichorium intybus,NOT_AVAILABLE,"{""chicory"":""NOT_AVAILABLE""}",[],false,false,Recovered mapping audited for scope; no newly invented or historical CN relationship.
watermelon,Citrullus lanatus,NOT_AVAILABLE,"{""watermelon"":""NOT_AVAILABLE""}",[],false,false,Recovered mapping audited for scope; no newly invented or historical CN relationship.
coriander,Coriandrum sativum,NOT_AVAILABLE,"{""coriander"":""NOT_AVAILABLE""}",[],false,false,Recovered mapping audited for scope; no newly invented or historical CN relationship.
sunn-hemp,Crotalaria juncea,NOT_AVAILABLE,"{""sunn-hemp"":""NOT_AVAILABLE""}",[],false,false,Recovered mapping audited for scope; no newly invented or historical CN relationship.
melon,Cucumis melo,NOT_AVAILABLE,"{""melon"":""NOT_AVAILABLE""}",[],false,false,Recovered mapping audited for scope; no newly invented or historical CN relationship.
cucumber,Cucumis sativus,NOT_AVAILABLE,"{""cucumber"":""NOT_AVAILABLE""}",[],false,false,Recovered mapping audited for scope; no newly invented or historical CN relationship.
winter-squash,Cucurbita maxima,NOT_AVAILABLE,"{""winter-squash"":""NOT_AVAILABLE""}",[],false,false,Recovered mapping audited for scope; no newly invented or historical CN relationship.
courgette,Cucurbita pepo,NOT_AVAILABLE,"{""courgette"":""NOT_AVAILABLE""}",[],false,false,Recovered mapping audited for scope; no newly invented or historical CN relationship.
artichoke,Cynara cardunculus,NOT_AVAILABLE,"{""artichoke"":""NOT_AVAILABLE""}",[],false,false,Recovered mapping audited for scope; no newly invented or historical CN relationship.
cocksfoot,Dactylis glomerata,GROUP_LEVEL,"{""cocksfoot"":""GROUP_LEVEL""}","[""12092945""]",false,false,Recovered mapping audited for scope; no newly invented or historical CN relationship.
carrot,Daucus carota,NOT_AVAILABLE,"{""carrot"":""NOT_AVAILABLE""}",[],false,false,Recovered mapping audited for scope; no newly invented or historical CN relationship.
buckwheat,Fagopyrum esculentum,PARTIAL,"{""buckwheat"":""PARTIAL""}",[],false,false,Recovered mapping audited for scope; no newly invented or historical CN relationship.
tall-fescue,Festuca arundinacea,NOT_AVAILABLE,"{""tall-fescue"":""NOT_AVAILABLE""}",[],false,false,Recovered mapping audited for scope; no newly invented or historical CN relationship.
meadow-fescue,Festuca pratensis,CONFIRMED,"{""meadow-fescue"":""CONFIRMED""}","[""12092311""]",true,false,Recovered mapping audited for scope; no newly invented or historical CN relationship.
red-fescue,Festuca rubra,CONFIRMED,"{""red-fescue"":""CONFIRMED""}","[""12092315""]",true,false,Recovered mapping audited for scope; no newly invented or historical CN relationship.
fennel,Foeniculum vulgare,NOT_AVAILABLE,"{""fennel"":""NOT_AVAILABLE""}",[],false,false,Recovered mapping audited for scope; no newly invented or historical CN relationship.
fodder-galega,Galega orientalis,GROUP_LEVEL,"{""fodder-galega"":""GROUP_LEVEL""}","[""12092980""]",false,false,Recovered mapping audited for scope; no newly invented or historical CN relationship.
soybean,Glycine max,CONFIRMED,"{""soybean"":""CONFIRMED""}","[""12011000""]",false,false,Recovered mapping audited for scope; no newly invented or historical CN relationship.
niger,Guizotia abyssinica,NOT_AVAILABLE,"{""niger"":""NOT_AVAILABLE""}",[],false,false,Recovered mapping audited for scope; no newly invented or historical CN relationship.
sunflower,Helianthus annuus,CONFIRMED,"{""sunflower"":""CONFIRMED""}","[""12060010""]",false,false,Recovered mapping audited for scope; no newly invented or historical CN relationship.
barley,Hordeum vulgare,CONFIRMED,"{""barley"":""CONFIRMED""}","[""10031000""]",false,false,Recovered mapping audited for scope; no newly invented or historical CN relationship.
lettuce,Lactuca sativa,NOT_AVAILABLE,"{""lettuce"":""NOT_AVAILABLE""}",[],false,false,Recovered mapping audited for scope; no newly invented or historical CN relationship.
red-pea,Lathyrus cicera,GROUP_LEVEL,"{""red-pea"":""GROUP_LEVEL""}","[""12092980""]",false,false,Recovered mapping audited for scope; no newly invented or historical CN relationship.
lentil,Lens culinaris,PARTIAL,"{""lentil"":""PARTIAL""}","[""07134000""]",false,false,Recovered mapping audited for scope; no newly invented or historical CN relationship.
garden-cress,Lepidium sativum,NOT_AVAILABLE,"{""garden-cress"":""NOT_AVAILABLE""}",[],false,false,Recovered mapping audited for scope; no newly invented or historical CN relationship.
flax,Linum usitatissimum,CONFIRMED,"{""flax"":""CONFIRMED""}","[""12040010""]",true,false,Recovered mapping audited for scope; no newly invented or historical CN relationship.
italian-ryegrass,Lolium multiflorum,CONFIRMED,"{""italian-ryegrass"":""CONFIRMED""}","[""12092510""]",true,false,Recovered mapping audited for scope; no newly invented or historical CN relationship.
perennial-ryegrass,Lolium perenne,CONFIRMED,"{""perennial-ryegrass"":""CONFIRMED""}","[""12092590""]",true,false,Recovered mapping audited for scope; no newly invented or historical CN relationship.
hybrid-ryegrass,Lolium × hybridum,REVIEW_REQUIRED,"{""hybrid-ryegrass"":""REVIEW_REQUIRED""}",[],false,false,Recovered mapping audited for scope; no newly invented or historical CN relationship.
birdsfoot-trefoil,Lotus corniculatus,GROUP_LEVEL,"{""birdsfoot-trefoil"":""GROUP_LEVEL""}","[""12092980""]",false,false,Recovered mapping audited for scope; no newly invented or historical CN relationship.
white-lupin,Lupinus albus,GROUP_LEVEL,"{""white-lupin"":""GROUP_LEVEL""}","[""12092950""]",false,false,Recovered mapping audited for scope; no newly invented or historical CN relationship.
narrow-leaved-lupin,Lupinus angustifolius,GROUP_LEVEL,"{""narrow-leaved-lupin"":""GROUP_LEVEL""}","[""12092950""]",false,false,Recovered mapping audited for scope; no newly invented or historical CN relationship.
yellow-lupin,Lupinus luteus,GROUP_LEVEL,"{""yellow-lupin"":""GROUP_LEVEL""}","[""12092950""]",false,false,Recovered mapping audited for scope; no newly invented or historical CN relationship.
black-medick,Medicago lupulina,GROUP_LEVEL,"{""black-medick"":""GROUP_LEVEL""}","[""12092980""]",false,false,Recovered mapping audited for scope; no newly invented or historical CN relationship.
bur-medick,Medicago polymorpha,GROUP_LEVEL,"{""bur-medick"":""GROUP_LEVEL""}","[""12092980""]",false,false,Recovered mapping audited for scope; no newly invented or historical CN relationship.
alfalfa,Medicago sativa,CONFIRMED,"{""alfalfa"":""CONFIRMED""}","[""12092100""]",true,false,Recovered mapping audited for scope; no newly invented or historical CN relationship.
hybrid-lucerne,Medicago × varia,REVIEW_REQUIRED,"{""hybrid-lucerne"":""REVIEW_REQUIRED""}",[],false,false,Recovered mapping audited for scope; no newly invented or historical CN relationship.
white-sweetclover,Melilotus albus,NOT_AVAILABLE,"{""white-sweetclover"":""NOT_AVAILABLE""}",[],false,false,Recovered mapping audited for scope; no newly invented or historical CN relationship.
yellow-sweetclover,Melilotus officinalis,NOT_AVAILABLE,"{""yellow-sweetclover"":""NOT_AVAILABLE""}",[],false,false,Recovered mapping audited for scope; no newly invented or historical CN relationship.
sainfoin,Onobrychis viciifolia,GROUP_LEVEL,"{""sainfoin"":""GROUP_LEVEL""}","[""12092980""]",false,false,Recovered mapping audited for scope; no newly invented or historical CN relationship.
yellow-serradella,Ornithopus compressus,GROUP_LEVEL,"{""yellow-serradella"":""GROUP_LEVEL""}","[""12092980""]",false,false,Recovered mapping audited for scope; no newly invented or historical CN relationship.
serradella,Ornithopus sativus,GROUP_LEVEL,"{""serradella"":""GROUP_LEVEL""}","[""12092980""]",false,false,Recovered mapping audited for scope; no newly invented or historical CN relationship.
rice,Oryza sativa,CONFIRMED,"{""rice"":""CONFIRMED""}","[""10061010""]",false,false,Recovered mapping audited for scope; no newly invented or historical CN relationship.
proso-millet,Panicum miliaceum,GROUP_LEVEL,"{""proso-millet"":""GROUP_LEVEL""}","[""10082100""]",false,false,Recovered mapping audited for scope; no newly invented or historical CN relationship.
poppy,Papaver somniferum,CONFIRMED,"{""poppy"":""CONFIRMED""}","[""12079110""]",false,false,Recovered mapping audited for scope; no newly invented or historical CN relationship.
parsley,Petroselinum crispum,NOT_AVAILABLE,"{""parsley"":""NOT_AVAILABLE""}",[],false,false,Recovered mapping audited for scope; no newly invented or historical CN relationship.
phacelia,Phacelia tanacetifolia,REVIEW_REQUIRED,"{""phacelia"":""REVIEW_REQUIRED""}",[],false,false,Recovered mapping audited for scope; no newly invented or historical CN relationship.
canary-grass,Phalaris canariensis,PARTIAL,"{""canary-grass"":""PARTIAL""}","[""10083000""]",false,false,Recovered mapping audited for scope; no newly invented or historical CN relationship.
runner-bean,Phaseolus coccineus,NOT_AVAILABLE,"{""runner-bean"":""NOT_AVAILABLE""}",[],false,false,Recovered mapping audited for scope; no newly invented or historical CN relationship.
common-bean,Phaseolus vulgaris,CONFIRMED,"{""common-bean"":""CONFIRMED""}","[""07133310""]",false,false,Recovered mapping audited for scope; no newly invented or historical CN relationship.
timothy,Phleum pratense,GROUP_LEVEL,"{""timothy"":""GROUP_LEVEL""}","[""12092945""]",false,false,Recovered mapping audited for scope; no newly invented or historical CN relationship.
field-pea,Pisum sativum,CONFIRMED,"{""field-pea"":""CONFIRMED""}","[""07131010""]",true,false,Recovered mapping audited for scope; no newly invented or historical CN relationship.
ribwort-plantain,Plantago lanceolata,GROUP_LEVEL,"{""ribwort-plantain"":""GROUP_LEVEL""}","[""12092980""]",false,false,Recovered mapping audited for scope; no newly invented or historical CN relationship.
wood-meadowgrass,Poa nemoralis,GROUP_LEVEL,"{""wood-meadowgrass"":""GROUP_LEVEL""}","[""12092980""]",false,false,Recovered mapping audited for scope; no newly invented or historical CN relationship.
kentucky-bluegrass,Poa pratensis,CONFIRMED,"{""kentucky-bluegrass"":""CONFIRMED""}","[""12092400""]",true,false,Recovered mapping audited for scope; no newly invented or historical CN relationship.
cultivated-radish,Raphanus raphanistrum subsp. sativus,NOT_AVAILABLE,"{""cultivated-radish"":""NOT_AVAILABLE""}",[],false,false,Recovered mapping audited for scope; no newly invented or historical CN relationship.
rhubarb,Rheum rhabarbarum,NOT_AVAILABLE,"{""rhubarb"":""NOT_AVAILABLE""}",[],false,false,Recovered mapping audited for scope; no newly invented or historical CN relationship.
black-salsify,Scorzonera hispanica,NOT_AVAILABLE,"{""black-salsify"":""NOT_AVAILABLE""}",[],false,false,Recovered mapping audited for scope; no newly invented or historical CN relationship.
rye,Secale cereale,CONFIRMED,"{""rye"":""CONFIRMED""}","[""10021000""]",false,false,Recovered mapping audited for scope; no newly invented or historical CN relationship.
foxtail-millet,Setaria italica,GROUP_LEVEL,"{""foxtail-millet"":""GROUP_LEVEL""}","[""10082100""]",false,false,Recovered mapping audited for scope; no newly invented or historical CN relationship.
white-mustard,Sinapis alba,GROUP_LEVEL,"{""white-mustard"":""GROUP_LEVEL""}","[""12075010""]",false,false,Recovered mapping audited for scope; no newly invented or historical CN relationship.
tomato,Solanum lycopersicum,NOT_AVAILABLE,"{""tomato"":""NOT_AVAILABLE""}",[],false,false,Recovered mapping audited for scope; no newly invented or historical CN relationship.
aubergine,Solanum melongena,NOT_AVAILABLE,"{""aubergine"":""NOT_AVAILABLE""}",[],false,false,Recovered mapping audited for scope; no newly invented or historical CN relationship.
sorghum,Sorghum bicolor,REVIEW_REQUIRED,"{""sorghum"":""REVIEW_REQUIRED""}",[],false,false,Recovered mapping audited for scope; no newly invented or historical CN relationship.
spinach,Spinacia oleracea,NOT_AVAILABLE,"{""spinach"":""NOT_AVAILABLE""}",[],false,false,Recovered mapping audited for scope; no newly invented or historical CN relationship.
berseem-clover,Trifolium alexandrinum,GROUP_LEVEL,"{""berseem-clover"":""GROUP_LEVEL""}","[""12092280""]",false,false,Recovered mapping audited for scope; no newly invented or historical CN relationship.
glandular-clover,Trifolium glanduliferum,GROUP_LEVEL,"{""glandular-clover"":""GROUP_LEVEL""}","[""12092280""]",false,false,Recovered mapping audited for scope; no newly invented or historical CN relationship.
rose-clover,Trifolium hirtum,GROUP_LEVEL,"{""rose-clover"":""GROUP_LEVEL""}","[""12092280""]",false,false,Recovered mapping audited for scope; no newly invented or historical CN relationship.
alsike-clover,Trifolium hybridum,GROUP_LEVEL,"{""alsike-clover"":""GROUP_LEVEL""}","[""12092280""]",false,false,Recovered mapping audited for scope; no newly invented or historical CN relationship.
crimson-clover,Trifolium incarnatum,GROUP_LEVEL,"{""crimson-clover"":""GROUP_LEVEL""}","[""12092280""]",false,false,Recovered mapping audited for scope; no newly invented or historical CN relationship.
trifolium-isthmocarpum,Trifolium isthmocarpum,GROUP_LEVEL,"{""trifolium-isthmocarpum"":""GROUP_LEVEL""}","[""12092280""]",false,false,Recovered mapping audited for scope; no newly invented or historical CN relationship.
balansa-clover,Trifolium michelianum,GROUP_LEVEL,"{""balansa-clover"":""GROUP_LEVEL""}","[""12092280""]",false,false,Recovered mapping audited for scope; no newly invented or historical CN relationship.
red-clover,Trifolium pratense,CONFIRMED,"{""red-clover"":""CONFIRMED""}","[""12092210""]",true,false,Recovered mapping audited for scope; no newly invented or historical CN relationship.
white-clover,Trifolium repens,GROUP_LEVEL,"{""white-clover"":""GROUP_LEVEL""}","[""12092280""]",false,false,Recovered mapping audited for scope; no newly invented or historical CN relationship.
persian-clover,Trifolium resupinatum,GROUP_LEVEL,"{""persian-clover"":""GROUP_LEVEL""}","[""12092280""]",false,false,Recovered mapping audited for scope; no newly invented or historical CN relationship.
trifolium-squarrosum,Trifolium squarrosum,GROUP_LEVEL,"{""trifolium-squarrosum"":""GROUP_LEVEL""}","[""12092280""]",false,false,Recovered mapping audited for scope; no newly invented or historical CN relationship.
subterranean-clover,Trifolium subterraneum,NOT_AVAILABLE,"{""subterranean-clover"":""NOT_AVAILABLE""}",[],false,false,Recovered mapping audited for scope; no newly invented or historical CN relationship.
arrowleaf-clover,Trifolium vesiculosum,GROUP_LEVEL,"{""arrowleaf-clover"":""GROUP_LEVEL""}","[""12092280""]",false,false,Recovered mapping audited for scope; no newly invented or historical CN relationship.
fenugreek,Trigonella foenum-graecum,NOT_AVAILABLE,"{""fenugreek"":""NOT_AVAILABLE""}",[],false,false,Recovered mapping audited for scope; no newly invented or historical CN relationship.
golden-oatgrass,Trisetum flavescens,GROUP_LEVEL,"{""golden-oatgrass"":""GROUP_LEVEL""}","[""12092980""]",false,false,Recovered mapping audited for scope; no newly invented or historical CN relationship.
common-wheat,Triticum aestivum,PARTIAL,"{""common-wheat"":""GROUP_LEVEL"",""spelt"":""CONFIRMED""}","[""10019110"",""10019120""]",false,false,Recovered mapping audited for scope; no newly invented or historical CN relationship.
durum-wheat,Triticum turgidum subsp. durum,CONFIRMED,"{""durum-wheat"":""CONFIRMED""}","[""10011100""]",false,false,Recovered mapping audited for scope; no newly invented or historical CN relationship.
lambs-lettuce,Valerianella locusta,NOT_AVAILABLE,"{""lambs-lettuce"":""NOT_AVAILABLE""}",[],false,false,Recovered mapping audited for scope; no newly invented or historical CN relationship.
purple-vetch,Vicia benghalensis,GROUP_LEVEL,"{""purple-vetch"":""GROUP_LEVEL""}","[""12092945""]",false,false,Recovered mapping audited for scope; no newly invented or historical CN relationship.
bitter-vetch,Vicia ervilia,GROUP_LEVEL,"{""bitter-vetch"":""GROUP_LEVEL""}","[""12092945""]",false,false,Recovered mapping audited for scope; no newly invented or historical CN relationship.
faba-bean,Vicia faba,PARTIAL,"{""faba-bean"":""PARTIAL""}",[],false,false,Recovered mapping audited for scope; no newly invented or historical CN relationship.
hungarian-vetch,Vicia pannonica,GROUP_LEVEL,"{""hungarian-vetch"":""GROUP_LEVEL""}","[""12092945""]",false,false,Recovered mapping audited for scope; no newly invented or historical CN relationship.
common-vetch,Vicia sativa,GROUP_LEVEL,"{""common-vetch"":""GROUP_LEVEL""}","[""12092945""]",false,false,Recovered mapping audited for scope; no newly invented or historical CN relationship.
winter-vetch,Vicia villosa Roth,GROUP_LEVEL,"{""winter-vetch"":""GROUP_LEVEL""}","[""12092945""]",false,false,Recovered mapping audited for scope; no newly invented or historical CN relationship.
maize,Zea mays,NOT_AVAILABLE,"{""maize"":""NOT_AVAILABLE""}",[],false,false,Recovered mapping audited for scope; no newly invented or historical CN relationship.
