series_id,canonical_entity,botanical_name,country,metric,unit,definition,source_scope,first_year,latest_year,consecutive_years,first_value,latest_value,endpoint_change_percent,direction,interpretation,source_observation_ids
series-00639ab39d55b541a381,red-clover,Trifolium pratense,LT,CERTIFIED_SEED_AREA,ha,APPROVED_FIELD,,2021,2025,5,7170.81,7006.24,-2.2949987518843806,DECREASING_REPORTED_VALUE,"Descriptive source-compatible values only; no cause, forecast, national aggregation or supply/trade signal.","[""O00353"",""O00354"",""O00355"",""O00356"",""O00357""]"
series-02492ece176f3da75f71,common-vetch,Vicia sativa,PT,CERTIFIED_SEED_AREA,ha,APPROVED_MULTIPLICATION_FIELD,,2022,2025,4,42.1,9.0,-78.62232779097387,DECREASING_REPORTED_VALUE,"Descriptive source-compatible values only; no cause, forecast, national aggregation or supply/trade signal.","[""O00612"",""O00613"",""O00614"",""O00615""]"
series-03ac5413640efd3691f3,oat,Avena sativa,LV,SEED_PRODUCTION_AREA,ha,INSPECTED_SEED_FIELD,vasaras,2021,2025,5,2040.46,2689.3111,31.79925605010634,INCREASING_REPORTED_VALUE,"Descriptive source-compatible values only; no cause, forecast, national aggregation or supply/trade signal.","[""V2O00399"",""V2O00479"",""V2O00565"",""V2O00645"",""V2O00723""]"
series-04c3eaf59d51a85d72e8,foxtail-millet,Setaria italica,CZ,SEED_PRODUCTION_AREA,ha,APPLIED_FOR_FIELD_CERTIFICATION,Bér italský - Foxtail millet,2023,2025,3,14.15,141.59,900.6360424028269,INCREASING_REPORTED_VALUE,"Descriptive source-compatible values only; no cause, forecast, national aggregation or supply/trade signal.","[""V2O00898"",""V2O00976"",""V2O01046""]"
series-0504a1c18f2f2f5b36df,alfalfa,Medicago sativa,LV,CERTIFIED_SEED_AREA,ha,FIELD_RECOGNISED_FOR_CERTIFIED_SEED,,2021,2025,5,39.63,25.5664,-35.48725712843805,DECREASING_REPORTED_VALUE,"Descriptive source-compatible values only; no cause, forecast, national aggregation or supply/trade signal.","[""V2O00464"",""V2O00552"",""V2O00630"",""V2O00710"",""V2O00792""]"
series-0559cbf96ad6847ea8db,barley,Hordeum vulgare,PT,CERTIFIED_SEED_AREA,ha,APPROVED_MULTIPLICATION_FIELD,,2021,2025,5,273.0,229.4,-15.970695970695969,DECREASING_REPORTED_VALUE,"Descriptive source-compatible values only; no cause, forecast, national aggregation or supply/trade signal.","[""O00392"",""O00393"",""O00394"",""O00395"",""O00396""]"
series-059ccad991fb910d1ec3,hungarian-vetch,Vicia pannonica,CZ,SEED_PRODUCTION_AREA,ha,APPLIED_FOR_FIELD_CERTIFICATION,Vikev panonská - Hungarian vetch,2023,2025,3,164.67,132.31,-19.651424060241684,DECREASING_REPORTED_VALUE,"Descriptive source-compatible values only; no cause, forecast, national aggregation or supply/trade signal.","[""V2O00882"",""V2O00959"",""V2O01031""]"
series-05a386b4e3acbee824f9,buckwheat,Fagopyrum esculentum,CZ,SEED_PRODUCTION_AREA,ha,APPLIED_FOR_FIELD_CERTIFICATION,Pohanka obecná - Buckwheat,2023,2025,3,1070.28,657.66,-38.5525283103487,DECREASING_REPORTED_VALUE,"Descriptive source-compatible values only; no cause, forecast, national aggregation or supply/trade signal.","[""V2O00873"",""V2O00950"",""V2O01024""]"
series-064aec3a44086704dfb9,rose-clover,Trifolium hirtum,PT,CERTIFIED_SEED_AREA,ha,APPROVED_MULTIPLICATION_FIELD,,2021,2025,5,0.5,10.0,1900.0,INCREASING_REPORTED_VALUE,"Descriptive source-compatible values only; no cause, forecast, national aggregation or supply/trade signal.","[""O00514"",""O00515"",""O00516"",""O00517"",""O00518""]"
series-067623713a0bef6830ff,oat,Avena sativa,LV,CERTIFIED_SEED_AREA,ha,FIELD_RECOGNISED_FOR_CERTIFIED_SEED,vasaras,2021,2025,5,2001.63,2651.7211,32.478085360431244,INCREASING_REPORTED_VALUE,"Descriptive source-compatible values only; no cause, forecast, national aggregation or supply/trade signal.","[""V2O00400"",""V2O00480"",""V2O00566"",""V2O00646"",""V2O00724""]"
series-06ae4e9fbcbb029185dd,ribwort-plantain,Plantago lanceolata,PT,CERTIFIED_SEED_AREA,ha,APPROVED_MULTIPLICATION_FIELD,,2021,2023,3,3.0,5.0,66.66666666666667,INCREASING_REPORTED_VALUE,"Descriptive source-compatible values only; no cause, forecast, national aggregation or supply/trade signal.","[""O00488"",""O00489"",""O00490""]"
series-08ffc7ba3586b948c6d1,persian-clover,Trifolium resupinatum,ES,SEED_PRODUCTION_AREA,ha,DEDICATED_CERTIFIED_SEED_PRODUCTION_FIELD,,2023,2025,3,40.0,42.84,7.100000000000017,INCREASING_REPORTED_VALUE,"Descriptive source-compatible values only; no cause, forecast, national aggregation or supply/trade signal.","[""O00271"",""O00272"",""O00273""]"
series-0c4a05203900993f4ff1,chickpea,Cicer arietinum,PT,CERTIFIED_SEED_AREA,ha,APPROVED_MULTIPLICATION_FIELD,,2023,2025,3,24.3,16.0,-34.15637860082305,DECREASING_REPORTED_VALUE,"Descriptive source-compatible values only; no cause, forecast, national aggregation or supply/trade signal.","[""O00379"",""O00380"",""O00381""]"
series-0c536e415ce0bef04e0b,common-wheat,Triticum aestivum,ES,SEED_PRODUCTION_AREA,ha,DEDICATED_CERTIFIED_SEED_PRODUCTION_FIELD,,2023,2025,3,36792.5483,40881.3844,11.113217999091418,INCREASING_REPORTED_VALUE,"Descriptive source-compatible values only; no cause, forecast, national aggregation or supply/trade signal.","[""O00276"",""O00277"",""O00278""]"
series-0c83c58e2c9840892e95,lupins,Lupinus luteus,PT,CERTIFIED_SEED_AREA,ha,APPROVED_MULTIPLICATION_FIELD,,2021,2025,5,1.0,3.0,200.0,INCREASING_REPORTED_VALUE,"Descriptive source-compatible values only; no cause, forecast, national aggregation or supply/trade signal.","[""O00436"",""O00437"",""O00438"",""O00439"",""O00440""]"
series-0d7ccbcb4cf835b1acb7,winter-wheat,Triticum aestivum subsp. aestivum,LV,CERTIFIED_SEED_AREA,ha,FIELD_RECOGNISED_FOR_CERTIFIED_SEED,ziemas,2021,2025,5,4440.25,6240.396,40.54154608411689,INCREASING_REPORTED_VALUE,"Descriptive source-compatible values only; no cause, forecast, national aggregation or supply/trade signal.","[""V2O00410"",""V2O00494"",""V2O00580"",""V2O00656"",""V2O00734""]"
series-0dd1a736dc002d6eb295,rye,Secale cereale,CZ,SEED_PRODUCTION_AREA,ha,APPLIED_FOR_FIELD_CERTIFICATION,Žito ozimé - Rye winter type,2023,2025,3,906.79,1989.89,119.44331102019214,INCREASING_REPORTED_VALUE,"Descriptive source-compatible values only; no cause, forecast, national aggregation or supply/trade signal.","[""V2O00872"",""V2O00948"",""V2O01023""]"
series-117e296cb54968c65e55,fodder-galega,Galega orientalis,LV,CERTIFIED_SEED_AREA,ha,FIELD_RECOGNISED_FOR_CERTIFIED_SEED,,2021,2025,5,4.06,7.2522,78.62561576354683,INCREASING_REPORTED_VALUE,"Descriptive source-compatible values only; no cause, forecast, national aggregation or supply/trade signal.","[""V2O00452"",""V2O00538"",""V2O00618"",""V2O00698"",""V2O00780""]"
series-1264a679cdd0ab1fd5d6,meadow-foxtail,Alopecurus pratensis,CZ,SEED_PRODUCTION_AREA,ha,APPLIED_FOR_FIELD_CERTIFICATION,Psárka luční - Meadow foxtail,2023,2025,3,30.01,35.72,19.026991002998983,INCREASING_REPORTED_VALUE,"Descriptive source-compatible values only; no cause, forecast, national aggregation or supply/trade signal.","[""V2O00923"",""V2O01001"",""V2O01069""]"
series-142ed40fe61b969b3898,flax,Linum usitatissimum,LV,CERTIFIED_SEED_AREA,ha,FIELD_RECOGNISED_FOR_CERTIFIED_SEED,,2022,2025,4,150.49,437.417,190.6618379958801,INCREASING_REPORTED_VALUE,"Descriptive source-compatible values only; no cause, forecast, national aggregation or supply/trade signal.","[""V2O00476"",""V2O00562"",""V2O00642"",""V2O00720""]"
series-14eb0d33e601c0cffd8e,soybean,Glycine max,CZ,SEED_PRODUCTION_AREA,ha,APPLIED_FOR_FIELD_CERTIFICATION,Sója - Soya bean,2023,2025,3,2022.85,2871.46,41.95120745482859,INCREASING_REPORTED_VALUE,"Descriptive source-compatible values only; no cause, forecast, national aggregation or supply/trade signal.","[""V2O00892"",""V2O00970"",""V2O01042""]"
series-14f15c3f1ed05d761617,arrowleaf-clover,Trifolium vesiculosum,PT,CERTIFIED_SEED_AREA,ha,APPROVED_MULTIPLICATION_FIELD,,2021,2025,5,79.9,177.3,121.90237797246559,INCREASING_REPORTED_VALUE,"Descriptive source-compatible values only; no cause, forecast, national aggregation or supply/trade signal.","[""O00570"",""O00571"",""O00572"",""O00573"",""O00574""]"
series-15024e502d80522b9dca,italian-ryegrass,Lolium multiflorum,LV,CERTIFIED_SEED_AREA,ha,FIELD_RECOGNISED_FOR_CERTIFIED_SEED, ssp. aternativum (viengadīgā),2021,2024,4,126.38,69.15,-45.284063934166795,DECREASING_REPORTED_VALUE,"Descriptive source-compatible values only; no cause, forecast, national aggregation or supply/trade signal.","[""V2O00436"",""V2O00520"",""V2O00602"",""V2O00684""]"
series-16c9a12d859275b266ec,triticale-group,× Triticosecale,ES,SEED_PRODUCTION_AREA,ha,DEDICATED_CERTIFIED_SEED_PRODUCTION_FIELD,,2023,2025,3,11795.0153,13930.1023,18.1016043277197,INCREASING_REPORTED_VALUE,"Descriptive source-compatible values only; no cause, forecast, national aggregation or supply/trade signal.","[""O00318"",""O00319"",""O00320""]"
series-179a9428ac01b33f1f5d,common-wheat,Triticum aestivum subsp. aestivum,LV,CERTIFIED_SEED_AREA,ha,FIELD_RECOGNISED_FOR_CERTIFIED_SEED,vasaras,2021,2025,5,1666.15,1107.8614,-33.5077033880503,DECREASING_REPORTED_VALUE,"Descriptive source-compatible values only; no cause, forecast, national aggregation or supply/trade signal.","[""V2O00408"",""V2O00488"",""V2O00572"",""V2O00654"",""V2O00732""]"
series-18ceab7669ba44c23b3c,crimson-clover,Trifolium incarnatum,PT,CERTIFIED_SEED_AREA,ha,APPROVED_MULTIPLICATION_FIELD,,2022,2025,4,1.0,16.0,1500.0,INCREASING_REPORTED_VALUE,"Descriptive source-compatible values only; no cause, forecast, national aggregation or supply/trade signal.","[""O00524"",""O00525"",""O00526"",""O00527""]"
series-195baf73df456bb95cee,naked-oat,Avena nuda,LV,CERTIFIED_SEED_AREA,ha,FIELD_RECOGNISED_FOR_CERTIFIED_SEED,vasaras,2021,2025,5,17.99,1.48,-91.77320733740967,DECREASING_REPORTED_VALUE,"Descriptive source-compatible values only; no cause, forecast, national aggregation or supply/trade signal.","[""V2O00406"",""V2O00486"",""V2O00570"",""V2O00652"",""V2O00730""]"
series-195bce72e33e9073e035,rice,Oryza sativa,PT,CERTIFIED_QUANTITY,kg,CERTIFIED_LOTS,,2021,2025,5,1199000.0,2129280.0,77.58798999165973,INCREASING_REPORTED_VALUE,"Descriptive source-compatible values only; no cause, forecast, national aggregation or supply/trade signal.","[""O00475"",""O00476"",""O00477"",""O00478"",""O00479""]"
series-19c4c5ef4e83cbf39c68,browntop,Agrostis capillaris,CZ,SEED_PRODUCTION_AREA,ha,APPLIED_FOR_FIELD_CERTIFICATION,Psineček tenký - Brown top,2023,2025,3,6.81,8.3,21.879588839941277,INCREASING_REPORTED_VALUE,"Descriptive source-compatible values only; no cause, forecast, national aggregation or supply/trade signal.","[""V2O00924"",""V2O01002"",""V2O01070""]"
series-1a9bfc9b237c9926b149,oat,Avena sativa,CZ,SEED_PRODUCTION_AREA,ha,APPLIED_FOR_FIELD_CERTIFICATION,Oves setý ozimý - Oat winter type,2023,2025,3,15.97,135.88,750.8453350031308,INCREASING_REPORTED_VALUE,"Descriptive source-compatible values only; no cause, forecast, national aggregation or supply/trade signal.","[""V2O00863"",""V2O00939"",""V2O01013""]"
series-1acb337fb69671533a2f,wood-meadowgrass,Poa nemoralis,CZ,SEED_PRODUCTION_AREA,ha,APPLIED_FOR_FIELD_CERTIFICATION,Lipnice hajní - Wood meadowgrass,2023,2025,3,14.2,2.31,-83.73239436619718,DECREASING_REPORTED_VALUE,"Descriptive source-compatible values only; no cause, forecast, national aggregation or supply/trade signal.","[""V2O00920"",""V2O00998"",""V2O01066""]"
series-1d10cd16cb785e4cdfe2,trifolium-squarrosum,Trifolium squarrosum,PT,CERTIFIED_QUANTITY,kg,CERTIFIED_LOTS,,2021,2025,5,527.0,1295.0,145.73055028463,INCREASING_REPORTED_VALUE,"Descriptive source-compatible values only; no cause, forecast, national aggregation or supply/trade signal.","[""O00563"",""O00564"",""O00565"",""O00566"",""O00567""]"
series-1e64df5322f586c47f27,buckwheat,Fagopyrum esculentum,LV,CERTIFIED_QUANTITY,kg,CERTIFIED_LOTS_BY_HARVEST_YEAR_ORIGIN_UNSPECIFIED,vasaras,2021,2025,5,119097.0,277390.0,132.9109885219611,INCREASING_REPORTED_VALUE,"Descriptive source-compatible values only; no cause, forecast, national aggregation or supply/trade signal.","[""V2O00795"",""V2O00805"",""V2O00814"",""V2O00825"",""V2O00837""]"
series-1f5581653211bddaecbf,spelt,Triticum aestivum subsp. spelta,ES,SEED_PRODUCTION_AREA,ha,DEDICATED_CERTIFIED_SEED_PRODUCTION_FIELD,,2023,2025,3,31.01,119.6703,285.90873911641404,INCREASING_REPORTED_VALUE,"Descriptive source-compatible values only; no cause, forecast, national aggregation or supply/trade signal.","[""O00280"",""O00281"",""O00282""]"
series-1ff06322a711edbd3949,winter-vetch,Vicia villosa,LV,CERTIFIED_SEED_AREA,ha,FIELD_RECOGNISED_FOR_CERTIFIED_SEED,ziemas,2021,2024,4,435.16,967.84,122.41014799154333,INCREASING_REPORTED_VALUE,"Descriptive source-compatible values only; no cause, forecast, national aggregation or supply/trade signal.","[""V2O00430"",""V2O00514"",""V2O00598"",""V2O00678""]"
series-2037f7f89b4a785de0bb,common-vetch,Vicia sativa,ES,SEED_PRODUCTION_AREA,ha,DEDICATED_CERTIFIED_SEED_PRODUCTION_FIELD,,2023,2025,3,11075.94,10660.7725,-3.748372598623695,DECREASING_REPORTED_VALUE,"Descriptive source-compatible values only; no cause, forecast, national aggregation or supply/trade signal.","[""O00303"",""O00304"",""O00305""]"
series-20cb79d7a102d02a36d7,phacelia,Phacelia tanacetifolia,LV,SEED_PRODUCTION_AREA,ha,INSPECTED_SEED_FIELD,,2021,2025,5,418.26,94.8516,-77.32233538947067,DECREASING_REPORTED_VALUE,"Descriptive source-compatible values only; no cause, forecast, national aggregation or supply/trade signal.","[""V2O00387"",""V2O00467"",""V2O00555"",""V2O00633"",""V2O00713""]"
series-21c681ba1a87fda88974,barley,Hordeum vulgare,LV,CERTIFIED_SEED_AREA,ha,FIELD_RECOGNISED_FOR_CERTIFIED_SEED,ziemas,2021,2025,5,161.04,573.1682,255.91666666666666,INCREASING_REPORTED_VALUE,"Descriptive source-compatible values only; no cause, forecast, national aggregation or supply/trade signal.","[""V2O00414"",""V2O00496"",""V2O00582"",""V2O00660"",""V2O00738""]"
series-22168db47289efbce174,kentucky-bluegrass,Poa pratensis,CZ,SEED_PRODUCTION_AREA,ha,APPLIED_FOR_FIELD_CERTIFICATION,Lipnice luční - Smooth stalked meadowgrass,2023,2025,3,64.08,69.15,7.911985018726608,INCREASING_REPORTED_VALUE,"Descriptive source-compatible values only; no cause, forecast, national aggregation or supply/trade signal.","[""V2O00921"",""V2O00999"",""V2O01067""]"
series-242bf1ab156effce48cf,hybrid-ryegrass,Lolium × hybridum,LV,CERTIFIED_SEED_AREA,ha,FIELD_RECOGNISED_FOR_CERTIFIED_SEED,,2021,2025,5,180.33,44.9172,-75.09166528031942,DECREASING_REPORTED_VALUE,"Descriptive source-compatible values only; no cause, forecast, national aggregation or supply/trade signal.","[""V2O00440"",""V2O00524"",""V2O00606"",""V2O00688"",""V2O00768""]"
series-268dddd70749290d32b3,mustard-seed,Sinapis alba,LV,CERTIFIED_SEED_AREA,ha,FIELD_RECOGNISED_FOR_CERTIFIED_SEED,,2021,2025,5,44.15,225.756,411.3386183465459,INCREASING_REPORTED_VALUE,"Descriptive source-compatible values only; no cause, forecast, national aggregation or supply/trade signal.","[""V2O00390"",""V2O00470"",""V2O00558"",""V2O00636"",""V2O00716""]"
series-299862ba5157fa2f730f,sainfoin,Onobrychis viciifolia,ES,SEED_PRODUCTION_AREA,ha,DEDICATED_CERTIFIED_SEED_PRODUCTION_FIELD,,2023,2025,3,40.0,190.1,375.24999999999994,INCREASING_REPORTED_VALUE,"Descriptive source-compatible values only; no cause, forecast, national aggregation or supply/trade signal.","[""O00229"",""O00230"",""O00231""]"
series-2b0a7a7b8174f90d152d,hybrid-ryegrass,Lolium × hybridum,LV,SEED_PRODUCTION_AREA,ha,INSPECTED_SEED_FIELD,,2021,2025,5,180.33,44.9172,-75.09166528031942,DECREASING_REPORTED_VALUE,"Descriptive source-compatible values only; no cause, forecast, national aggregation or supply/trade signal.","[""V2O00439"",""V2O00523"",""V2O00605"",""V2O00687"",""V2O00767""]"
series-2b7ad3a3bd819e8569de,rapeseed,Brassica napus,CZ,SEED_PRODUCTION_AREA,ha,APPLIED_FOR_FIELD_CERTIFICATION,Řepka ozimá - Swede rape winter type,2023,2025,3,231.11,217.73,-5.789450910821692,DECREASING_REPORTED_VALUE,"Descriptive source-compatible values only; no cause, forecast, national aggregation or supply/trade signal.","[""V2O00891"",""V2O00969"",""V2O01041""]"
series-2cff5a6a739e419e38cd,triticale-group,× Triticosecale,LV,CERTIFIED_SEED_AREA,ha,FIELD_RECOGNISED_FOR_CERTIFIED_SEED,vasaras,2022,2025,4,8.71,97.9182,1024.2043628013778,INCREASING_REPORTED_VALUE,"Descriptive source-compatible values only; no cause, forecast, national aggregation or supply/trade signal.","[""V2O00492"",""V2O00576"",""V2O00666"",""V2O00742""]"
series-30a026606932a111ac20,trifolium-isthmocarpum,Trifolium isthmocarpum,PT,CERTIFIED_QUANTITY,kg,CERTIFIED_LOTS,,2022,2024,3,0.0,0.0,null,UNCHANGED_REPORTED_VALUE,"Descriptive source-compatible values only; no cause, forecast, national aggregation or supply/trade signal.","[""O00535"",""O00536"",""O00537""]"
series-30f6d3aaf8e81dc902c8,triticale-group,× Triticosecale,LV,CERTIFIED_SEED_AREA,ha,FIELD_RECOGNISED_FOR_CERTIFIED_SEED,ziemas,2021,2025,5,37.39,156.2455,317.8804493179994,INCREASING_REPORTED_VALUE,"Descriptive source-compatible values only; no cause, forecast, national aggregation or supply/trade signal.","[""V2O00418"",""V2O00502"",""V2O00586"",""V2O00668"",""V2O00744""]"
series-32780435824396fd7f4b,oilseed-radish-group,Raphanus sativus var. oleiformis,LV,SEED_PRODUCTION_AREA,ha,INSPECTED_SEED_FIELD,,2021,2025,5,290.09,225.9895,-22.0967630735289,DECREASING_REPORTED_VALUE,"Descriptive source-compatible values only; no cause, forecast, national aggregation or supply/trade signal.","[""V2O00385"",""V2O00465"",""V2O00553"",""V2O00631"",""V2O00711""]"
series-34e4493a18580c4467b8,alfalfa,Medicago sativa,ES,SEED_PRODUCTION_AREA,ha,DEDICATED_CERTIFIED_SEED_PRODUCTION_FIELD,,2023,2025,3,10242.3584,11639.3447,13.639303033957507,INCREASING_REPORTED_VALUE,"Descriptive source-compatible values only; no cause, forecast, national aggregation or supply/trade signal.","[""O00224"",""O00225"",""O00226""]"
series-352bd0f6ee93925a1a03,barley,Hordeum vulgare,LV,CERTIFIED_QUANTITY,kg,CERTIFIED_LOTS_BY_HARVEST_YEAR_ORIGIN_UNSPECIFIED,ziemas,2021,2025,5,634700.0,1763000.0,177.76902473609582,INCREASING_REPORTED_VALUE,"Descriptive source-compatible values only; no cause, forecast, national aggregation or supply/trade signal.","[""V2O00800"",""V2O00810"",""V2O00818"",""V2O00830"",""V2O00842""]"
series-35539008d63880b482ce,purple-vetch,Vicia benghalensis,PT,CERTIFIED_QUANTITY,kg,CERTIFIED_LOTS,,2023,2025,3,150.0,2580.0,1620.0,INCREASING_REPORTED_VALUE,"Descriptive source-compatible values only; no cause, forecast, national aggregation or supply/trade signal.","[""O00601"",""O00602"",""O00603""]"
series-35674bf8165f551b554b,sainfoin,Onobrychis viciifolia,CZ,SEED_PRODUCTION_AREA,ha,APPLIED_FOR_FIELD_CERTIFICATION,Vičenec ligrus - Sainfoin,2023,2025,3,22.18,71.14,220.73940486925156,INCREASING_REPORTED_VALUE,"Descriptive source-compatible values only; no cause, forecast, national aggregation or supply/trade signal.","[""V2O00908"",""V2O00986"",""V2O01054""]"
series-35b59b98770d1c44ec2b,winter-wheat,Triticum aestivum subsp. aestivum,LV,SEED_PRODUCTION_AREA,ha,INSPECTED_SEED_FIELD,ziemas,2021,2025,5,4493.29,6277.7307,39.7134549517169,INCREASING_REPORTED_VALUE,"Descriptive source-compatible values only; no cause, forecast, national aggregation or supply/trade signal.","[""V2O00409"",""V2O00493"",""V2O00579"",""V2O00655"",""V2O00733""]"
series-35f10752065abbc67de6,persian-clover,Trifolium resupinatum,PT,CERTIFIED_SEED_AREA,ha,APPROVED_MULTIPLICATION_FIELD,,2021,2025,5,763.1,940.9,23.29969859782466,INCREASING_REPORTED_VALUE,"Descriptive source-compatible values only; no cause, forecast, national aggregation or supply/trade signal.","[""O00548"",""O00549"",""O00550"",""O00551"",""O00552""]"
series-380bb81b03301a6b0921,potato,Solanum tuberosum,LV,CERTIFIED_SEED_AREA,ha,FIELD_RECOGNISED_FOR_CERTIFIED_SEED,,2021,2025,5,399.282,403.6757,1.100400218392017,INCREASING_REPORTED_VALUE,"Descriptive source-compatible values only; no cause, forecast, national aggregation or supply/trade signal.","[""V2O00398"",""V2O00478"",""V2O00564"",""V2O00644"",""V2O00722""]"
series-3927a14b17df61d05b73,oat,Avena sativa,LV,CERTIFIED_QUANTITY,kg,CERTIFIED_LOTS_BY_HARVEST_YEAR_ORIGIN_UNSPECIFIED,vasaras,2021,2025,5,4516652.0,7647365.0,69.31490404839691,INCREASING_REPORTED_VALUE,"Descriptive source-compatible values only; no cause, forecast, national aggregation or supply/trade signal.","[""V2O00793"",""V2O00803"",""V2O00813"",""V2O00823"",""V2O00835""]"
series-39839fc7cd1b09c2095b,fodder-galega,Galega orientalis,LV,SEED_PRODUCTION_AREA,ha,INSPECTED_SEED_FIELD,,2021,2025,5,4.06,7.2522,78.62561576354683,INCREASING_REPORTED_VALUE,"Descriptive source-compatible values only; no cause, forecast, national aggregation or supply/trade signal.","[""V2O00451"",""V2O00537"",""V2O00617"",""V2O00697"",""V2O00779""]"
series-39a8d8ff076e04c6e8e6,oat,Avena sativa,PT,CERTIFIED_SEED_AREA,ha,APPROVED_MULTIPLICATION_FIELD,,2021,2025,5,252.2,109.8,-56.463124504361616,DECREASING_REPORTED_VALUE,"Descriptive source-compatible values only; no cause, forecast, national aggregation or supply/trade signal.","[""O00362"",""O00363"",""O00364"",""O00365"",""O00366""]"
series-3ad62cbc218de501b65f,mustard-seed,Brassica juncea,CZ,SEED_PRODUCTION_AREA,ha,APPLIED_FOR_FIELD_CERTIFICATION,Hořčice sareptská - Brown mustard,2023,2025,3,52.73,10.0,-81.03546368291295,DECREASING_REPORTED_VALUE,"Descriptive source-compatible values only; no cause, forecast, national aggregation or supply/trade signal.","[""V2O00885"",""V2O00962"",""V2O01034""]"
series-3bf39c29a50f3de4eaaf,red-fescue,Festuca rubra,LV,CERTIFIED_SEED_AREA,ha,FIELD_RECOGNISED_FOR_CERTIFIED_SEED,,2021,2025,5,503.19,488.376,-2.9440171704525175,DECREASING_REPORTED_VALUE,"Descriptive source-compatible values only; no cause, forecast, national aggregation or supply/trade signal.","[""V2O00450"",""V2O00536"",""V2O00616"",""V2O00696"",""V2O00778""]"
series-3c4ec29c7eff371e1500,soybean,Glycine max,ES,SEED_PRODUCTION_AREA,ha,DEDICATED_CERTIFIED_SEED_PRODUCTION_FIELD,,2023,2025,3,65.84,300.0784,355.76913730255166,INCREASING_REPORTED_VALUE,"Descriptive source-compatible values only; no cause, forecast, national aggregation or supply/trade signal.","[""O00184"",""O00185"",""O00186""]"
series-3da0d6c2e8d4979b8afa,common-wheat,Triticum aestivum subsp. aestivum,LV,SEED_PRODUCTION_AREA,ha,INSPECTED_SEED_FIELD,vasaras,2021,2025,5,1666.15,1141.6243,-31.481301203373057,DECREASING_REPORTED_VALUE,"Descriptive source-compatible values only; no cause, forecast, national aggregation or supply/trade signal.","[""V2O00407"",""V2O00487"",""V2O00571"",""V2O00653"",""V2O00731""]"
series-3f434a3c6b199c16da19,italian-ryegrass,Lolium multiflorum var. italicum,CZ,SEED_PRODUCTION_AREA,ha,APPLIED_FOR_FIELD_CERTIFICATION,Jílek mnohokvětý italský - Italian ryegrass,2023,2025,3,1112.33,1491.03,34.04565191984395,INCREASING_REPORTED_VALUE,"Descriptive source-compatible values only; no cause, forecast, national aggregation or supply/trade signal.","[""V2O00913"",""V2O00991"",""V2O01059""]"
series-41955a873d0d4ae841d7,crimson-clover,Trifolium incarnatum,PT,CERTIFIED_QUANTITY,kg,CERTIFIED_LOTS,,2022,2025,4,28.0,5500.0,19542.85714285714,INCREASING_REPORTED_VALUE,"Descriptive source-compatible values only; no cause, forecast, national aggregation or supply/trade signal.","[""O00528"",""O00529"",""O00530"",""O00531""]"
series-4209f420eea1fc03ee97,common-vetch,Vicia sativa,LV,SEED_PRODUCTION_AREA,ha,INSPECTED_SEED_FIELD,vasaras,2021,2024,4,355.11,1033.19,190.94928332066118,INCREASING_REPORTED_VALUE,"Descriptive source-compatible values only; no cause, forecast, national aggregation or supply/trade signal.","[""V2O00421"",""V2O00505"",""V2O00589"",""V2O00673""]"
series-42994bd001037adfd4af,alfalfa,Medicago sativa,LV,SEED_PRODUCTION_AREA,ha,INSPECTED_SEED_FIELD,,2021,2025,5,39.63,25.5664,-35.48725712843805,DECREASING_REPORTED_VALUE,"Descriptive source-compatible values only; no cause, forecast, national aggregation or supply/trade signal.","[""V2O00463"",""V2O00551"",""V2O00629"",""V2O00709"",""V2O00791""]"
series-4373692ffe2539a27c8c,rose-clover,Trifolium hirtum,PT,CERTIFIED_QUANTITY,kg,CERTIFIED_LOTS,,2021,2025,5,0.0,0.0,null,UNCHANGED_REPORTED_VALUE,"Descriptive source-compatible values only; no cause, forecast, national aggregation or supply/trade signal.","[""O00519"",""O00520"",""O00521"",""O00522"",""O00523""]"
series-460f0bee33b50864748c,black-oat,Avena strigosa,ES,SEED_PRODUCTION_AREA,ha,DEDICATED_CERTIFIED_SEED_PRODUCTION_FIELD,,2023,2025,3,2056.03,2351.6911,14.3801938687665,INCREASING_REPORTED_VALUE,"Descriptive source-compatible values only; no cause, forecast, national aggregation or supply/trade signal.","[""O00137"",""O00138"",""O00139""]"
series-46462e7016f0f747366e,field-pea,Pisum sativum,LV,CERTIFIED_SEED_AREA,ha,FIELD_RECOGNISED_FOR_CERTIFIED_SEED,sārtziedu,2021,2023,3,198.52,87.94,-55.70219625226678,DECREASING_REPORTED_VALUE,"Descriptive source-compatible values only; no cause, forecast, national aggregation or supply/trade signal.","[""V2O00426"",""V2O00510"",""V2O00594""]"
series-47333152266fc3b73e15,barley,Hordeum vulgare,PT,CERTIFIED_QUANTITY,kg,CERTIFIED_LOTS,,2021,2025,5,681560.0,647320.0,-5.023769000528199,DECREASING_REPORTED_VALUE,"Descriptive source-compatible values only; no cause, forecast, national aggregation or supply/trade signal.","[""O00397"",""O00398"",""O00399"",""O00400"",""O00401""]"
series-49dfe9901b94730dd789,field-pea,Pisum sativum,LV,SEED_PRODUCTION_AREA,ha,INSPECTED_SEED_FIELD,sārtziedu,2021,2023,3,198.52,87.94,-55.70219625226678,DECREASING_REPORTED_VALUE,"Descriptive source-compatible values only; no cause, forecast, national aggregation or supply/trade signal.","[""V2O00425"",""V2O00509"",""V2O00593""]"
series-4aa4d6f5a664b8e7d210,perennial-ryegrass,Lolium perenne,CZ,SEED_PRODUCTION_AREA,ha,APPLIED_FOR_FIELD_CERTIFICATION,Jílek vytrvalý - Perennial ryegrass,2023,2025,3,967.23,931.49,-3.695088034903793,DECREASING_REPORTED_VALUE,"Descriptive source-compatible values only; no cause, forecast, national aggregation or supply/trade signal.","[""V2O00915"",""V2O00993"",""V2O01061""]"
series-4c6fb138ffe3f2382075,red-zigzag-clover-cross-group,Trifolium pratense × Trifolium medium,CZ,SEED_PRODUCTION_AREA,ha,APPLIED_FOR_FIELD_CERTIFICATION,Kategorie - category,2023,2025,3,14.55,60.63,316.70103092783506,INCREASING_REPORTED_VALUE,"Descriptive source-compatible values only; no cause, forecast, national aggregation or supply/trade signal.","[""V2O00902"",""V2O00979"",""V2O01049""]"
series-4cc40ab4f9af744919bb,red-pea,Lathyrus cicera,PT,CERTIFIED_QUANTITY,kg,CERTIFIED_LOTS,,2021,2025,5,0.0,6000.0,null,INCREASING_REPORTED_VALUE,"Descriptive source-compatible values only; no cause, forecast, national aggregation or supply/trade signal.","[""O00407"",""O00408"",""O00409"",""O00410"",""O00411""]"
series-4dc9782ff9aaeb76e7a2,hemp,Cannabis sativa,LV,CERTIFIED_SEED_AREA,ha,FIELD_RECOGNISED_FOR_CERTIFIED_SEED,,2021,2025,5,0.5,180.9136,36082.72,INCREASING_REPORTED_VALUE,"Descriptive source-compatible values only; no cause, forecast, national aggregation or supply/trade signal.","[""V2O00396"",""V2O00474"",""V2O00560"",""V2O00640"",""V2O00718""]"
series-4e2cc66ba7f83f65aa49,italian-ryegrass,Lolium multiflorum,PT,CERTIFIED_SEED_AREA,ha,APPROVED_MULTIPLICATION_FIELD,,2021,2025,5,268.0,4.0,-98.50746268656717,DECREASING_REPORTED_VALUE,"Descriptive source-compatible values only; no cause, forecast, national aggregation or supply/trade signal.","[""O00416"",""O00417"",""O00418"",""O00419"",""O00420""]"
series-4f9cec24c840e0a9d6ca,faba-bean,Vicia faba,LV,CERTIFIED_SEED_AREA,ha,FIELD_RECOGNISED_FOR_CERTIFIED_SEED,,2021,2025,5,1231.75,1799.0702,46.058063730464795,INCREASING_REPORTED_VALUE,"Descriptive source-compatible values only; no cause, forecast, national aggregation or supply/trade signal.","[""V2O00420"",""V2O00504"",""V2O00588"",""V2O00672"",""V2O00748""]"
series-515ffe592cbf21473244,perennial-ryegrass,Lolium perenne,LV,SEED_PRODUCTION_AREA,ha,INSPECTED_SEED_FIELD,,2021,2025,5,1352.31,1219.9672,-9.786424710310504,DECREASING_REPORTED_VALUE,"Descriptive source-compatible values only; no cause, forecast, national aggregation or supply/trade signal.","[""V2O00437"",""V2O00521"",""V2O00603"",""V2O00685"",""V2O00765""]"
series-53509f5db2a99ce4f464,glandular-clover,Trifolium glanduliferum,PT,CERTIFIED_QUANTITY,kg,CERTIFIED_LOTS,,2021,2023,3,0.0,0.0,null,UNCHANGED_REPORTED_VALUE,"Descriptive source-compatible values only; no cause, forecast, national aggregation or supply/trade signal.","[""O00510"",""O00511"",""O00512""]"
series-5552edb775dc8b4e700b,triticale-group,× Triticosecale,CZ,SEED_PRODUCTION_AREA,ha,APPLIED_FOR_FIELD_CERTIFICATION,Tritikale jarní - Triticale spring type,2023,2025,3,409.97,517.1,26.131180330268066,INCREASING_REPORTED_VALUE,"Descriptive source-compatible values only; no cause, forecast, national aggregation or supply/trade signal.","[""V2O00869"",""V2O00945"",""V2O01020""]"
series-55c97082ff230739fe11,alsike-clover,Trifolium hybridum,LV,SEED_PRODUCTION_AREA,ha,INSPECTED_SEED_FIELD,,2021,2025,5,31.13,2.6678,-91.43013170575009,DECREASING_REPORTED_VALUE,"Descriptive source-compatible values only; no cause, forecast, national aggregation or supply/trade signal.","[""V2O00455"",""V2O00541"",""V2O00621"",""V2O00701"",""V2O00783""]"
series-567b9e3be38a08844a15,faba-bean,Vicia faba,ES,SEED_PRODUCTION_AREA,ha,DEDICATED_CERTIFIED_SEED_PRODUCTION_FIELD,,2023,2025,3,1580.791,2586.4861,63.61973847270133,INCREASING_REPORTED_VALUE,"Descriptive source-compatible values only; no cause, forecast, national aggregation or supply/trade signal.","[""O00295"",""O00296"",""O00297""]"
series-56fcd751cf5001158318,berseem-clover,Trifolium alexandrinum,PT,CERTIFIED_QUANTITY,kg,CERTIFIED_LOTS,,2021,2025,5,107680.0,53750.0,-50.08358098068351,DECREASING_REPORTED_VALUE,"Descriptive source-compatible values only; no cause, forecast, national aggregation or supply/trade signal.","[""O00501"",""O00502"",""O00503"",""O00504"",""O00505""]"
series-579e36ecc9a18bcaae9b,cocksfoot,Dactylis glomerata,CZ,SEED_PRODUCTION_AREA,ha,APPLIED_FOR_FIELD_CERTIFICATION,Srha laločnatá - Cocksfoot,2023,2025,3,275.2,142.2,-48.32848837209303,DECREASING_REPORTED_VALUE,"Descriptive source-compatible values only; no cause, forecast, national aggregation or supply/trade signal.","[""V2O00926"",""V2O01003"",""V2O01072""]"
series-57ec803723f7d4ed3436,trifolium-isthmocarpum,Trifolium isthmocarpum,PT,CERTIFIED_SEED_AREA,ha,APPROVED_MULTIPLICATION_FIELD,,2022,2024,3,11.0,14.6,32.72727272727272,INCREASING_REPORTED_VALUE,"Descriptive source-compatible values only; no cause, forecast, national aggregation or supply/trade signal.","[""O00532"",""O00533"",""O00534""]"
series-5aa32119d7fe8974007d,barley,Hordeum vulgare,LV,SEED_PRODUCTION_AREA,ha,INSPECTED_SEED_FIELD,ziemas,2021,2025,5,161.04,573.1682,255.91666666666666,INCREASING_REPORTED_VALUE,"Descriptive source-compatible values only; no cause, forecast, national aggregation or supply/trade signal.","[""V2O00413"",""V2O00495"",""V2O00581"",""V2O00659"",""V2O00737""]"
series-5ef3b8b8ecff93e6d65f,winter-vetch,Vicia villosa,PT,CERTIFIED_SEED_AREA,ha,APPROVED_MULTIPLICATION_FIELD,,2021,2025,5,6.0,33.5,458.3333333333333,INCREASING_REPORTED_VALUE,"Descriptive source-compatible values only; no cause, forecast, national aggregation or supply/trade signal.","[""O00620"",""O00621"",""O00622"",""O00623"",""O00624""]"
series-5ff86c2da223da1dde0b,red-clover,Trifolium pratense,CZ,SEED_PRODUCTION_AREA,ha,APPLIED_FOR_FIELD_CERTIFICATION,Jetel luční - Red clover,2023,2025,3,3954.89,4999.86,26.422226661171354,INCREASING_REPORTED_VALUE,"Descriptive source-compatible values only; no cause, forecast, national aggregation or supply/trade signal.","[""V2O00901"",""V2O00978"",""V2O01048""]"
series-61fa1efd7f8ace4107fc,arrowleaf-clover,Trifolium vesiculosum,PT,CERTIFIED_QUANTITY,kg,CERTIFIED_LOTS,,2021,2025,5,35145.0,22435.0,-36.1644615165742,DECREASING_REPORTED_VALUE,"Descriptive source-compatible values only; no cause, forecast, national aggregation or supply/trade signal.","[""O00575"",""O00576"",""O00577"",""O00578"",""O00579""]"
series-622aec20cf270e9a6b77,alsike-clover,Trifolium hybridum,LV,CERTIFIED_SEED_AREA,ha,FIELD_RECOGNISED_FOR_CERTIFIED_SEED,,2021,2025,5,31.13,2.6678,-91.43013170575009,DECREASING_REPORTED_VALUE,"Descriptive source-compatible values only; no cause, forecast, national aggregation or supply/trade signal.","[""V2O00456"",""V2O00542"",""V2O00622"",""V2O00702"",""V2O00784""]"
series-6532d14e4c955cbfe0b4,yellow-serradella,Ornithopus compressus,PT,CERTIFIED_QUANTITY,kg,CERTIFIED_LOTS,,2021,2024,4,0.0,0.0,null,UNCHANGED_REPORTED_VALUE,"Descriptive source-compatible values only; no cause, forecast, national aggregation or supply/trade signal.","[""O00456"",""O00457"",""O00458"",""O00459""]"
series-661c622e1feea27dbcf9,balansa-clover,Trifolium michelianum,PT,CERTIFIED_SEED_AREA,ha,APPROVED_MULTIPLICATION_FIELD,,2021,2025,5,1.0,6.0,500.0,INCREASING_REPORTED_VALUE,"Descriptive source-compatible values only; no cause, forecast, national aggregation or supply/trade signal.","[""O00538"",""O00539"",""O00540"",""O00541"",""O00542""]"
series-663a804032af18228970,fescues,Festuca arundinacea,LV,SEED_PRODUCTION_AREA,ha,INSPECTED_SEED_FIELD,,2021,2025,5,199.81,807.7609,304.2645012762124,INCREASING_REPORTED_VALUE,"Descriptive source-compatible values only; no cause, forecast, national aggregation or supply/trade signal.","[""V2O00443"",""V2O00527"",""V2O00607"",""V2O00689"",""V2O00771""]"
series-66d28e27a5618d1e6262,alfalfa,Medicago sativa,CZ,SEED_PRODUCTION_AREA,ha,APPLIED_FOR_FIELD_CERTIFICATION,Vojtěška setá - Lucerne,2021,2025,5,1353.51,1086.27,-19.74422058204225,DECREASING_REPORTED_VALUE,"Descriptive source-compatible values only; no cause, forecast, national aggregation or supply/trade signal.","[""V05N0001"",""V05N0002"",""V2O00909"",""V2O00987"",""V2O01055""]"
series-673976195a41ba204ea8,lupins,Lupinus albus,PT,CERTIFIED_QUANTITY,kg,CERTIFIED_LOTS,,2021,2025,5,9560.0,18505.0,93.56694560669456,INCREASING_REPORTED_VALUE,"Descriptive source-compatible values only; no cause, forecast, national aggregation or supply/trade signal.","[""O00431"",""O00432"",""O00433"",""O00434"",""O00435""]"
series-69e7cbd983f24196b2f3,hybrid-lucerne,Medicago × varia,LV,SEED_PRODUCTION_AREA,ha,INSPECTED_SEED_FIELD,,2021,2025,5,38.4,562.9636,1366.0510416666668,INCREASING_REPORTED_VALUE,"Descriptive source-compatible values only; no cause, forecast, national aggregation or supply/trade signal.","[""V2O00457"",""V2O00543"",""V2O00623"",""V2O00705"",""V2O00787""]"
series-6b89caa371282fb2d3fa,caraway,Carum carvi,CZ,SEED_PRODUCTION_AREA,ha,APPLIED_FOR_FIELD_CERTIFICATION,Kmín - Caraway,2023,2025,3,105.01,204.59,94.82906389867631,INCREASING_REPORTED_VALUE,"Descriptive source-compatible values only; no cause, forecast, national aggregation or supply/trade signal.","[""V2O00886"",""V2O00963"",""V2O01036""]"
series-6c839855b8a64ae1f568,red-pea,Lathyrus cicera,PT,CERTIFIED_SEED_AREA,ha,APPROVED_MULTIPLICATION_FIELD,,2021,2025,5,11.0,16.6,50.90909090909093,INCREASING_REPORTED_VALUE,"Descriptive source-compatible values only; no cause, forecast, national aggregation or supply/trade signal.","[""O00402"",""O00403"",""O00404"",""O00405"",""O00406""]"
series-6d8306462e4f4eae0312,buckwheat,Fagopyrum esculentum,LV,SEED_PRODUCTION_AREA,ha,INSPECTED_SEED_FIELD,vasaras,2021,2025,5,444.72,787.6675,77.11537596690053,INCREASING_REPORTED_VALUE,"Descriptive source-compatible values only; no cause, forecast, national aggregation or supply/trade signal.","[""V2O00403"",""V2O00483"",""V2O00567"",""V2O00649"",""V2O00727""]"
series-6f77719b2fcf3540ce7d,timothy,Phleum pratense,CZ,SEED_PRODUCTION_AREA,ha,APPLIED_FOR_FIELD_CERTIFICATION,Bojínek luční - Timothy,2023,2025,3,646.1,519.97,-19.521745859774033,DECREASING_REPORTED_VALUE,"Descriptive source-compatible values only; no cause, forecast, national aggregation or supply/trade signal.","[""V2O00910"",""V2O00988"",""V2O01056""]"
series-6f7b2b1f7c81397a69d9,triticale-group,× Triticosecale,LV,SEED_PRODUCTION_AREA,ha,INSPECTED_SEED_FIELD,ziemas,2021,2025,5,37.39,156.2455,317.8804493179994,INCREASING_REPORTED_VALUE,"Descriptive source-compatible values only; no cause, forecast, national aggregation or supply/trade signal.","[""V2O00417"",""V2O00501"",""V2O00585"",""V2O00667"",""V2O00743""]"
series-6fcbe14e24199bb568d6,white-clover,Trifolium repens,LV,SEED_PRODUCTION_AREA,ha,INSPECTED_SEED_FIELD,,2021,2025,5,557.06,593.0643,6.463271460883946,INCREASING_REPORTED_VALUE,"Descriptive source-compatible values only; no cause, forecast, national aggregation or supply/trade signal.","[""V2O00453"",""V2O00539"",""V2O00619"",""V2O00699"",""V2O00781""]"
series-70ac9f50a9e3f6f90433,common-vetch,Vicia sativa,CZ,SEED_PRODUCTION_AREA,ha,APPLIED_FOR_FIELD_CERTIFICATION,Vikev setá - Common vetch,2023,2025,3,296.05,236.48,-20.1216010808985,DECREASING_REPORTED_VALUE,"Descriptive source-compatible values only; no cause, forecast, national aggregation or supply/trade signal.","[""V2O00883"",""V2O00960"",""V2O01032""]"
series-71739a23d79aa9d936b9,maize,Zea mays,ES,SEED_PRODUCTION_AREA,ha,DEDICATED_CERTIFIED_SEED_PRODUCTION_FIELD,,2023,2025,3,1817.1672,1152.96,-36.55179336276816,DECREASING_REPORTED_VALUE,"Descriptive source-compatible values only; no cause, forecast, national aggregation or supply/trade signal.","[""O00313"",""O00314"",""O00315""]"
series-794a9e30234535de6320,lupins,Lupinus albus,CZ,SEED_PRODUCTION_AREA,ha,APPLIED_FOR_FIELD_CERTIFICATION,Lupina bílá - White lupin,2023,2025,3,140.02,97.31,-30.502785316383374,DECREASING_REPORTED_VALUE,"Descriptive source-compatible values only; no cause, forecast, national aggregation or supply/trade signal.","[""V2O00879"",""V2O00956"",""V2O01028""]"
series-7aec5da3f04baca26135,pepper,Capsicum annuum,ES,SEED_PRODUCTION_AREA,ha,DEDICATED_CERTIFIED_SEED_PRODUCTION_FIELD,,2023,2025,3,0.0658,0.0705,7.14285714285714,INCREASING_REPORTED_VALUE,"Descriptive source-compatible values only; no cause, forecast, national aggregation or supply/trade signal.","[""O00157"",""O00158"",""O00159""]"
series-7c66d95a06a9e075eb4a,red-fescue,Festuca rubra,LV,SEED_PRODUCTION_AREA,ha,INSPECTED_SEED_FIELD,,2021,2025,5,503.19,488.376,-2.9440171704525175,DECREASING_REPORTED_VALUE,"Descriptive source-compatible values only; no cause, forecast, national aggregation or supply/trade signal.","[""V2O00449"",""V2O00535"",""V2O00615"",""V2O00695"",""V2O00777""]"
series-7fb509dd2d22c0dd1e08,red-fescue,Festuca rubra,CZ,SEED_PRODUCTION_AREA,ha,APPLIED_FOR_FIELD_CERTIFICATION,Kostřava červená - Red fescue,2023,2025,3,746.18,581.5,-22.06974188533597,DECREASING_REPORTED_VALUE,"Descriptive source-compatible values only; no cause, forecast, national aggregation or supply/trade signal.","[""V2O00917"",""V2O00995"",""V2O01063""]"
series-802f579423ded39524f1,common-wheat,Triticum aestivum,PT,CERTIFIED_SEED_AREA,ha,APPROVED_MULTIPLICATION_FIELD,,2021,2025,5,468.0,171.2,-63.418803418803414,DECREASING_REPORTED_VALUE,"Descriptive source-compatible values only; no cause, forecast, national aggregation or supply/trade signal.","[""O00580"",""O00581"",""O00582"",""O00583"",""O00584""]"
series-8200ac553ca3dd3e91cf,festulolium-group,× Festulolium,LV,SEED_PRODUCTION_AREA,ha,INSPECTED_SEED_FIELD,,2021,2025,5,275.66,93.17,-66.20111731843576,DECREASING_REPORTED_VALUE,"Descriptive source-compatible values only; no cause, forecast, national aggregation or supply/trade signal.","[""V2O00433"",""V2O00517"",""V2O00599"",""V2O00681"",""V2O00759""]"
series-82383f642729a7f326a6,barley,Hordeum vulgare,CZ,SEED_PRODUCTION_AREA,ha,APPLIED_FOR_FIELD_CERTIFICATION,Ječmen jarní - Barley spring type,2021,2025,5,10546.32,8206.94,-22.18195541193515,DECREASING_REPORTED_VALUE,"Descriptive source-compatible values only; no cause, forecast, national aggregation or supply/trade signal.","[""V05N0003"",""V05N0004"",""V2O00858"",""V2O00933"",""V2O01007""]"
series-862666e6af9e6a736674,durum-wheat,Triticum turgidum subsp. durum,CZ,SEED_PRODUCTION_AREA,ha,APPLIED_FOR_FIELD_CERTIFICATION,Pšenice tvrdá ozimá - Durum wheat winter type,2023,2025,3,116.16,128.7,10.795454545454541,INCREASING_REPORTED_VALUE,"Descriptive source-compatible values only; no cause, forecast, national aggregation or supply/trade signal.","[""V2O00867"",""V2O00943"",""V2O01017""]"
series-862e38c7c74f8426e9fd,timothy,Phleum pratense,LV,CERTIFIED_SEED_AREA,ha,FIELD_RECOGNISED_FOR_CERTIFIED_SEED,,2021,2025,5,1119.63,865.1329,-22.730464528460303,DECREASING_REPORTED_VALUE,"Descriptive source-compatible values only; no cause, forecast, national aggregation or supply/trade signal.","[""V2O00448"",""V2O00534"",""V2O00614"",""V2O00694"",""V2O00776""]"
series-87c372e1d1b4700ce40a,oat,Avena sativa,ES,SEED_PRODUCTION_AREA,ha,DEDICATED_CERTIFIED_SEED_PRODUCTION_FIELD,,2023,2025,3,9639.0586,10456.9588,8.485270542913813,INCREASING_REPORTED_VALUE,"Descriptive source-compatible values only; no cause, forecast, national aggregation or supply/trade signal.","[""O00132"",""O00133"",""O00134""]"
series-89cbefc876c1061a7b86,field-pea,Pisum sativum,LV,SEED_PRODUCTION_AREA,ha,INSPECTED_SEED_FIELD,kopā,2021,2023,3,1284.04,1620.89,26.233606429706246,INCREASING_REPORTED_VALUE,"Descriptive source-compatible values only; no cause, forecast, national aggregation or supply/trade signal.","[""V2O00423"",""V2O00507"",""V2O00591""]"
series-89f324993b3d1c5ca0bd,barley,Hordeum vulgare,LV,SEED_PRODUCTION_AREA,ha,INSPECTED_SEED_FIELD,vasaras,2021,2025,5,988.31,638.5587,-35.38882536855844,DECREASING_REPORTED_VALUE,"Descriptive source-compatible values only; no cause, forecast, national aggregation or supply/trade signal.","[""V2O00411"",""V2O00489"",""V2O00573"",""V2O00657"",""V2O00735""]"
series-8aad36621e67e8642acd,chickpea,Cicer arietinum,PT,CERTIFIED_QUANTITY,kg,CERTIFIED_LOTS,,2023,2025,3,0.0,0.0,null,UNCHANGED_REPORTED_VALUE,"Descriptive source-compatible values only; no cause, forecast, national aggregation or supply/trade signal.","[""O00383"",""O00384"",""O00385""]"
series-8af331767917fc5d2f8d,meadow-fescue,Festuca pratensis,LV,SEED_PRODUCTION_AREA,ha,INSPECTED_SEED_FIELD,,2021,2025,5,455.06,399.6141,-12.18430536632532,DECREASING_REPORTED_VALUE,"Descriptive source-compatible values only; no cause, forecast, national aggregation or supply/trade signal.","[""V2O00445"",""V2O00529"",""V2O00609"",""V2O00691"",""V2O00773""]"
series-8bbd735d2ff6e4a42a28,timothy,Phleum pratense,LV,SEED_PRODUCTION_AREA,ha,INSPECTED_SEED_FIELD,,2021,2025,5,1119.63,865.1329,-22.730464528460303,DECREASING_REPORTED_VALUE,"Descriptive source-compatible values only; no cause, forecast, national aggregation or supply/trade signal.","[""V2O00447"",""V2O00533"",""V2O00613"",""V2O00693"",""V2O00775""]"
series-8bf2fea9b33a581d5d78,trifolium-squarrosum,Trifolium squarrosum,PT,CERTIFIED_SEED_AREA,ha,APPROVED_MULTIPLICATION_FIELD,,2021,2025,5,2.0,4.0,100.0,INCREASING_REPORTED_VALUE,"Descriptive source-compatible values only; no cause, forecast, national aggregation or supply/trade signal.","[""O00558"",""O00559"",""O00560"",""O00561"",""O00562""]"
series-8c31acfd25bf13d98ea9,black-medick,Medicago lupulina,CZ,SEED_PRODUCTION_AREA,ha,APPLIED_FOR_FIELD_CERTIFICATION,Tolice dětelová - Trefoil,2023,2025,3,19.71,10.22,-48.14814814814815,DECREASING_REPORTED_VALUE,"Descriptive source-compatible values only; no cause, forecast, national aggregation or supply/trade signal.","[""V2O00907"",""V2O00985"",""V2O01053""]"
series-8c6456910fd450813995,yellow-serradella,Ornithopus compressus,PT,CERTIFIED_SEED_AREA,ha,APPROVED_MULTIPLICATION_FIELD,,2021,2024,4,4.0,4.0,0.0,UNCHANGED_REPORTED_VALUE,"Descriptive source-compatible values only; no cause, forecast, national aggregation or supply/trade signal.","[""O00452"",""O00453"",""O00454"",""O00455""]"
series-8c770a9abceed0e2c30a,meadow-fescue,Festuca pratensis,CZ,SEED_PRODUCTION_AREA,ha,APPLIED_FOR_FIELD_CERTIFICATION,Kostřava luční - Meadow fescue,2023,2025,3,562.46,532.4,-5.344380044803199,DECREASING_REPORTED_VALUE,"Descriptive source-compatible values only; no cause, forecast, national aggregation or supply/trade signal.","[""V2O00918"",""V2O00996"",""V2O01064""]"
series-8ee1051be638e0eaaf47,golden-oatgrass,Trisetum flavescens,CZ,SEED_PRODUCTION_AREA,ha,APPLIED_FOR_FIELD_CERTIFICATION,Trojštět žlutavý - Golden oatgrass,2023,2025,3,26.72,24.2,-9.431137724550897,DECREASING_REPORTED_VALUE,"Descriptive source-compatible values only; no cause, forecast, national aggregation or supply/trade signal.","[""V2O00928"",""V2O01004"",""V2O01073""]"
series-8f9996cf2b62b10e1db5,naked-oat,Avena nuda,CZ,SEED_PRODUCTION_AREA,ha,APPLIED_FOR_FIELD_CERTIFICATION,Oves nahý - Naked oat,2023,2025,3,686.83,1333.36,94.13246363729013,INCREASING_REPORTED_VALUE,"Descriptive source-compatible values only; no cause, forecast, national aggregation or supply/trade signal.","[""V2O00861"",""V2O00937"",""V2O01011""]"
series-906c323128e39f35ca05,triticale-group,× Triticosecale,PT,CERTIFIED_SEED_AREA,ha,APPROVED_MULTIPLICATION_FIELD,,2021,2024,4,435.7,436.0,0.06885471654809461,INCREASING_REPORTED_VALUE,"Descriptive source-compatible values only; no cause, forecast, national aggregation or supply/trade signal.","[""O00632"",""O00633"",""O00634"",""O00635""]"
series-9161cbce8031c7cb8bf8,fescues,Festuca arundinacea,LV,CERTIFIED_SEED_AREA,ha,FIELD_RECOGNISED_FOR_CERTIFIED_SEED,,2021,2025,5,199.81,807.7609,304.2645012762124,INCREASING_REPORTED_VALUE,"Descriptive source-compatible values only; no cause, forecast, national aggregation or supply/trade signal.","[""V2O00444"",""V2O00528"",""V2O00608"",""V2O00690"",""V2O00772""]"
series-92e246e0e2555e68f422,hybrid-ryegrass,Lolium × boucheanum,CZ,SEED_PRODUCTION_AREA,ha,APPLIED_FOR_FIELD_CERTIFICATION,Jílek hybridní - Hybrid ryegrass,2023,2025,3,490.46,303.57,-38.105044244178934,DECREASING_REPORTED_VALUE,"Descriptive source-compatible values only; no cause, forecast, national aggregation or supply/trade signal.","[""V2O00912"",""V2O00990"",""V2O01058""]"
series-9320cc3a857adb35e309,common-wheat,Triticum aestivum subsp. aestivum,CZ,SEED_PRODUCTION_AREA,ha,APPLIED_FOR_FIELD_CERTIFICATION,Pšenice setá jarní - Wheat spring type,2023,2025,3,1896.32,1920.39,1.2693005399932566,INCREASING_REPORTED_VALUE,"Descriptive source-compatible values only; no cause, forecast, national aggregation or supply/trade signal.","[""V2O00864"",""V2O00940"",""V2O01014""]"
series-937b70bec8f5f6ba6117,faba-bean,Vicia faba,LV,SEED_PRODUCTION_AREA,ha,INSPECTED_SEED_FIELD,,2021,2025,5,1242.96,1808.2692,45.48088434060629,INCREASING_REPORTED_VALUE,"Descriptive source-compatible values only; no cause, forecast, national aggregation or supply/trade signal.","[""V2O00419"",""V2O00503"",""V2O00587"",""V2O00671"",""V2O00747""]"
series-94596afd5f8d782039ef,barley,Hordeum vulgare,LV,CERTIFIED_QUANTITY,kg,CERTIFIED_LOTS_BY_HARVEST_YEAR_ORIGIN_UNSPECIFIED,vasaras,2021,2025,5,1267925.0,1646180.0,29.832600508705177,INCREASING_REPORTED_VALUE,"Descriptive source-compatible values only; no cause, forecast, national aggregation or supply/trade signal.","[""V2O00799"",""V2O00809"",""V2O00819"",""V2O00829"",""V2O00841""]"
series-956317aec53596569a00,bitter-vetch,Vicia ervilia,ES,SEED_PRODUCTION_AREA,ha,DEDICATED_CERTIFIED_SEED_PRODUCTION_FIELD,,2023,2025,3,787.68,2679.16,240.1330489538899,INCREASING_REPORTED_VALUE,"Descriptive source-compatible values only; no cause, forecast, national aggregation or supply/trade signal.","[""O00290"",""O00291"",""O00292""]"
series-9647ac693f2fd95f887e,phacelia,Phacelia tanacetifolia,CZ,SEED_PRODUCTION_AREA,ha,APPLIED_FOR_FIELD_CERTIFICATION,Svazenka - California bluebell,2023,2025,3,1473.63,1058.63,-28.161750235812242,DECREASING_REPORTED_VALUE,"Descriptive source-compatible values only; no cause, forecast, national aggregation or supply/trade signal.","[""V2O00896"",""V2O00974"",""V2O01044""]"
series-966e5e8d6758ca7ba5de,flax,Linum usitatissimum,CZ,SEED_PRODUCTION_AREA,ha,APPLIED_FOR_FIELD_CERTIFICATION,Len olejný - Linseed,2023,2025,3,1011.11,490.8,-51.45928731789815,DECREASING_REPORTED_VALUE,"Descriptive source-compatible values only; no cause, forecast, national aggregation or supply/trade signal.","[""V2O00887"",""V2O00964"",""V2O01037""]"
series-98f5c1ab5698f5b50c8a,lupins,Lupinus luteus,PT,CERTIFIED_QUANTITY,kg,CERTIFIED_LOTS,,2021,2025,5,600.0,0.0,-100.0,DECREASING_REPORTED_VALUE,"Descriptive source-compatible values only; no cause, forecast, national aggregation or supply/trade signal.","[""O00441"",""O00442"",""O00443"",""O00444"",""O00445""]"
series-9a40dab2af67811270b4,white-clover,Trifolium repens,LV,CERTIFIED_SEED_AREA,ha,FIELD_RECOGNISED_FOR_CERTIFIED_SEED,,2021,2025,5,557.06,593.0643,6.463271460883946,INCREASING_REPORTED_VALUE,"Descriptive source-compatible values only; no cause, forecast, national aggregation or supply/trade signal.","[""V2O00454"",""V2O00540"",""V2O00620"",""V2O00700"",""V2O00782""]"
series-9bd0a86f5b471817e1a8,berseem-clover,Trifolium alexandrinum,PT,CERTIFIED_SEED_AREA,ha,APPROVED_MULTIPLICATION_FIELD,,2021,2025,5,144.7,108.6,-24.94816862474084,DECREASING_REPORTED_VALUE,"Descriptive source-compatible values only; no cause, forecast, national aggregation or supply/trade signal.","[""O00496"",""O00497"",""O00498"",""O00499"",""O00500""]"
series-9c8e234234125330b538,sunflower,Helianthus annuus,ES,SEED_PRODUCTION_AREA,ha,DEDICATED_CERTIFIED_SEED_PRODUCTION_FIELD,,2023,2025,3,8934.5272,7434.5533,-16.78850896553318,DECREASING_REPORTED_VALUE,"Descriptive source-compatible values only; no cause, forecast, national aggregation or supply/trade signal.","[""O00190"",""O00191"",""O00192""]"
series-9d6873b8c5a57e676d93,lupins,Lupinus angustifolius,CZ,SEED_PRODUCTION_AREA,ha,APPLIED_FOR_FIELD_CERTIFICATION,Lupina úzkolistá - Blue lupin,2023,2025,3,170.43,236.25,38.61996127442351,INCREASING_REPORTED_VALUE,"Descriptive source-compatible values only; no cause, forecast, national aggregation or supply/trade signal.","[""V2O00880"",""V2O00957"",""V2O01029""]"
series-9da5a0d725863ae54e2f,potato,Solanum tuberosum,ES,SEED_PRODUCTION_AREA,ha,DEDICATED_CERTIFIED_SEED_PRODUCTION_FIELD,,2023,2025,3,1914.7692,1764.7297,-7.835905235993968,DECREASING_REPORTED_VALUE,"Descriptive source-compatible values only; no cause, forecast, national aggregation or supply/trade signal.","[""O00259"",""O00260"",""O00261""]"
series-9db452cde09dd3eabc9e,field-pea,Pisum sativum,LV,CERTIFIED_SEED_AREA,ha,FIELD_RECOGNISED_FOR_CERTIFIED_SEED,baltziedu,2021,2023,3,1085.52,1528.65,40.82191023656867,INCREASING_REPORTED_VALUE,"Descriptive source-compatible values only; no cause, forecast, national aggregation or supply/trade signal.","[""V2O00428"",""V2O00512"",""V2O00596""]"
series-9df13eaa52b20c5292ec,purple-vetch,Vicia benghalensis,PT,CERTIFIED_SEED_AREA,ha,APPROVED_MULTIPLICATION_FIELD,,2023,2025,3,1.0,7.0,600.0,INCREASING_REPORTED_VALUE,"Descriptive source-compatible values only; no cause, forecast, national aggregation or supply/trade signal.","[""O00598"",""O00599"",""O00600""]"
series-9e7b0c1f832e6b6a4dfb,winter-wheat,Triticum aestivum subsp. aestivum,CZ,SEED_PRODUCTION_AREA,ha,APPLIED_FOR_FIELD_CERTIFICATION,Pšenice setá ozimá - Wheat winter type,2023,2025,3,26284.5,25123.0,-4.4189541364682565,DECREASING_REPORTED_VALUE,"Descriptive source-compatible values only; no cause, forecast, national aggregation or supply/trade signal.","[""V2O00866"",""V2O00942"",""V2O01016""]"
series-9f73014ab55acb62de3f,glandular-clover,Trifolium glanduliferum,PT,CERTIFIED_SEED_AREA,ha,APPROVED_MULTIPLICATION_FIELD,,2021,2023,3,1.0,6.5,550.0,INCREASING_REPORTED_VALUE,"Descriptive source-compatible values only; no cause, forecast, national aggregation or supply/trade signal.","[""O00506"",""O00507"",""O00508""]"
series-9f91863551c2847777d9,meadow-fescue,Festuca pratensis,LV,CERTIFIED_SEED_AREA,ha,FIELD_RECOGNISED_FOR_CERTIFIED_SEED,,2021,2025,5,455.06,399.3126,-12.250560365666075,DECREASING_REPORTED_VALUE,"Descriptive source-compatible values only; no cause, forecast, national aggregation or supply/trade signal.","[""V2O00446"",""V2O00530"",""V2O00610"",""V2O00692"",""V2O00774""]"
series-a01388e87cac81f904a8,birdsfoot-trefoil,Lotus corniculatus,CZ,SEED_PRODUCTION_AREA,ha,APPLIED_FOR_FIELD_CERTIFICATION,Štírovník růžkatý - Birdsfoot trefoil,2021,2025,5,21.91,13.34,-39.11455956184391,DECREASING_REPORTED_VALUE,"Descriptive source-compatible values only; no cause, forecast, national aggregation or supply/trade signal.","[""V05N0007"",""V05N0008"",""V2O00906"",""V2O00984"",""V2O01052""]"
series-a1c6714fbbf765fded61,rice,Oryza sativa,ES,SEED_PRODUCTION_AREA,ha,DEDICATED_CERTIFIED_SEED_PRODUCTION_FIELD,,2023,2025,3,2194.8831,3520.4848,60.395093479010356,INCREASING_REPORTED_VALUE,"Descriptive source-compatible values only; no cause, forecast, national aggregation or supply/trade signal.","[""O00234"",""O00235"",""O00236""]"
series-a22f598cfc8cbc56c05e,oilseed-radish-group,Raphanus sativus var. oleiformis,LV,CERTIFIED_SEED_AREA,ha,FIELD_RECOGNISED_FOR_CERTIFIED_SEED,,2021,2025,5,290.09,225.9895,-22.0967630735289,DECREASING_REPORTED_VALUE,"Descriptive source-compatible values only; no cause, forecast, national aggregation or supply/trade signal.","[""V2O00386"",""V2O00466"",""V2O00554"",""V2O00632"",""V2O00712""]"
series-a44d765dd60adefd1ae1,triticale-group,× Triticosecale,CZ,SEED_PRODUCTION_AREA,ha,APPLIED_FOR_FIELD_CERTIFICATION,Tritikale ozimé - Triticale winter type,2023,2025,3,1307.7,1542.97,17.991129463944322,INCREASING_REPORTED_VALUE,"Descriptive source-compatible values only; no cause, forecast, national aggregation or supply/trade signal.","[""V2O00870"",""V2O00946"",""V2O01021""]"
series-a8d2c6b5948374bd1c7f,rye,Secale cereale,LV,SEED_PRODUCTION_AREA,ha,INSPECTED_SEED_FIELD,ziemas,2021,2025,5,119.13,140.8345,18.21917233274575,INCREASING_REPORTED_VALUE,"Descriptive source-compatible values only; no cause, forecast, national aggregation or supply/trade signal.","[""V2O00415"",""V2O00497"",""V2O00583"",""V2O00661"",""V2O00739""]"
series-a9ee7686201cc3dcf55b,field-pea,Pisum sativum,LV,CERTIFIED_SEED_AREA,ha,FIELD_RECOGNISED_FOR_CERTIFIED_SEED,kopā,2021,2023,3,1284.04,1616.59,25.898725896389507,INCREASING_REPORTED_VALUE,"Descriptive source-compatible values only; no cause, forecast, national aggregation or supply/trade signal.","[""V2O00424"",""V2O00508"",""V2O00592""]"
series-aa7631c4800853340964,common-bean,Phaseolus vulgaris,ES,SEED_PRODUCTION_AREA,ha,DEDICATED_CERTIFIED_SEED_PRODUCTION_FIELD,,2023,2025,3,10.81,9.8383,-8.988899167437559,DECREASING_REPORTED_VALUE,"Descriptive source-compatible values only; no cause, forecast, national aggregation or supply/trade signal.","[""O00239"",""O00240"",""O00241""]"
series-abecf016ca24786ea5b7,durum-wheat,Triticum turgidum subsp. durum,PT,CERTIFIED_QUANTITY,kg,CERTIFIED_LOTS,,2021,2024,4,518400.0,13440.0,-97.4074074074074,DECREASING_REPORTED_VALUE,"Descriptive source-compatible values only; no cause, forecast, national aggregation or supply/trade signal.","[""O00594"",""O00595"",""O00596"",""O00597""]"
series-aca2ddf95988ca2b13ba,sorghum,Sorghum bicolor,ES,SEED_PRODUCTION_AREA,ha,DEDICATED_CERTIFIED_SEED_PRODUCTION_FIELD,,2023,2025,3,250.4,461.16,84.16932907348243,INCREASING_REPORTED_VALUE,"Descriptive source-compatible values only; no cause, forecast, national aggregation or supply/trade signal.","[""O00264"",""O00265"",""O00266""]"
series-aec1de4d7a3b1ae47b23,italian-ryegrass,Lolium multiflorum,ES,SEED_PRODUCTION_AREA,ha,DEDICATED_CERTIFIED_SEED_PRODUCTION_FIELD,,2023,2025,3,3560.8939,3227.3747,-9.366165051983156,DECREASING_REPORTED_VALUE,"Descriptive source-compatible values only; no cause, forecast, national aggregation or supply/trade signal.","[""O00211"",""O00212"",""O00213""]"
series-af148a07642b4addd00c,barley,Hordeum vulgare,ES,SEED_PRODUCTION_AREA,ha,DEDICATED_CERTIFIED_SEED_PRODUCTION_FIELD,,2023,2025,3,44684.8645,49796.8685,11.440124205814683,INCREASING_REPORTED_VALUE,"Descriptive source-compatible values only; no cause, forecast, national aggregation or supply/trade signal.","[""O00195"",""O00196"",""O00197""]"
series-af7d7741b55eebeb2738,triticale-group,× Triticosecale,LV,CERTIFIED_QUANTITY,kg,CERTIFIED_LOTS_BY_HARVEST_YEAR_ORIGIN_UNSPECIFIED,ziemas,2021,2025,5,131310.0,107635.0,-18.029853019572005,DECREASING_REPORTED_VALUE,"Descriptive source-compatible values only; no cause, forecast, national aggregation or supply/trade signal.","[""V2O00802"",""V2O00812"",""V2O00822"",""V2O00832"",""V2O00844""]"
series-afcb4ce396bb780b163f,rapeseed,Brassica napus,ES,SEED_PRODUCTION_AREA,ha,DEDICATED_CERTIFIED_SEED_PRODUCTION_FIELD,,2023,2025,3,4753.53,4795.36,0.8799776166343642,INCREASING_REPORTED_VALUE,"Descriptive source-compatible values only; no cause, forecast, national aggregation or supply/trade signal.","[""O00148"",""O00149"",""O00150""]"
series-b00cd8b0c0fea9c3f36b,mustard-seed,Sinapis alba,CZ,SEED_PRODUCTION_AREA,ha,APPLIED_FOR_FIELD_CERTIFICATION,Hořčice bílá - White mustard,2023,2025,3,7146.29,4284.42,-40.04693344378691,DECREASING_REPORTED_VALUE,"Descriptive source-compatible values only; no cause, forecast, national aggregation or supply/trade signal.","[""V2O00884"",""V2O00961"",""V2O01033""]"
series-b1ef86e9bc1dce53b053,oat,Avena sativa,PT,CERTIFIED_QUANTITY,kg,CERTIFIED_LOTS,,2021,2025,5,339010.0,32980.0,-90.27167340196455,DECREASING_REPORTED_VALUE,"Descriptive source-compatible values only; no cause, forecast, national aggregation or supply/trade signal.","[""O00367"",""O00368"",""O00369"",""O00370"",""O00371""]"
series-b430d8d2961e056913b2,winter-vetch,Vicia villosa,LV,SEED_PRODUCTION_AREA,ha,INSPECTED_SEED_FIELD,ziemas,2021,2024,4,435.16,967.84,122.41014799154333,INCREASING_REPORTED_VALUE,"Descriptive source-compatible values only; no cause, forecast, national aggregation or supply/trade signal.","[""V2O00429"",""V2O00513"",""V2O00597"",""V2O00677""]"
series-b62fe33312260c60d333,buckwheat,Fagopyrum esculentum,LV,CERTIFIED_SEED_AREA,ha,FIELD_RECOGNISED_FOR_CERTIFIED_SEED,vasaras,2021,2025,5,444.72,787.6675,77.11537596690053,INCREASING_REPORTED_VALUE,"Descriptive source-compatible values only; no cause, forecast, national aggregation or supply/trade signal.","[""V2O00404"",""V2O00484"",""V2O00568"",""V2O00650"",""V2O00728""]"
series-b9a38ff38841974e4774,fescues,Festuca arundinacea,CZ,SEED_PRODUCTION_AREA,ha,APPLIED_FOR_FIELD_CERTIFICATION,Kostřava rákosovitá - Tall fescue,2023,2025,3,814.74,480.13,-41.06954365809952,DECREASING_REPORTED_VALUE,"Descriptive source-compatible values only; no cause, forecast, national aggregation or supply/trade signal.","[""V2O00919"",""V2O00997"",""V2O01065""]"
series-baf6e4584e7c074ee1ac,rye,Secale cereale,CZ,SEED_PRODUCTION_AREA,ha,APPLIED_FOR_FIELD_CERTIFICATION,Žito jarní - Rye spring type,2023,2025,3,168.86,29.89,-82.29894587232027,DECREASING_REPORTED_VALUE,"Descriptive source-compatible values only; no cause, forecast, national aggregation or supply/trade signal.","[""V2O00871"",""V2O00947"",""V2O01022""]"
series-bccb5b60abcadf7e805f,triticale-group,× Triticosecale,LV,SEED_PRODUCTION_AREA,ha,INSPECTED_SEED_FIELD,vasaras,2022,2025,4,8.71,97.9182,1024.2043628013778,INCREASING_REPORTED_VALUE,"Descriptive source-compatible values only; no cause, forecast, national aggregation or supply/trade signal.","[""V2O00491"",""V2O00575"",""V2O00665"",""V2O00741""]"
series-bd1391b94f37f941f9d8,mustard-seed,Sinapis alba,LV,SEED_PRODUCTION_AREA,ha,INSPECTED_SEED_FIELD,,2021,2025,5,44.15,225.756,411.3386183465459,INCREASING_REPORTED_VALUE,"Descriptive source-compatible values only; no cause, forecast, national aggregation or supply/trade signal.","[""V2O00389"",""V2O00469"",""V2O00557"",""V2O00635"",""V2O00715""]"
series-bfa9dadd43a2ef637caa,persian-clover,Trifolium resupinatum,PT,CERTIFIED_QUANTITY,kg,CERTIFIED_LOTS,,2021,2025,5,698856.0,574745.0,-17.75916640910288,DECREASING_REPORTED_VALUE,"Descriptive source-compatible values only; no cause, forecast, national aggregation or supply/trade signal.","[""O00553"",""O00554"",""O00555"",""O00556"",""O00557""]"
series-c0584579197074927981,beet-chard,Beta vulgaris,ES,SEED_PRODUCTION_AREA,ha,DEDICATED_CERTIFIED_SEED_PRODUCTION_FIELD,,2023,2025,3,54.73,63.54,16.097204458249603,INCREASING_REPORTED_VALUE,"Descriptive source-compatible values only; no cause, forecast, national aggregation or supply/trade signal.","[""O00142"",""O00144"",""O00145""]"
series-c2c1bef9652a4bd225be,red-clover,Trifolium pratense,LV,CERTIFIED_SEED_AREA,ha,FIELD_RECOGNISED_FOR_CERTIFIED_SEED,,2021,2025,5,1286.12,2209.563,71.80068733866204,INCREASING_REPORTED_VALUE,"Descriptive source-compatible values only; no cause, forecast, national aggregation or supply/trade signal.","[""V2O00462"",""V2O00548"",""V2O00626"",""V2O00708"",""V2O00790""]"
series-c3b01c45672d8b6bb6ac,common-vetch,Vicia sativa,LV,CERTIFIED_SEED_AREA,ha,FIELD_RECOGNISED_FOR_CERTIFIED_SEED,vasaras,2021,2024,4,355.11,1033.19,190.94928332066118,INCREASING_REPORTED_VALUE,"Descriptive source-compatible values only; no cause, forecast, national aggregation or supply/trade signal.","[""V2O00422"",""V2O00506"",""V2O00590"",""V2O00674""]"
series-c60b4530a2861df2a7f1,red-clover,Trifolium pratense,LV,SEED_PRODUCTION_AREA,ha,INSPECTED_SEED_FIELD,,2021,2025,5,1289.37,2212.4731,71.59334403623478,INCREASING_REPORTED_VALUE,"Descriptive source-compatible values only; no cause, forecast, national aggregation or supply/trade signal.","[""V2O00461"",""V2O00547"",""V2O00625"",""V2O00707"",""V2O00789""]"
series-c68c8c5c2ff86408ca45,field-pea,Pisum sativum,ES,SEED_PRODUCTION_AREA,ha,DEDICATED_CERTIFIED_SEED_PRODUCTION_FIELD,,2023,2025,3,8163.281,13241.1715,62.20403903773495,INCREASING_REPORTED_VALUE,"Descriptive source-compatible values only; no cause, forecast, national aggregation or supply/trade signal.","[""O00244"",""O00245"",""O00246""]"
series-c8d5385fba93bea4bc08,chickpea,Cicer arietinum,ES,SEED_PRODUCTION_AREA,ha,DEDICATED_CERTIFIED_SEED_PRODUCTION_FIELD,,2023,2025,3,935.3663,1368.5045,46.30679980666397,INCREASING_REPORTED_VALUE,"Descriptive source-compatible values only; no cause, forecast, national aggregation or supply/trade signal.","[""O00167"",""O00168"",""O00169""]"
series-c952f5cb2baef38927db,rice,Oryza sativa,PT,CERTIFIED_SEED_AREA,ha,APPROVED_MULTIPLICATION_FIELD,,2021,2025,5,305.7,452.8,48.119070984625466,INCREASING_REPORTED_VALUE,"Descriptive source-compatible values only; no cause, forecast, national aggregation or supply/trade signal.","[""O00470"",""O00471"",""O00472"",""O00473"",""O00474""]"
series-cb1439219645bd307e4a,italian-ryegrass,Lolium multiflorum,PT,CERTIFIED_QUANTITY,kg,CERTIFIED_LOTS,,2021,2025,5,89311.0,2000.0,-97.76063418839784,DECREASING_REPORTED_VALUE,"Descriptive source-compatible values only; no cause, forecast, national aggregation or supply/trade signal.","[""O00421"",""O00422"",""O00423"",""O00424"",""O00425""]"
series-cb459a9030890c5cbaf3,flax,Linum usitatissimum,ES,SEED_PRODUCTION_AREA,ha,DEDICATED_CERTIFIED_SEED_PRODUCTION_FIELD,,2023,2025,3,113.23,181.1639,59.996379051488134,INCREASING_REPORTED_VALUE,"Descriptive source-compatible values only; no cause, forecast, national aggregation or supply/trade signal.","[""O00206"",""O00207"",""O00208""]"
series-cc334da12c8044024fe0,hybrid-lucerne,Medicago × varia,LV,CERTIFIED_SEED_AREA,ha,FIELD_RECOGNISED_FOR_CERTIFIED_SEED,,2021,2025,5,38.4,562.9636,1366.0510416666668,INCREASING_REPORTED_VALUE,"Descriptive source-compatible values only; no cause, forecast, national aggregation or supply/trade signal.","[""V2O00458"",""V2O00544"",""V2O00624"",""V2O00706"",""V2O00788""]"
series-cf0d6deecf9b8d0b3218,potato,Solanum tuberosum,LV,SEED_PRODUCTION_AREA,ha,INSPECTED_SEED_FIELD,,2021,2025,5,399.282,403.6757,1.100400218392017,INCREASING_REPORTED_VALUE,"Descriptive source-compatible values only; no cause, forecast, national aggregation or supply/trade signal.","[""V2O00397"",""V2O00477"",""V2O00563"",""V2O00643"",""V2O00721""]"
series-d2f8acda3eb035d18b99,field-pea,Pisum sativum,LV,SEED_PRODUCTION_AREA,ha,INSPECTED_SEED_FIELD,baltziedu,2021,2023,3,1085.52,1532.95,41.21803375340851,INCREASING_REPORTED_VALUE,"Descriptive source-compatible values only; no cause, forecast, national aggregation or supply/trade signal.","[""V2O00427"",""V2O00511"",""V2O00595""]"
series-d38f0342074992295e44,rye,Secale cereale,LV,CERTIFIED_SEED_AREA,ha,FIELD_RECOGNISED_FOR_CERTIFIED_SEED,ziemas,2021,2025,5,119.13,140.8345,18.21917233274575,INCREASING_REPORTED_VALUE,"Descriptive source-compatible values only; no cause, forecast, national aggregation or supply/trade signal.","[""V2O00416"",""V2O00498"",""V2O00584"",""V2O00662"",""V2O00740""]"
series-d3fecf8de1e3e4519b50,field-pea,Pisum sativum,PT,CERTIFIED_QUANTITY,kg,CERTIFIED_LOTS,,2022,2025,4,0.0,0.0,null,UNCHANGED_REPORTED_VALUE,"Descriptive source-compatible values only; no cause, forecast, national aggregation or supply/trade signal.","[""O00484"",""O00485"",""O00486"",""O00487""]"
series-d44fe1fbb40a3462a555,oilseed-radish-group,Raphanus sativus var. oleiformis,CZ,SEED_PRODUCTION_AREA,ha,APPLIED_FOR_FIELD_CERTIFICATION,Ředkev olejná - Fodder radish,2023,2025,3,129.2,204.73,58.45975232198144,INCREASING_REPORTED_VALUE,"Descriptive source-compatible values only; no cause, forecast, national aggregation or supply/trade signal.","[""V2O00895"",""V2O00973"",""V2O01043""]"
series-d5c359bd2bdbd7453b93,berseem-clover,Trifolium alexandrinum,CZ,SEED_PRODUCTION_AREA,ha,APPLIED_FOR_FIELD_CERTIFICATION,Jetel alexandrijský - Berseem clover,2021,2025,5,59.97,35.14,-41.40403535100884,DECREASING_REPORTED_VALUE,"Descriptive source-compatible values only; no cause, forecast, national aggregation or supply/trade signal.","[""V05N0005"",""V05N0006"",""V2O00900"",""V2O00977"",""V2O01047""]"
series-d6e1460033a548550975,flax,Linum usitatissimum,LV,SEED_PRODUCTION_AREA,ha,INSPECTED_SEED_FIELD,,2022,2025,4,150.49,437.417,190.6618379958801,INCREASING_REPORTED_VALUE,"Descriptive source-compatible values only; no cause, forecast, national aggregation or supply/trade signal.","[""V2O00475"",""V2O00561"",""V2O00641"",""V2O00719""]"
series-d702b99600bf6a9a4344,durum-wheat,Triticum turgidum subsp. durum,CZ,SEED_PRODUCTION_AREA,ha,APPLIED_FOR_FIELD_CERTIFICATION,Pšenice tvrdá jarní - Durum Wheat spring type,2023,2025,3,76.49,69.41,-9.2561119100536,DECREASING_REPORTED_VALUE,"Descriptive source-compatible values only; no cause, forecast, national aggregation or supply/trade signal.","[""V2O00865"",""V2O00941"",""V2O01015""]"
series-d71a13967b964373a0d5,field-pea,Pisum sativum,PT,CERTIFIED_SEED_AREA,ha,APPROVED_MULTIPLICATION_FIELD,,2022,2025,4,4.9,5.5,12.244897959183664,INCREASING_REPORTED_VALUE,"Descriptive source-compatible values only; no cause, forecast, national aggregation or supply/trade signal.","[""O00480"",""O00481"",""O00482"",""O00483""]"
series-d890b342e58ae879f0ff,safflower,Carthamus tinctorius,ES,SEED_PRODUCTION_AREA,ha,DEDICATED_CERTIFIED_SEED_PRODUCTION_FIELD,,2023,2025,3,320.34,435.11,35.82755821939192,INCREASING_REPORTED_VALUE,"Descriptive source-compatible values only; no cause, forecast, national aggregation or supply/trade signal.","[""O00162"",""O00163"",""O00164""]"
series-d91780b591ffda8cd816,serradella,Ornithopus sativus,PT,CERTIFIED_QUANTITY,kg,CERTIFIED_LOTS,,2021,2025,5,66200.0,14500.0,-78.09667673716012,DECREASING_REPORTED_VALUE,"Descriptive source-compatible values only; no cause, forecast, national aggregation or supply/trade signal.","[""O00465"",""O00466"",""O00467"",""O00468"",""O00469""]"
series-d9f77dedceb5e8018501,naked-oat,Avena nuda,LV,CERTIFIED_QUANTITY,kg,CERTIFIED_LOTS_BY_HARVEST_YEAR_ORIGIN_UNSPECIFIED,vasaras,2021,2025,5,0.0,4500.0,null,INCREASING_REPORTED_VALUE,"Descriptive source-compatible values only; no cause, forecast, national aggregation or supply/trade signal.","[""V2O00796"",""V2O00806"",""V2O00815"",""V2O00826"",""V2O00838""]"
series-db64ea3df4952de912e4,fescues,Festuca trachyphylla,CZ,SEED_PRODUCTION_AREA,ha,APPLIED_FOR_FIELD_CERTIFICATION,Kostřava drsnolistá - Hard fescue,2023,2025,3,66.4,118.13,77.90662650602407,INCREASING_REPORTED_VALUE,"Descriptive source-compatible values only; no cause, forecast, national aggregation or supply/trade signal.","[""V2O00916"",""V2O00994"",""V2O01062""]"
series-dc39ca6df9d2a616cabd,fescues,Festuca arundinacea,ES,SEED_PRODUCTION_AREA,ha,DEDICATED_CERTIFIED_SEED_PRODUCTION_FIELD,,2023,2025,3,1452.88,471.5609,-67.54302488849733,DECREASING_REPORTED_VALUE,"Descriptive source-compatible values only; no cause, forecast, national aggregation or supply/trade signal.","[""O00177"",""O00178"",""O00179""]"
series-dec1a58f890653c29b1c,triticale-group,× Triticosecale,PT,CERTIFIED_QUANTITY,kg,CERTIFIED_LOTS,,2021,2024,4,624560.0,940620.0,50.605226079159735,INCREASING_REPORTED_VALUE,"Descriptive source-compatible values only; no cause, forecast, national aggregation or supply/trade signal.","[""O00636"",""O00637"",""O00638"",""O00639""]"
series-e00d612247f1b58d0c9b,durum-wheat,Triticum turgidum subsp. durum,ES,SEED_PRODUCTION_AREA,ha,DEDICATED_CERTIFIED_SEED_PRODUCTION_FIELD,,2023,2025,3,19560.4463,17509.9021,-10.483115612755734,DECREASING_REPORTED_VALUE,"Descriptive source-compatible values only; no cause, forecast, national aggregation or supply/trade signal.","[""O00285"",""O00286"",""O00287""]"
series-e0568f3eb25a6bcf7804,italian-ryegrass,Lolium multiflorum,LV,SEED_PRODUCTION_AREA,ha,INSPECTED_SEED_FIELD, ssp. aternativum (viengadīgā),2021,2024,4,131.26,90.31,-31.197623038244704,DECREASING_REPORTED_VALUE,"Descriptive source-compatible values only; no cause, forecast, national aggregation or supply/trade signal.","[""V2O00435"",""V2O00519"",""V2O00601"",""V2O00683""]"
series-e098f642279fc3534e09,naked-oat,Avena nuda,LV,SEED_PRODUCTION_AREA,ha,INSPECTED_SEED_FIELD,vasaras,2021,2025,5,17.99,1.48,-91.77320733740967,DECREASING_REPORTED_VALUE,"Descriptive source-compatible values only; no cause, forecast, national aggregation or supply/trade signal.","[""V2O00405"",""V2O00485"",""V2O00569"",""V2O00651"",""V2O00729""]"
series-e163cd8a53473ee77efa,balansa-clover,Trifolium michelianum,PT,CERTIFIED_QUANTITY,kg,CERTIFIED_LOTS,,2021,2025,5,0.0,0.0,null,UNCHANGED_REPORTED_VALUE,"Descriptive source-compatible values only; no cause, forecast, national aggregation or supply/trade signal.","[""O00543"",""O00544"",""O00545"",""O00546"",""O00547""]"
series-e2859f7a6cf9fbd3a568,rye,Secale cereale,LV,CERTIFIED_QUANTITY,kg,CERTIFIED_LOTS_BY_HARVEST_YEAR_ORIGIN_UNSPECIFIED,ziemas,2021,2025,5,155172.0,99380.0,-35.95494032428531,DECREASING_REPORTED_VALUE,"Descriptive source-compatible values only; no cause, forecast, national aggregation or supply/trade signal.","[""V2O00801"",""V2O00811"",""V2O00820"",""V2O00831"",""V2O00843""]"
series-e528aba8b575789caeb4,sunflower,Helianthus annuus,PT,CERTIFIED_SEED_AREA,ha,APPROVED_MULTIPLICATION_FIELD,,2021,2025,5,1471.1,1497.6,1.8013731221534934,INCREASING_REPORTED_VALUE,"Descriptive source-compatible values only; no cause, forecast, national aggregation or supply/trade signal.","[""O00386"",""O00387"",""O00388"",""O00389"",""O00390""]"
series-e5b8ebebfab01165ac3a,serradella,Ornithopus sativus,PT,CERTIFIED_SEED_AREA,ha,APPROVED_MULTIPLICATION_FIELD,,2021,2025,5,98.9,154.0,55.7128412537917,INCREASING_REPORTED_VALUE,"Descriptive source-compatible values only; no cause, forecast, national aggregation or supply/trade signal.","[""O00460"",""O00461"",""O00462"",""O00463"",""O00464""]"
series-e6f9107da3c6115bf0bc,field-pea,Pisum sativum,CZ,SEED_PRODUCTION_AREA,ha,APPLIED_FOR_FIELD_CERTIFICATION,Hrách polní ( včetně pelušky ) - Field pea ( including fodder pea ),2023,2025,3,8972.25,10815.73,20.54646270444982,INCREASING_REPORTED_VALUE,"Descriptive source-compatible values only; no cause, forecast, national aggregation or supply/trade signal.","[""V2O00878"",""V2O00955"",""V2O01027""]"
series-e80675b1a6a49c530589,rye,Secale cereale,ES,SEED_PRODUCTION_AREA,ha,DEDICATED_CERTIFIED_SEED_PRODUCTION_FIELD,,2023,2025,3,775.31,618.035,-20.285434213411413,DECREASING_REPORTED_VALUE,"Descriptive source-compatible values only; no cause, forecast, national aggregation or supply/trade signal.","[""O00249"",""O00250"",""O00251""]"
series-e80fe3cc8a2ce9208603,common-wheat,Triticum aestivum,LV,CERTIFIED_QUANTITY,kg,CERTIFIED_LOTS_BY_HARVEST_YEAR_ORIGIN_UNSPECIFIED,vasaras,2021,2025,5,3396890.0,2350350.0,-30.80876919770732,DECREASING_REPORTED_VALUE,"Descriptive source-compatible values only; no cause, forecast, national aggregation or supply/trade signal.","[""V2O00798"",""V2O00808"",""V2O00817"",""V2O00828"",""V2O00840""]"
series-eaef6f24a7e07b2c461c,canary-grass,Phalaris canariensis,CZ,SEED_PRODUCTION_AREA,ha,APPLIED_FOR_FIELD_CERTIFICATION,Lesknice kanárská - Canary grass,2023,2025,3,15.67,15.63,-0.255264837268665,DECREASING_REPORTED_VALUE,"Descriptive source-compatible values only; no cause, forecast, national aggregation or supply/trade signal.","[""V2O00860"",""V2O00935"",""V2O01009""]"
series-eb6052279d9568dfb378,hemp,Cannabis sativa,LV,SEED_PRODUCTION_AREA,ha,INSPECTED_SEED_FIELD,,2021,2025,5,0.5,180.9136,36082.72,INCREASING_REPORTED_VALUE,"Descriptive source-compatible values only; no cause, forecast, national aggregation or supply/trade signal.","[""V2O00395"",""V2O00473"",""V2O00559"",""V2O00639"",""V2O00717""]"
series-ed3da55f93f414696948,winter-vetch,Vicia villosa,ES,SEED_PRODUCTION_AREA,ha,DEDICATED_CERTIFIED_SEED_PRODUCTION_FIELD,,2023,2025,3,2939.1213,4124.289,40.32387843264584,INCREASING_REPORTED_VALUE,"Descriptive source-compatible values only; no cause, forecast, national aggregation or supply/trade signal.","[""O00308"",""O00309"",""O00310""]"
series-ed97fec34f3e398983ab,perennial-ryegrass,Lolium perenne,LV,CERTIFIED_SEED_AREA,ha,FIELD_RECOGNISED_FOR_CERTIFIED_SEED,,2021,2025,5,1343.18,1210.8111,-9.854889143673983,DECREASING_REPORTED_VALUE,"Descriptive source-compatible values only; no cause, forecast, national aggregation or supply/trade signal.","[""V2O00438"",""V2O00522"",""V2O00604"",""V2O00686"",""V2O00766""]"
series-ee77f5cb832885d8642d,tall-oatgrass,Arrhenatherum elatius,CZ,SEED_PRODUCTION_AREA,ha,APPLIED_FOR_FIELD_CERTIFICATION,Ovsík vyvýšený - Tall oatgrass,2023,2025,3,108.65,19.34,-82.1997238840313,DECREASING_REPORTED_VALUE,"Descriptive source-compatible values only; no cause, forecast, national aggregation or supply/trade signal.","[""V2O00922"",""V2O01000"",""V2O01068""]"
series-ef4226afd8ca01728566,winter-vetch,Vicia villosa,PT,CERTIFIED_QUANTITY,kg,CERTIFIED_LOTS,,2021,2025,5,3100.0,4675.0,50.806451612903224,INCREASING_REPORTED_VALUE,"Descriptive source-compatible values only; no cause, forecast, national aggregation or supply/trade signal.","[""O00625"",""O00626"",""O00627"",""O00628"",""O00629""]"
series-ef89ba5d1e1bac67b241,lupins,Lupinus albus,ES,SEED_PRODUCTION_AREA,ha,DEDICATED_CERTIFIED_SEED_PRODUCTION_FIELD,,2023,2025,3,13.64,90.34,562.3167155425219,INCREASING_REPORTED_VALUE,"Descriptive source-compatible values only; no cause, forecast, national aggregation or supply/trade signal.","[""O00217"",""O00218"",""O00219""]"
series-efe32b36d66417c3ba01,ribwort-plantain,Plantago lanceolata,PT,CERTIFIED_QUANTITY,kg,CERTIFIED_LOTS,,2021,2023,3,0.0,0.0,null,UNCHANGED_REPORTED_VALUE,"Descriptive source-compatible values only; no cause, forecast, national aggregation or supply/trade signal.","[""O00491"",""O00492"",""O00493""]"
series-f19f1e7af8a572876648,lentil,Lens culinaris,ES,SEED_PRODUCTION_AREA,ha,DEDICATED_CERTIFIED_SEED_PRODUCTION_FIELD,,2023,2025,3,78.55,70.5,-10.248249522597064,DECREASING_REPORTED_VALUE,"Descriptive source-compatible values only; no cause, forecast, national aggregation or supply/trade signal.","[""O00201"",""O00202"",""O00203""]"
series-f242527533c0fe083aad,common-wheat,Triticum aestivum,PT,CERTIFIED_QUANTITY,kg,CERTIFIED_LOTS,,2021,2025,5,1710680.0,435520.0,-74.54111815184605,DECREASING_REPORTED_VALUE,"Descriptive source-compatible values only; no cause, forecast, national aggregation or supply/trade signal.","[""O00585"",""O00586"",""O00587"",""O00588"",""O00589""]"
series-f2bd230b33869fb82aa2,festulolium-group,× Festulolium,CZ,SEED_PRODUCTION_AREA,ha,APPLIED_FOR_FIELD_CERTIFICATION,Festulolium - Festulolium,2023,2025,3,728.53,558.77,-23.301717156465763,DECREASING_REPORTED_VALUE,"Descriptive source-compatible values only; no cause, forecast, national aggregation or supply/trade signal.","[""V2O00911"",""V2O00989"",""V2O01057""]"
series-f650a1e56957320aba4f,phacelia,Phacelia tanacetifolia,LV,CERTIFIED_SEED_AREA,ha,FIELD_RECOGNISED_FOR_CERTIFIED_SEED,,2021,2025,5,418.26,71.9069,-82.80808587959643,DECREASING_REPORTED_VALUE,"Descriptive source-compatible values only; no cause, forecast, national aggregation or supply/trade signal.","[""V2O00388"",""V2O00468"",""V2O00556"",""V2O00634"",""V2O00714""]"
series-f86ef8e6bce10fe64410,barley,Hordeum vulgare,LV,CERTIFIED_SEED_AREA,ha,FIELD_RECOGNISED_FOR_CERTIFIED_SEED,vasaras,2021,2025,5,962.16,634.4875,-34.055926249272474,DECREASING_REPORTED_VALUE,"Descriptive source-compatible values only; no cause, forecast, national aggregation or supply/trade signal.","[""V2O00412"",""V2O00490"",""V2O00574"",""V2O00658"",""V2O00736""]"
series-fac94b43ed942ec110aa,durum-wheat,Triticum turgidum subsp. durum,PT,CERTIFIED_SEED_AREA,ha,APPROVED_MULTIPLICATION_FIELD,,2021,2024,4,165.2,4.0,-97.57869249394673,DECREASING_REPORTED_VALUE,"Descriptive source-compatible values only; no cause, forecast, national aggregation or supply/trade signal.","[""O00590"",""O00591"",""O00592"",""O00593""]"
series-fb594c27ddb4f5423f7e,sorghum,Sorghum bicolor,CZ,SEED_PRODUCTION_AREA,ha,APPLIED_FOR_FIELD_CERTIFICATION,Čirok obecný - Sorghum,2023,2025,3,7.61,81.95,976.8725361366623,INCREASING_REPORTED_VALUE,"Descriptive source-compatible values only; no cause, forecast, national aggregation or supply/trade signal.","[""V2O00857"",""V2O00932"",""V2O01006""]"
series-fb71d05ec685d2b9721c,winter-wheat,Triticum aestivum,LV,CERTIFIED_QUANTITY,kg,CERTIFIED_LOTS_BY_HARVEST_YEAR_ORIGIN_UNSPECIFIED,ziemas,2021,2025,5,13229188.0,15001095.0,13.393921078149319,INCREASING_REPORTED_VALUE,"Descriptive source-compatible values only; no cause, forecast, national aggregation or supply/trade signal.","[""V2O00797"",""V2O00807"",""V2O00816"",""V2O00827"",""V2O00839""]"
series-fe0e4349e4f0ecde0aba,common-vetch,Vicia sativa,PT,CERTIFIED_QUANTITY,kg,CERTIFIED_LOTS,,2022,2025,4,28465.0,6650.0,-76.63797646232216,DECREASING_REPORTED_VALUE,"Descriptive source-compatible values only; no cause, forecast, national aggregation or supply/trade signal.","[""O00616"",""O00617"",""O00618"",""O00619""]"
series-fe30e293073eef2a4b95,mustard-seed,Sinapis alba,ES,SEED_PRODUCTION_AREA,ha,DEDICATED_CERTIFIED_SEED_PRODUCTION_FIELD,,2023,2025,3,440.3455,290.6091,-34.004298897116016,DECREASING_REPORTED_VALUE,"Descriptive source-compatible values only; no cause, forecast, national aggregation or supply/trade signal.","[""O00253"",""O00254"",""O00255""]"
series-fe719efdbccdcbf63c2d,festulolium-group,× Festulolium,LV,CERTIFIED_SEED_AREA,ha,FIELD_RECOGNISED_FOR_CERTIFIED_SEED,,2021,2025,5,275.66,93.17,-66.20111731843576,DECREASING_REPORTED_VALUE,"Descriptive source-compatible values only; no cause, forecast, national aggregation or supply/trade signal.","[""V2O00434"",""V2O00518"",""V2O00600"",""V2O00682"",""V2O00760""]"
series-ff3b7ced089f79fb1b5f,lupins,Lupinus albus,PT,CERTIFIED_SEED_AREA,ha,APPROVED_MULTIPLICATION_FIELD,,2021,2025,5,23.0,8.7,-62.17391304347826,DECREASING_REPORTED_VALUE,"Descriptive source-compatible values only; no cause, forecast, national aggregation or supply/trade signal.","[""O00426"",""O00427"",""O00428"",""O00429"",""O00430""]"
SCV1-series-01,tall-fescue,Festuca arundinacea,DE,SEED_PRODUCTION_AREA,ha,APPLIED_FOR_FIELD_CERTIFICATION,REGIONAL: Brandenburg (DE-BB); not Germany total,2022,2025,4,28.0,50.0,78.57142857142858,INCREASING_REPORTED_VALUE,"Descriptive source-compatible values only; no cause, forecast, national aggregation or supply/trade signal.","[""SCV1-01-2022"",""SCV1-01-2023"",""SCV1-01-2024"",""SCV1-01-2025""]"
SCV1-series-02,narrow-leaved-lupin,Lupinus angustifolius,DE,SEED_PRODUCTION_AREA,ha,APPLIED_FOR_FIELD_CERTIFICATION,REGIONAL: Brandenburg (DE-BB); not Germany total,2021,2025,5,269.0,318.0,18.215613382899633,INCREASING_REPORTED_VALUE,"Descriptive source-compatible values only; no cause, forecast, national aggregation or supply/trade signal.","[""SCV1-02-2021"",""SCV1-02-2022"",""SCV1-02-2023"",""SCV1-02-2024"",""SCV1-02-2025""]"
SCV1-series-03,white-lupin,Lupinus albus,DE,SEED_PRODUCTION_AREA,ha,APPLIED_FOR_FIELD_CERTIFICATION,REGIONAL: Brandenburg (DE-BB); not Germany total,2021,2025,5,294.0,9.0,-96.93877551020408,DECREASING_REPORTED_VALUE,"Descriptive source-compatible values only; no cause, forecast, national aggregation or supply/trade signal.","[""SCV1-03-2021"",""SCV1-03-2022"",""SCV1-03-2023"",""SCV1-03-2024"",""SCV1-03-2025""]"
SCV1-series-04,white-mustard,Sinapis alba,DE,SEED_PRODUCTION_AREA,ha,APPLIED_FOR_FIELD_CERTIFICATION,REGIONAL: Brandenburg (DE-BB); not Germany total,2022,2025,4,427.0,265.0,-37.93911007025761,DECREASING_REPORTED_VALUE,"Descriptive source-compatible values only; no cause, forecast, national aggregation or supply/trade signal.","[""SCV1-04-2022"",""SCV1-04-2023"",""SCV1-04-2024"",""SCV1-04-2025""]"
SCV1-series-05,carrot,Daucus carota,FR,SEED_PRODUCTION_AREA,ha,PRESENTED_MULTIPLICATION_AREA,"NATIONAL: France; vegetable seed; presented area, not approved/certified area",2021,2025,5,1491,1327,-10.999329309188466,DECREASING_REPORTED_VALUE,"Descriptive source-compatible values only; no cause, forecast, national aggregation or supply/trade signal.","[""SCV1-05-2021"",""SCV1-05-2022"",""SCV1-05-2023"",""SCV1-05-2024"",""SCV1-05-2025""]"
SCV1-series-06,parsley,Petroselinum crispum,FR,SEED_PRODUCTION_AREA,ha,PRESENTED_MULTIPLICATION_AREA,"NATIONAL: France; vegetable seed; presented area, not approved/certified area",2021,2025,5,567,673,18.69488536155204,INCREASING_REPORTED_VALUE,"Descriptive source-compatible values only; no cause, forecast, national aggregation or supply/trade signal.","[""SCV1-06-2021"",""SCV1-06-2022"",""SCV1-06-2023"",""SCV1-06-2024"",""SCV1-06-2025""]"
SCV1-series-07,spinach,Spinacia oleracea,FR,SEED_PRODUCTION_AREA,ha,PRESENTED_MULTIPLICATION_AREA,"NATIONAL: France; vegetable seed; presented area, not approved/certified area",2021,2025,5,335,272,-18.80597014925374,DECREASING_REPORTED_VALUE,"Descriptive source-compatible values only; no cause, forecast, national aggregation or supply/trade signal.","[""SCV1-07-2021"",""SCV1-07-2022"",""SCV1-07-2023"",""SCV1-07-2024"",""SCV1-07-2025""]"
SCV1-series-08,cultivated-radish,Raphanus raphanistrum subsp. sativus,FR,SEED_PRODUCTION_AREA,ha,PRESENTED_MULTIPLICATION_AREA,"NATIONAL: France; vegetable seed; presented area, not approved/certified area",2021,2025,5,124,97,-21.7741935483871,DECREASING_REPORTED_VALUE,"Descriptive source-compatible values only; no cause, forecast, national aggregation or supply/trade signal.","[""SCV1-08-2021"",""SCV1-08-2022"",""SCV1-08-2023"",""SCV1-08-2024"",""SCV1-08-2025""]"
