id,entity,country,metric,unit,definition,season,category,crop_use,species_scope,source_botanical,organisation,history_length,observations
SCV1-series-01,tall-fescue,DE,SEED_PRODUCTION_AREA,ha,APPLIED_FOR_FIELD_CERTIFICATION,ALL_REPORTED,ALL_REPORTED,NOT_SPECIFIED,REGIONAL: Brandenburg (DE-BB); not Germany total,Festuca arundinacea,LELF Brandenburg,4,"[""SCV1-01-2022"",""SCV1-01-2023"",""SCV1-01-2024"",""SCV1-01-2025""]"
SCV1-series-02,narrow-leaved-lupin,DE,SEED_PRODUCTION_AREA,ha,APPLIED_FOR_FIELD_CERTIFICATION,ALL_REPORTED,ALL_REPORTED,NOT_SPECIFIED,REGIONAL: Brandenburg (DE-BB); not Germany total,Lupinus angustifolius,LELF Brandenburg,5,"[""SCV1-02-2021"",""SCV1-02-2022"",""SCV1-02-2023"",""SCV1-02-2024"",""SCV1-02-2025""]"
SCV1-series-03,white-lupin,DE,SEED_PRODUCTION_AREA,ha,APPLIED_FOR_FIELD_CERTIFICATION,ALL_REPORTED,ALL_REPORTED,NOT_SPECIFIED,REGIONAL: Brandenburg (DE-BB); not Germany total,Lupinus albus,LELF Brandenburg,5,"[""SCV1-03-2021"",""SCV1-03-2022"",""SCV1-03-2023"",""SCV1-03-2024"",""SCV1-03-2025""]"
SCV1-series-04,white-mustard,DE,SEED_PRODUCTION_AREA,ha,APPLIED_FOR_FIELD_CERTIFICATION,ALL_REPORTED,ALL_REPORTED,NOT_SPECIFIED,REGIONAL: Brandenburg (DE-BB); not Germany total,Sinapis alba,LELF Brandenburg,4,"[""SCV1-04-2022"",""SCV1-04-2023"",""SCV1-04-2024"",""SCV1-04-2025""]"
SCV1-series-05,carrot,FR,SEED_PRODUCTION_AREA,ha,PRESENTED_MULTIPLICATION_AREA,ALL_REPORTED,STANDARD_SEED,VEGETABLE_SEED,"NATIONAL: France; vegetable seed; presented area, not approved/certified area",Daucus carota,SEMAE / SOCFrance,5,"[""SCV1-05-2021"",""SCV1-05-2022"",""SCV1-05-2023"",""SCV1-05-2024"",""SCV1-05-2025""]"
SCV1-series-06,parsley,FR,SEED_PRODUCTION_AREA,ha,PRESENTED_MULTIPLICATION_AREA,ALL_REPORTED,STANDARD_SEED,VEGETABLE_SEED,"NATIONAL: France; vegetable seed; presented area, not approved/certified area",Petroselinum crispum,SEMAE / SOCFrance,5,"[""SCV1-06-2021"",""SCV1-06-2022"",""SCV1-06-2023"",""SCV1-06-2024"",""SCV1-06-2025""]"
SCV1-series-07,spinach,FR,SEED_PRODUCTION_AREA,ha,PRESENTED_MULTIPLICATION_AREA,ALL_REPORTED,STANDARD_SEED,VEGETABLE_SEED,"NATIONAL: France; vegetable seed; presented area, not approved/certified area",Spinacia oleracea,SEMAE / SOCFrance,5,"[""SCV1-07-2021"",""SCV1-07-2022"",""SCV1-07-2023"",""SCV1-07-2024"",""SCV1-07-2025""]"
SCV1-series-08,cultivated-radish,FR,SEED_PRODUCTION_AREA,ha,PRESENTED_MULTIPLICATION_AREA,ALL_REPORTED,STANDARD_SEED,VEGETABLE_SEED,"NATIONAL: France; vegetable seed; presented area, not approved/certified area",Raphanus raphanistrum subsp. sativus,SEMAE / SOCFrance,5,"[""SCV1-08-2021"",""SCV1-08-2022"",""SCV1-08-2023"",""SCV1-08-2024"",""SCV1-08-2025""]"
SCV1-series-09,narrow-leaved-lupin,PL,SEED_PRODUCTION_AREA,ha,FIELD_INSPECTED,ALL_REPORTED,ALL_REPORTED,NOT_SPECIFIED,REGIONAL: Mazowieckie (PL-14); not Poland total; Objęto oceną,Lupinus angustifolius,WIORiN Warszawa,1,"[""SCV1-09-2025""]"
SCV1-series-10,narrow-leaved-lupin,PL,CERTIFIED_SEED_AREA,ha,APPROVED_FIELD,ALL_REPORTED,ALL_REPORTED,NOT_SPECIFIED,REGIONAL: Mazowieckie (PL-14); not Poland total; Zakwalifikowano,Lupinus angustifolius,WIORiN Warszawa,1,"[""SCV1-10-2025""]"
SCV1-series-11,white-lupin,PL,SEED_PRODUCTION_AREA,ha,FIELD_INSPECTED,ALL_REPORTED,ALL_REPORTED,NOT_SPECIFIED,REGIONAL: Mazowieckie (PL-14); not Poland total; Objęto oceną,Lupinus albus,WIORiN Warszawa,1,"[""SCV1-11-2025""]"
SCV1-series-12,white-lupin,PL,CERTIFIED_SEED_AREA,ha,APPROVED_FIELD,ALL_REPORTED,ALL_REPORTED,NOT_SPECIFIED,REGIONAL: Mazowieckie (PL-14); not Poland total; Zakwalifikowano,Lupinus albus,WIORiN Warszawa,1,"[""SCV1-12-2025""]"
SCV1-series-13,tall-fescue,PL,SEED_PRODUCTION_AREA,ha,FIELD_INSPECTED,ALL_REPORTED,ALL_REPORTED,NOT_SPECIFIED,REGIONAL: Mazowieckie (PL-14); not Poland total; Objęto oceną,Festuca arundinacea,WIORiN Warszawa,1,"[""SCV1-13-2025""]"
SCV1-series-14,tall-fescue,PL,CERTIFIED_SEED_AREA,ha,APPROVED_FIELD,ALL_REPORTED,ALL_REPORTED,NOT_SPECIFIED,REGIONAL: Mazowieckie (PL-14); not Poland total; Zakwalifikowano,Festuca arundinacea,WIORiN Warszawa,1,"[""SCV1-14-2025""]"
SCV1-series-15,white-mustard,PL,SEED_PRODUCTION_AREA,ha,FIELD_INSPECTED,ALL_REPORTED,ALL_REPORTED,NOT_SPECIFIED,REGIONAL: Mazowieckie (PL-14); not Poland total; Objęto oceną,Sinapis alba,WIORiN Warszawa,1,"[""SCV1-15-2025""]"
SCV1-series-16,white-mustard,PL,CERTIFIED_SEED_AREA,ha,APPROVED_FIELD,ALL_REPORTED,ALL_REPORTED,NOT_SPECIFIED,REGIONAL: Mazowieckie (PL-14); not Poland total; Zakwalifikowano,Sinapis alba,WIORiN Warszawa,1,"[""SCV1-16-2025""]"
