observation_id,canonical_entity,botanical_name,country,year,metric,value,unit,original_source_label,original_row,source_table,source_url,source_organisation,retrieval_date,mapping_status,definition,geographic_scope,public_safe,comparable_eligible
SCV1-01-2022,tall-fescue,Festuca arundinacea,DE,2022,SEED_PRODUCTION_AREA,28.0,ha,Rohrschwingel,"[""Rohrschwingel"",""28"",""24"",""39"",""50"",""+ 28,2""]",V.25.3,https://lelf.brandenburg.de/lelf/de/landwirtschaft/acker-und-pflanzenbau/saatenanerkennung/,LELF Brandenburg,2026-10-03,MAPPED_TO_EXISTING_CANONICAL,APPLIED_FOR_FIELD_CERTIFICATION,REGIONAL: Brandenburg (DE-BB); not Germany total,true,true
SCV1-01-2023,tall-fescue,Festuca arundinacea,DE,2023,SEED_PRODUCTION_AREA,24.0,ha,Rohrschwingel,"[""Rohrschwingel"",""28"",""24"",""39"",""50"",""+ 28,2""]",V.25.3,https://lelf.brandenburg.de/lelf/de/landwirtschaft/acker-und-pflanzenbau/saatenanerkennung/,LELF Brandenburg,2026-10-03,MAPPED_TO_EXISTING_CANONICAL,APPLIED_FOR_FIELD_CERTIFICATION,REGIONAL: Brandenburg (DE-BB); not Germany total,true,true
SCV1-01-2024,tall-fescue,Festuca arundinacea,DE,2024,SEED_PRODUCTION_AREA,39.0,ha,Rohrschwingel,"[""Rohrschwingel"",""28"",""24"",""39"",""50"",""+ 28,2""]",V.25.3,https://lelf.brandenburg.de/lelf/de/landwirtschaft/acker-und-pflanzenbau/saatenanerkennung/,LELF Brandenburg,2026-10-03,MAPPED_TO_EXISTING_CANONICAL,APPLIED_FOR_FIELD_CERTIFICATION,REGIONAL: Brandenburg (DE-BB); not Germany total,true,true
SCV1-01-2025,tall-fescue,Festuca arundinacea,DE,2025,SEED_PRODUCTION_AREA,50.0,ha,Rohrschwingel,"[""Rohrschwingel"",""28"",""24"",""39"",""50"",""+ 28,2""]",V.25.3,https://lelf.brandenburg.de/lelf/de/landwirtschaft/acker-und-pflanzenbau/saatenanerkennung/,LELF Brandenburg,2026-10-03,MAPPED_TO_EXISTING_CANONICAL,APPLIED_FOR_FIELD_CERTIFICATION,REGIONAL: Brandenburg (DE-BB); not Germany total,true,true
SCV1-02-2021,narrow-leaved-lupin,Lupinus angustifolius,DE,2021,SEED_PRODUCTION_AREA,269.0,ha,Blaue Lupine,"[""Blaue Lupine"",""269"",""231"",""247"",""369"",""318"",""- 13,8""]",V.25.4,https://lelf.brandenburg.de/lelf/de/landwirtschaft/acker-und-pflanzenbau/saatenanerkennung/,LELF Brandenburg,2026-10-03,MAPPED_TO_EXISTING_CANONICAL,APPLIED_FOR_FIELD_CERTIFICATION,REGIONAL: Brandenburg (DE-BB); not Germany total,true,true
SCV1-02-2022,narrow-leaved-lupin,Lupinus angustifolius,DE,2022,SEED_PRODUCTION_AREA,231.0,ha,Blaue Lupine,"[""Blaue Lupine"",""269"",""231"",""247"",""369"",""318"",""- 13,8""]",V.25.4,https://lelf.brandenburg.de/lelf/de/landwirtschaft/acker-und-pflanzenbau/saatenanerkennung/,LELF Brandenburg,2026-10-03,MAPPED_TO_EXISTING_CANONICAL,APPLIED_FOR_FIELD_CERTIFICATION,REGIONAL: Brandenburg (DE-BB); not Germany total,true,true
SCV1-02-2023,narrow-leaved-lupin,Lupinus angustifolius,DE,2023,SEED_PRODUCTION_AREA,247.0,ha,Blaue Lupine,"[""Blaue Lupine"",""269"",""231"",""247"",""369"",""318"",""- 13,8""]",V.25.4,https://lelf.brandenburg.de/lelf/de/landwirtschaft/acker-und-pflanzenbau/saatenanerkennung/,LELF Brandenburg,2026-10-03,MAPPED_TO_EXISTING_CANONICAL,APPLIED_FOR_FIELD_CERTIFICATION,REGIONAL: Brandenburg (DE-BB); not Germany total,true,true
SCV1-02-2024,narrow-leaved-lupin,Lupinus angustifolius,DE,2024,SEED_PRODUCTION_AREA,369.0,ha,Blaue Lupine,"[""Blaue Lupine"",""269"",""231"",""247"",""369"",""318"",""- 13,8""]",V.25.4,https://lelf.brandenburg.de/lelf/de/landwirtschaft/acker-und-pflanzenbau/saatenanerkennung/,LELF Brandenburg,2026-10-03,MAPPED_TO_EXISTING_CANONICAL,APPLIED_FOR_FIELD_CERTIFICATION,REGIONAL: Brandenburg (DE-BB); not Germany total,true,true
SCV1-02-2025,narrow-leaved-lupin,Lupinus angustifolius,DE,2025,SEED_PRODUCTION_AREA,318.0,ha,Blaue Lupine,"[""Blaue Lupine"",""269"",""231"",""247"",""369"",""318"",""- 13,8""]",V.25.4,https://lelf.brandenburg.de/lelf/de/landwirtschaft/acker-und-pflanzenbau/saatenanerkennung/,LELF Brandenburg,2026-10-03,MAPPED_TO_EXISTING_CANONICAL,APPLIED_FOR_FIELD_CERTIFICATION,REGIONAL: Brandenburg (DE-BB); not Germany total,true,true
SCV1-03-2021,white-lupin,Lupinus albus,DE,2021,SEED_PRODUCTION_AREA,294.0,ha,Weiße Lupine,"[""Weiße Lupine"",""294"",""235"",""128"",""45"",""9"",""- 80,0""]",V.25.4,https://lelf.brandenburg.de/lelf/de/landwirtschaft/acker-und-pflanzenbau/saatenanerkennung/,LELF Brandenburg,2026-10-03,MAPPED_TO_EXISTING_CANONICAL,APPLIED_FOR_FIELD_CERTIFICATION,REGIONAL: Brandenburg (DE-BB); not Germany total,true,true
SCV1-03-2022,white-lupin,Lupinus albus,DE,2022,SEED_PRODUCTION_AREA,235.0,ha,Weiße Lupine,"[""Weiße Lupine"",""294"",""235"",""128"",""45"",""9"",""- 80,0""]",V.25.4,https://lelf.brandenburg.de/lelf/de/landwirtschaft/acker-und-pflanzenbau/saatenanerkennung/,LELF Brandenburg,2026-10-03,MAPPED_TO_EXISTING_CANONICAL,APPLIED_FOR_FIELD_CERTIFICATION,REGIONAL: Brandenburg (DE-BB); not Germany total,true,true
SCV1-03-2023,white-lupin,Lupinus albus,DE,2023,SEED_PRODUCTION_AREA,128.0,ha,Weiße Lupine,"[""Weiße Lupine"",""294"",""235"",""128"",""45"",""9"",""- 80,0""]",V.25.4,https://lelf.brandenburg.de/lelf/de/landwirtschaft/acker-und-pflanzenbau/saatenanerkennung/,LELF Brandenburg,2026-10-03,MAPPED_TO_EXISTING_CANONICAL,APPLIED_FOR_FIELD_CERTIFICATION,REGIONAL: Brandenburg (DE-BB); not Germany total,true,true
SCV1-03-2024,white-lupin,Lupinus albus,DE,2024,SEED_PRODUCTION_AREA,45.0,ha,Weiße Lupine,"[""Weiße Lupine"",""294"",""235"",""128"",""45"",""9"",""- 80,0""]",V.25.4,https://lelf.brandenburg.de/lelf/de/landwirtschaft/acker-und-pflanzenbau/saatenanerkennung/,LELF Brandenburg,2026-10-03,MAPPED_TO_EXISTING_CANONICAL,APPLIED_FOR_FIELD_CERTIFICATION,REGIONAL: Brandenburg (DE-BB); not Germany total,true,true
SCV1-03-2025,white-lupin,Lupinus albus,DE,2025,SEED_PRODUCTION_AREA,9.0,ha,Weiße Lupine,"[""Weiße Lupine"",""294"",""235"",""128"",""45"",""9"",""- 80,0""]",V.25.4,https://lelf.brandenburg.de/lelf/de/landwirtschaft/acker-und-pflanzenbau/saatenanerkennung/,LELF Brandenburg,2026-10-03,MAPPED_TO_EXISTING_CANONICAL,APPLIED_FOR_FIELD_CERTIFICATION,REGIONAL: Brandenburg (DE-BB); not Germany total,true,true
SCV1-04-2022,white-mustard,Sinapis alba,DE,2022,SEED_PRODUCTION_AREA,427.0,ha,Weißer Senf,"[""Weißer Senf"",""427"",""441"",""355"",""265"",""- 25,4""]",V.25.5,https://lelf.brandenburg.de/lelf/de/landwirtschaft/acker-und-pflanzenbau/saatenanerkennung/,LELF Brandenburg,2026-10-03,MAPPED_TO_EXISTING_CANONICAL,APPLIED_FOR_FIELD_CERTIFICATION,REGIONAL: Brandenburg (DE-BB); not Germany total,true,true
SCV1-04-2023,white-mustard,Sinapis alba,DE,2023,SEED_PRODUCTION_AREA,441.0,ha,Weißer Senf,"[""Weißer Senf"",""427"",""441"",""355"",""265"",""- 25,4""]",V.25.5,https://lelf.brandenburg.de/lelf/de/landwirtschaft/acker-und-pflanzenbau/saatenanerkennung/,LELF Brandenburg,2026-10-03,MAPPED_TO_EXISTING_CANONICAL,APPLIED_FOR_FIELD_CERTIFICATION,REGIONAL: Brandenburg (DE-BB); not Germany total,true,true
SCV1-04-2024,white-mustard,Sinapis alba,DE,2024,SEED_PRODUCTION_AREA,355.0,ha,Weißer Senf,"[""Weißer Senf"",""427"",""441"",""355"",""265"",""- 25,4""]",V.25.5,https://lelf.brandenburg.de/lelf/de/landwirtschaft/acker-und-pflanzenbau/saatenanerkennung/,LELF Brandenburg,2026-10-03,MAPPED_TO_EXISTING_CANONICAL,APPLIED_FOR_FIELD_CERTIFICATION,REGIONAL: Brandenburg (DE-BB); not Germany total,true,true
SCV1-04-2025,white-mustard,Sinapis alba,DE,2025,SEED_PRODUCTION_AREA,265.0,ha,Weißer Senf,"[""Weißer Senf"",""427"",""441"",""355"",""265"",""- 25,4""]",V.25.5,https://lelf.brandenburg.de/lelf/de/landwirtschaft/acker-und-pflanzenbau/saatenanerkennung/,LELF Brandenburg,2026-10-03,MAPPED_TO_EXISTING_CANONICAL,APPLIED_FOR_FIELD_CERTIFICATION,REGIONAL: Brandenburg (DE-BB); not Germany total,true,true
SCV1-05-2021,carrot,Daucus carota,FR,2021,SEED_PRODUCTION_AREA,1491,ha,Carotte,Carotte 1 491 1 581 1 549 1 877 1 327 ,9-01; PDF page 75,https://assets.agencezebra.net/SEMAE/integrale-24-25/SEMAE_INTEGRALE_24-25.pdf#page=75,SEMAE / SOCFrance,2026-10-03,MAPPED_TO_EXISTING_CANONICAL,PRESENTED_MULTIPLICATION_AREA,"NATIONAL: France; vegetable seed; presented area, not approved/certified area",true,true
SCV1-05-2022,carrot,Daucus carota,FR,2022,SEED_PRODUCTION_AREA,1581,ha,Carotte,Carotte 1 491 1 581 1 549 1 877 1 327 ,9-01; PDF page 75,https://assets.agencezebra.net/SEMAE/integrale-24-25/SEMAE_INTEGRALE_24-25.pdf#page=75,SEMAE / SOCFrance,2026-10-03,MAPPED_TO_EXISTING_CANONICAL,PRESENTED_MULTIPLICATION_AREA,"NATIONAL: France; vegetable seed; presented area, not approved/certified area",true,true
SCV1-05-2023,carrot,Daucus carota,FR,2023,SEED_PRODUCTION_AREA,1549,ha,Carotte,Carotte 1 491 1 581 1 549 1 877 1 327 ,9-01; PDF page 75,https://assets.agencezebra.net/SEMAE/integrale-24-25/SEMAE_INTEGRALE_24-25.pdf#page=75,SEMAE / SOCFrance,2026-10-03,MAPPED_TO_EXISTING_CANONICAL,PRESENTED_MULTIPLICATION_AREA,"NATIONAL: France; vegetable seed; presented area, not approved/certified area",true,true
SCV1-05-2024,carrot,Daucus carota,FR,2024,SEED_PRODUCTION_AREA,1877,ha,Carotte,Carotte 1 491 1 581 1 549 1 877 1 327 ,9-01; PDF page 75,https://assets.agencezebra.net/SEMAE/integrale-24-25/SEMAE_INTEGRALE_24-25.pdf#page=75,SEMAE / SOCFrance,2026-10-03,MAPPED_TO_EXISTING_CANONICAL,PRESENTED_MULTIPLICATION_AREA,"NATIONAL: France; vegetable seed; presented area, not approved/certified area",true,true
SCV1-05-2025,carrot,Daucus carota,FR,2025,SEED_PRODUCTION_AREA,1327,ha,Carotte,Carotte 1 491 1 581 1 549 1 877 1 327 ,9-01; PDF page 75,https://assets.agencezebra.net/SEMAE/integrale-24-25/SEMAE_INTEGRALE_24-25.pdf#page=75,SEMAE / SOCFrance,2026-10-03,MAPPED_TO_EXISTING_CANONICAL,PRESENTED_MULTIPLICATION_AREA,"NATIONAL: France; vegetable seed; presented area, not approved/certified area",true,true
SCV1-06-2021,parsley,Petroselinum crispum,FR,2021,SEED_PRODUCTION_AREA,567,ha,Persil,Persil 567 671 408 778 673 ,9-01; PDF page 75,https://assets.agencezebra.net/SEMAE/integrale-24-25/SEMAE_INTEGRALE_24-25.pdf#page=75,SEMAE / SOCFrance,2026-10-03,MAPPED_TO_EXISTING_CANONICAL,PRESENTED_MULTIPLICATION_AREA,"NATIONAL: France; vegetable seed; presented area, not approved/certified area",true,true
SCV1-06-2022,parsley,Petroselinum crispum,FR,2022,SEED_PRODUCTION_AREA,671,ha,Persil,Persil 567 671 408 778 673 ,9-01; PDF page 75,https://assets.agencezebra.net/SEMAE/integrale-24-25/SEMAE_INTEGRALE_24-25.pdf#page=75,SEMAE / SOCFrance,2026-10-03,MAPPED_TO_EXISTING_CANONICAL,PRESENTED_MULTIPLICATION_AREA,"NATIONAL: France; vegetable seed; presented area, not approved/certified area",true,true
SCV1-06-2023,parsley,Petroselinum crispum,FR,2023,SEED_PRODUCTION_AREA,408,ha,Persil,Persil 567 671 408 778 673 ,9-01; PDF page 75,https://assets.agencezebra.net/SEMAE/integrale-24-25/SEMAE_INTEGRALE_24-25.pdf#page=75,SEMAE / SOCFrance,2026-10-03,MAPPED_TO_EXISTING_CANONICAL,PRESENTED_MULTIPLICATION_AREA,"NATIONAL: France; vegetable seed; presented area, not approved/certified area",true,true
SCV1-06-2024,parsley,Petroselinum crispum,FR,2024,SEED_PRODUCTION_AREA,778,ha,Persil,Persil 567 671 408 778 673 ,9-01; PDF page 75,https://assets.agencezebra.net/SEMAE/integrale-24-25/SEMAE_INTEGRALE_24-25.pdf#page=75,SEMAE / SOCFrance,2026-10-03,MAPPED_TO_EXISTING_CANONICAL,PRESENTED_MULTIPLICATION_AREA,"NATIONAL: France; vegetable seed; presented area, not approved/certified area",true,true
SCV1-06-2025,parsley,Petroselinum crispum,FR,2025,SEED_PRODUCTION_AREA,673,ha,Persil,Persil 567 671 408 778 673 ,9-01; PDF page 75,https://assets.agencezebra.net/SEMAE/integrale-24-25/SEMAE_INTEGRALE_24-25.pdf#page=75,SEMAE / SOCFrance,2026-10-03,MAPPED_TO_EXISTING_CANONICAL,PRESENTED_MULTIPLICATION_AREA,"NATIONAL: France; vegetable seed; presented area, not approved/certified area",true,true
SCV1-07-2021,spinach,Spinacia oleracea,FR,2021,SEED_PRODUCTION_AREA,335,ha,Épinard,Épinard 335 399 184 302 272 ,9-01; PDF page 75,https://assets.agencezebra.net/SEMAE/integrale-24-25/SEMAE_INTEGRALE_24-25.pdf#page=75,SEMAE / SOCFrance,2026-10-03,MAPPED_TO_EXISTING_CANONICAL,PRESENTED_MULTIPLICATION_AREA,"NATIONAL: France; vegetable seed; presented area, not approved/certified area",true,true
SCV1-07-2022,spinach,Spinacia oleracea,FR,2022,SEED_PRODUCTION_AREA,399,ha,Épinard,Épinard 335 399 184 302 272 ,9-01; PDF page 75,https://assets.agencezebra.net/SEMAE/integrale-24-25/SEMAE_INTEGRALE_24-25.pdf#page=75,SEMAE / SOCFrance,2026-10-03,MAPPED_TO_EXISTING_CANONICAL,PRESENTED_MULTIPLICATION_AREA,"NATIONAL: France; vegetable seed; presented area, not approved/certified area",true,true
SCV1-07-2023,spinach,Spinacia oleracea,FR,2023,SEED_PRODUCTION_AREA,184,ha,Épinard,Épinard 335 399 184 302 272 ,9-01; PDF page 75,https://assets.agencezebra.net/SEMAE/integrale-24-25/SEMAE_INTEGRALE_24-25.pdf#page=75,SEMAE / SOCFrance,2026-10-03,MAPPED_TO_EXISTING_CANONICAL,PRESENTED_MULTIPLICATION_AREA,"NATIONAL: France; vegetable seed; presented area, not approved/certified area",true,true
SCV1-07-2024,spinach,Spinacia oleracea,FR,2024,SEED_PRODUCTION_AREA,302,ha,Épinard,Épinard 335 399 184 302 272 ,9-01; PDF page 75,https://assets.agencezebra.net/SEMAE/integrale-24-25/SEMAE_INTEGRALE_24-25.pdf#page=75,SEMAE / SOCFrance,2026-10-03,MAPPED_TO_EXISTING_CANONICAL,PRESENTED_MULTIPLICATION_AREA,"NATIONAL: France; vegetable seed; presented area, not approved/certified area",true,true
SCV1-07-2025,spinach,Spinacia oleracea,FR,2025,SEED_PRODUCTION_AREA,272,ha,Épinard,Épinard 335 399 184 302 272 ,9-01; PDF page 75,https://assets.agencezebra.net/SEMAE/integrale-24-25/SEMAE_INTEGRALE_24-25.pdf#page=75,SEMAE / SOCFrance,2026-10-03,MAPPED_TO_EXISTING_CANONICAL,PRESENTED_MULTIPLICATION_AREA,"NATIONAL: France; vegetable seed; presented area, not approved/certified area",true,true
SCV1-08-2021,cultivated-radish,Raphanus raphanistrum subsp. sativus,FR,2021,SEED_PRODUCTION_AREA,124,ha,Radis,Radis 124 156 99 102 97 ,9-01; PDF page 75,https://assets.agencezebra.net/SEMAE/integrale-24-25/SEMAE_INTEGRALE_24-25.pdf#page=75,SEMAE / SOCFrance,2026-10-03,MAPPED_TO_EXISTING_CANONICAL,PRESENTED_MULTIPLICATION_AREA,"NATIONAL: France; vegetable seed; presented area, not approved/certified area",true,true
SCV1-08-2022,cultivated-radish,Raphanus raphanistrum subsp. sativus,FR,2022,SEED_PRODUCTION_AREA,156,ha,Radis,Radis 124 156 99 102 97 ,9-01; PDF page 75,https://assets.agencezebra.net/SEMAE/integrale-24-25/SEMAE_INTEGRALE_24-25.pdf#page=75,SEMAE / SOCFrance,2026-10-03,MAPPED_TO_EXISTING_CANONICAL,PRESENTED_MULTIPLICATION_AREA,"NATIONAL: France; vegetable seed; presented area, not approved/certified area",true,true
SCV1-08-2023,cultivated-radish,Raphanus raphanistrum subsp. sativus,FR,2023,SEED_PRODUCTION_AREA,99,ha,Radis,Radis 124 156 99 102 97 ,9-01; PDF page 75,https://assets.agencezebra.net/SEMAE/integrale-24-25/SEMAE_INTEGRALE_24-25.pdf#page=75,SEMAE / SOCFrance,2026-10-03,MAPPED_TO_EXISTING_CANONICAL,PRESENTED_MULTIPLICATION_AREA,"NATIONAL: France; vegetable seed; presented area, not approved/certified area",true,true
SCV1-08-2024,cultivated-radish,Raphanus raphanistrum subsp. sativus,FR,2024,SEED_PRODUCTION_AREA,102,ha,Radis,Radis 124 156 99 102 97 ,9-01; PDF page 75,https://assets.agencezebra.net/SEMAE/integrale-24-25/SEMAE_INTEGRALE_24-25.pdf#page=75,SEMAE / SOCFrance,2026-10-03,MAPPED_TO_EXISTING_CANONICAL,PRESENTED_MULTIPLICATION_AREA,"NATIONAL: France; vegetable seed; presented area, not approved/certified area",true,true
SCV1-08-2025,cultivated-radish,Raphanus raphanistrum subsp. sativus,FR,2025,SEED_PRODUCTION_AREA,97,ha,Radis,Radis 124 156 99 102 97 ,9-01; PDF page 75,https://assets.agencezebra.net/SEMAE/integrale-24-25/SEMAE_INTEGRALE_24-25.pdf#page=75,SEMAE / SOCFrance,2026-10-03,MAPPED_TO_EXISTING_CANONICAL,PRESENTED_MULTIPLICATION_AREA,"NATIONAL: France; vegetable seed; presented area, not approved/certified area",true,true
SCV1-09-2025,narrow-leaved-lupin,Lupinus angustifolius,PL,2025,SEED_PRODUCTION_AREA,82.6,ha,łubin wąskolistny,"łubin wąskolistny 11 82,6 11 82,6 0 0 ",3.2; PDF page 80,https://www.gov.pl/attachment/dcfab9c3-1d53-4c83-a3ea-d552df76587d#page=80,WIORiN Warszawa,2026-10-03,MAPPED_TO_EXISTING_CANONICAL,FIELD_INSPECTED,REGIONAL: Mazowieckie (PL-14); not Poland total; Objęto oceną,true,true
SCV1-10-2025,narrow-leaved-lupin,Lupinus angustifolius,PL,2025,CERTIFIED_SEED_AREA,82.6,ha,łubin wąskolistny,"łubin wąskolistny 11 82,6 11 82,6 0 0 ",3.2; PDF page 80,https://www.gov.pl/attachment/dcfab9c3-1d53-4c83-a3ea-d552df76587d#page=80,WIORiN Warszawa,2026-10-03,MAPPED_TO_EXISTING_CANONICAL,APPROVED_FIELD,REGIONAL: Mazowieckie (PL-14); not Poland total; Zakwalifikowano,true,true
SCV1-11-2025,white-lupin,Lupinus albus,PL,2025,SEED_PRODUCTION_AREA,14.85,ha,łubin biały,"łubin biały 5 14,85 5 14,85 0 0 ",3.2; PDF page 80,https://www.gov.pl/attachment/dcfab9c3-1d53-4c83-a3ea-d552df76587d#page=80,WIORiN Warszawa,2026-10-03,MAPPED_TO_EXISTING_CANONICAL,FIELD_INSPECTED,REGIONAL: Mazowieckie (PL-14); not Poland total; Objęto oceną,true,true
SCV1-12-2025,white-lupin,Lupinus albus,PL,2025,CERTIFIED_SEED_AREA,14.85,ha,łubin biały,"łubin biały 5 14,85 5 14,85 0 0 ",3.2; PDF page 80,https://www.gov.pl/attachment/dcfab9c3-1d53-4c83-a3ea-d552df76587d#page=80,WIORiN Warszawa,2026-10-03,MAPPED_TO_EXISTING_CANONICAL,APPROVED_FIELD,REGIONAL: Mazowieckie (PL-14); not Poland total; Zakwalifikowano,true,true
SCV1-13-2025,tall-fescue,Festuca arundinacea,PL,2025,SEED_PRODUCTION_AREA,28.36,ha,kostrzewa trzcinowa,"kostrzewa trzcinowa 15 28,36 12 26,31 3 2,05 ",3.2; PDF page 80,https://www.gov.pl/attachment/dcfab9c3-1d53-4c83-a3ea-d552df76587d#page=80,WIORiN Warszawa,2026-10-03,MAPPED_TO_EXISTING_CANONICAL,FIELD_INSPECTED,REGIONAL: Mazowieckie (PL-14); not Poland total; Objęto oceną,true,true
SCV1-14-2025,tall-fescue,Festuca arundinacea,PL,2025,CERTIFIED_SEED_AREA,26.31,ha,kostrzewa trzcinowa,"kostrzewa trzcinowa 15 28,36 12 26,31 3 2,05 ",3.2; PDF page 80,https://www.gov.pl/attachment/dcfab9c3-1d53-4c83-a3ea-d552df76587d#page=80,WIORiN Warszawa,2026-10-03,MAPPED_TO_EXISTING_CANONICAL,APPROVED_FIELD,REGIONAL: Mazowieckie (PL-14); not Poland total; Zakwalifikowano,true,true
SCV1-15-2025,white-mustard,Sinapis alba,PL,2025,SEED_PRODUCTION_AREA,134.47,ha,gorczyca biała,"gorczyca biała 31 134,47 28 121,92 3 12,55 ",3.2; PDF page 80,https://www.gov.pl/attachment/dcfab9c3-1d53-4c83-a3ea-d552df76587d#page=80,WIORiN Warszawa,2026-10-03,MAPPED_TO_EXISTING_CANONICAL,FIELD_INSPECTED,REGIONAL: Mazowieckie (PL-14); not Poland total; Objęto oceną,true,true
SCV1-16-2025,white-mustard,Sinapis alba,PL,2025,CERTIFIED_SEED_AREA,121.92,ha,gorczyca biała,"gorczyca biała 31 134,47 28 121,92 3 12,55 ",3.2; PDF page 80,https://www.gov.pl/attachment/dcfab9c3-1d53-4c83-a3ea-d552df76587d#page=80,WIORiN Warszawa,2026-10-03,MAPPED_TO_EXISTING_CANONICAL,APPROVED_FIELD,REGIONAL: Mazowieckie (PL-14); not Poland total; Zakwalifikowano,true,true
